{
  "summary": {
    "coupled": {
      "kappa_mean": 0.7903119190249948,
      "joint_miss": {
        "mean": 0.40533333333333327,
        "lo": 0.37346126990833906,
        "hi": 0.4372053967583275,
        "n": 5,
        "sd": 0.02566883107757128,
        "half_width": 0.031872063424994185
      },
      "decoupled_miss": {
        "mean": 0.42266666666666663,
        "lo": 0.3828171827431775,
        "hi": 0.4625161505901558,
        "n": 5,
        "sd": 0.03209361307176243,
        "half_width": 0.039849483923489123
      },
      "joint_acc": {
        "mean": 0.8906666666666666,
        "lo": 0.8872038312210547,
        "hi": 0.8941295021122785,
        "n": 5,
        "sd": 0.0027888667551135564,
        "half_width": 0.003462835445611856
      },
      "decoupled_acc": {
        "mean": 0.8933333333333333,
        "lo": 0.8904067032230497,
        "hi": 0.8962599634436169,
        "n": 5,
        "sd": 0.0023570226039551345,
        "half_width": 0.0029266301102835795
      },
      "miss_reduction_decoupled_minus_joint": {
        "mean": 0.017333333333333333,
        "lo": 0.004779488744343741,
        "hi": 0.029887177922322924,
        "n": 5,
        "sd": 0.010110500592068736,
        "half_width": 0.012553844588989591,
        "significant": true
      }
    },
    "uncoupled": {
      "kappa_mean": 0.09089031191902498,
      "joint_miss": {
        "mean": 0.384,
        "lo": 0.349445928835271,
        "hi": 0.41855407116472904,
        "n": 5,
        "sd": 0.02782884195298906,
        "half_width": 0.03455407116472904
      },
      "decoupled_miss": {
        "mean": 0.384,
        "lo": 0.349445928835271,
        "hi": 0.41855407116472904,
        "n": 5,
        "sd": 0.02782884195298906,
        "half_width": 0.03455407116472904
      },
      "joint_acc": {
        "mean": 0.8426666666666668,
        "lo": 0.8291280365523694,
        "hi": 0.8562052967809641,
        "n": 5,
        "sd": 0.01090361815586407,
        "half_width": 0.013538630114297335
      },
      "decoupled_acc": {
        "mean": 0.8426666666666668,
        "lo": 0.8291280365523694,
        "hi": 0.8562052967809641,
        "n": 5,
        "sd": 0.01090361815586407,
        "half_width": 0.013538630114297335
      },
      "miss_reduction_decoupled_minus_joint": {
        "mean": 0.0,
        "lo": 0.0,
        "hi": 0.0,
        "n": 5,
        "sd": 0.0,
        "half_width": 0.0,
        "significant": false
      }
    },
    "verdict": "POSITIVE: joint reduces deadline-miss vs decoupled in the coupled regime by 1.7pp (95% CI excludes 0), and the benefit is smaller/absent in the uncoupled regime (0.0pp). The coupling drives the benefit."
  },
  "raw": {
    "coupled": {
      "joint": {
        "miss": [
          0.38666666666666666,
          0.4266666666666667,
          0.4,
          0.43666666666666665,
          0.37666666666666665
        ],
        "acc": [
          0.89,
          0.8866666666666667,
          0.8933333333333333,
          0.89,
          0.8933333333333333
        ]
      },
      "decoupled": {
        "miss": [
          0.4066666666666667,
          0.44666666666666666,
          0.4266666666666667,
          0.45666666666666667,
          0.37666666666666665
        ],
        "acc": [
          0.8933333333333333,
          0.89,
          0.8966666666666666,
          0.8933333333333333,
          0.8933333333333333
        ]
      },
      "kappa": [
        0.7903119190249948,
        0.7903119190249948,
        0.7903119190249948,
        0.7903119190249948,
        0.7903119190249948
      ]
    },
    "uncoupled": {
      "joint": {
        "miss": [
          0.37333333333333335,
          0.36333333333333334,
          0.3566666666666667,
          0.42,
          0.4066666666666667
        ],
        "acc": [
          0.8333333333333334,
          0.86,
          0.8366666666666667,
          0.8366666666666667,
          0.8466666666666667
        ]
      },
      "decoupled": {
        "miss": [
          0.37333333333333335,
          0.36333333333333334,
          0.3566666666666667,
          0.42,
          0.4066666666666667
        ],
        "acc": [
          0.8333333333333334,
          0.86,
          0.8366666666666667,
          0.8366666666666667,
          0.8466666666666667
        ]
      },
      "kappa": [
        0.09089031191902498,
        0.09089031191902498,
        0.09089031191902498,
        0.09089031191902498,
        0.09089031191902498
      ]
    }
  },
  "seeds": [
    0,
    1,
    2,
    3,
    4
  ]
}