{
  "rq_a1": {
    "verdict": "NOT SUPPORTED: belief switch rate 0.086 vs memoryless 0.060 (diff -0.026, 95% CI [-0.063,0.010]); matched=False. Diagnosis: detector under-confident or dataset rate-of-change too low. The belief-state design is unsupported on this data (reported honestly).",
    "go": false,
    "belief": {
      "mean": 0.08561872909698996,
      "lo": 0.054321414992108366,
      "hi": 0.11691604320187156,
      "n": 5,
      "sd": 0.02520594472430337,
      "half_width": 0.031297314104881596
    },
    "memoryless": {
      "mean": 0.059531772575250844,
      "lo": 0.040411202735872766,
      "hi": 0.07865234241462893,
      "n": 5,
      "sd": 0.015399149743439918,
      "half_width": 0.019120569839378078
    },
    "paired_diff": {
      "mean": -0.026086956521739136,
      "lo": -0.06257424168360846,
      "hi": 0.010400328640130189,
      "n": 5,
      "sd": 0.029385796169215782,
      "half_width": 0.036487285161869325,
      "significant": false
    },
    "bacc_belief": 0.45099999999999996,
    "bacc_mem": 0.38,
    "raw": {
      "belief": [
        0.07357859531772576,
        0.0802675585284281,
        0.06020066889632107,
        0.12709030100334448,
        0.08695652173913043
      ],
      "memoryless": [
        0.06354515050167224,
        0.043478260869565216,
        0.07692307692307693,
        0.07023411371237458,
        0.043478260869565216
      ],
      "bacc_belief": [
        0.44,
        0.43833333333333335,
        0.4816666666666667,
        0.44666666666666666,
        0.4483333333333333
      ],
      "bacc_mem": [
        0.38,
        0.375,
        0.39166666666666666,
        0.37666666666666665,
        0.37666666666666665
      ]
    }
  },
  "rq_a2": {
    "stationary": {
      "fixed_switch": {
        "mean": 0.02925851703406813,
        "lo": 0.020356087839045148,
        "hi": 0.038160946229091115,
        "n": 5,
        "sd": 0.007169757042083493,
        "half_width": 0.008902429195022982
      },
      "model_derived_switch": {
        "mean": 0.03326653306613227,
        "lo": 0.023693834115831744,
        "hi": 0.04283923201643279,
        "n": 5,
        "sd": 0.007709572770208955,
        "half_width": 0.009572698950300522
      },
      "fixed_lag": {
        "mean": 1.4,
        "lo": 0.5905341076456483,
        "hi": 2.2094658923543515,
        "n": 5,
        "sd": 0.6519202405202649,
        "half_width": 0.8094658923543516
      },
      "model_derived_lag": {
        "mean": 1.1,
        "lo": 0.4199126193417445,
        "hi": 1.7800873806582556,
        "n": 5,
        "sd": 0.5477225575051661,
        "half_width": 0.6800873806582556
      },
      "switch_diff_fixed_minus_md": {
        "mean": -0.004008016032064128,
        "lo": -0.00898462524330166,
        "hi": 0.0009685931791734038,
        "n": 5,
        "sd": 0.004008016032064129,
        "half_width": 0.004976609211237532,
        "significant": false
      },
      "raw": {
        "fixed": {
          "switch": [
            0.022044088176352707,
            0.028056112224448898,
            0.02404809619238477,
            0.03206412825651302,
            0.04008016032064128
          ],
          "lag": [
            2.0,
            2.0,
            0.5,
            1.5,
            1.0
          ]
        },
        "model_derived": {
          "switch": [
            0.026052104208416832,
            0.036072144288577156,
            0.02404809619238477,
            0.04008016032064128,
            0.04008016032064128
          ],
          "lag": [
            2.0,
            1.0,
            0.5,
            1.0,
            1.0
          ]
        }
      }
    },
    "nonstationary": {
      "fixed_switch": {
        "mean": 0.034468937875751504,
        "lo": 0.026921536319244738,
        "hi": 0.04201633943225827,
        "n": 5,
        "sd": 0.006078457269780802,
        "half_width": 0.0075474015565067665
      },
      "model_derived_switch": {
        "mean": 0.044889779559118236,
        "lo": 0.032008146009090216,
        "hi": 0.057771413109146255,
        "n": 5,
        "sd": 0.010374492268973776,
        "half_width": 0.012881633550028018
      },
      "fixed_lag": {
        "mean": 6.6,
        "lo": 3.8796504773669773,
        "hi": 9.320349522633022,
        "n": 5,
        "sd": 2.1908902300206643,
        "half_width": 2.7203495226330223
      },
      "model_derived_lag": {
        "mean": 1.6,
        "lo": 0.9199126193417445,
        "hi": 2.2800873806582556,
        "n": 5,
        "sd": 0.5477225575051661,
        "half_width": 0.6800873806582556
      },
      "switch_diff_fixed_minus_md": {
        "mean": -0.010420841683366733,
        "lo": -0.01609504920634177,
        "hi": -0.004746634160391694,
        "n": 5,
        "sd": 0.004569841383162878,
        "half_width": 0.005674207522975039,
        "significant": true
      },
      "raw": {
        "fixed": {
          "switch": [
            0.04008016032064128,
            0.028056112224448898,
            0.036072144288577156,
            0.028056112224448898,
            0.04008016032064128
          ],
          "lag": [
            4.0,
            6.0,
            7.0,
            10.0,
            6.0
          ]
        },
        "model_derived": {
          "switch": [
            0.056112224448897796,
            0.03206412825651302,
            0.04809619238476954,
            0.036072144288577156,
            0.052104208416833664
          ],
          "lag": [
            1.0,
            2.0,
            2.0,
            1.0,
            2.0
          ]
        }
      }
    }
  }
}