{
  "track": "outputs/trackD_fog_6_0",
  "regime": "coupled",
  "train_frac": 0.7,
  "n_configs": 4,
  "mlp_train_acc": 0.6676190476190478,
  "joint_miss": {
    "mean": 0.16444444444444445,
    "lo": 0.12147621616057536,
    "hi": 0.20741267272831354,
    "n": 5,
    "sd": 0.03460535889421654,
    "half_width": 0.04296822828386909
  },
  "learned_miss": {
    "mean": 0.16666666666666669,
    "lo": 0.03397842288333444,
    "hi": 0.29935491044999896,
    "n": 5,
    "sd": 0.10686324478706304,
    "half_width": 0.13268824378333224
  },
  "joint_acc": {
    "mean": 0.9222222222222222,
    "lo": 0.8832004874184407,
    "hi": 0.9612439570260036,
    "n": 5,
    "sd": 0.031426968052735434,
    "half_width": 0.03902173480378144
  },
  "learned_acc": {
    "mean": 0.9244444444444445,
    "lo": 0.8979067956877781,
    "hi": 0.9509820932011109,
    "n": 5,
    "sd": 0.021372648957412622,
    "half_width": 0.026537648756666466
  },
  "learned_minus_joint_miss": {
    "mean": 0.002222222222222217,
    "lo": -0.15700367031777648,
    "hi": 0.1614481147622209,
    "n": 5,
    "sd": 0.12823589374447564,
    "half_width": 0.1592258925399987,
    "significant": false
  },
  "verdict": "MATCH (no significant difference): joint 0.164 vs learned 0.167 (CI [-15.70,16.14]pp). On the same features a learned function matches the belief-space policy; an honest finding.",
  "raw": {
    "joint": {
      "miss": [
        0.12222222222222222,
        0.2,
        0.14444444444444443,
        0.15555555555555556,
        0.2
      ],
      "acc": [
        0.8777777777777778,
        0.9444444444444444,
        0.9444444444444444,
        0.9,
        0.9444444444444444
      ]
    },
    "learned": {
      "miss": [
        0.3111111111111111,
        0.05555555555555555,
        0.06666666666666667,
        0.2111111111111111,
        0.18888888888888888
      ],
      "acc": [
        0.9222222222222223,
        0.9333333333333333,
        0.8888888888888888,
        0.9444444444444444,
        0.9333333333333333
      ]
    },
    "train_acc": [
      0.6666666666666666,
      0.6857142857142857,
      0.6238095238095238,
      0.6857142857142857,
      0.6761904761904762
    ]
  }
}