{
  "device": "cuda",
  "p95_nominal_ms": 20.299134999822854,
  "p95_contended_ms": 75.68891000037183,
  "p99_nominal_ms": 20.896975000268863,
  "p99_contended_ms": 75.81721199961976,
  "median_nominal_ms": 19.679349999023543,
  "median_contended_ms": 74.7528499996406,
  "p95_shift_ratio": 3.7286766160741505
}