{
  "n_frames": 2651,
  "trackA_fault_frac": 0.44436061863447757,
  "trackB": {
    "events": 3,
    "gt_fault_frac": 0.07506601282534893
  },
  "contention": {
    "device": "cuda",
    "p95_nominal_ms": 20.299134999822854,
    "p95_contended_ms": 75.68891000037183,
    "p99_nominal_ms": 20.896975000268863,
    "p99_contended_ms": 75.81721199961976,
    "median_nominal_ms": 19.679349999023543,
    "median_contended_ms": 74.7528499996406,
    "p95_shift_ratio": 3.7286766160741505
  },
  "regimes": {
    "uncoupled": {
      "pearson_r": 0.005823109313560377,
      "p_contention_given_fault": 0.40152801358234297,
      "p_contention_given_nominal": 0.3957909029192125
    },
    "coupled": {
      "pearson_r": 0.7567240320775837,
      "p_contention_given_fault": 0.8353140916808149,
      "p_contention_given_nominal": 0.08418194161575017
    }
  }
}