{
  "summary": {
    "coupled": {
      "kappa_mean": 0.7899310344827586,
      "joint_miss": {
        "mean": 0.4112,
        "lo": 0.38308362828692094,
        "hi": 0.4393163717130791,
        "n": 5,
        "sd": 0.022644106419895563,
        "half_width": 0.02811637171307905
      },
      "decoupled_miss": {
        "mean": 0.4714666666666667,
        "lo": 0.4463426082448463,
        "hi": 0.4965907250884871,
        "n": 5,
        "sd": 0.020234184496100222,
        "half_width": 0.025124058421820417
      },
      "joint_acc": {
        "mean": 0.9577422222222223,
        "lo": 0.9520660149288358,
        "hi": 0.9634184295156087,
        "n": 5,
        "sd": 0.004571451939975586,
        "half_width": 0.00567620729338644
      },
      "decoupled_acc": {
        "mean": 0.9788888888888889,
        "lo": 0.9729165234602887,
        "hi": 0.9848612543174892,
        "n": 5,
        "sd": 0.004809969071536288,
        "half_width": 0.005972365428600194
      },
      "miss_reduction_decoupled_minus_joint": {
        "mean": 0.060266666666666656,
        "lo": 0.05610302744885549,
        "hi": 0.06443030588447783,
        "n": 5,
        "sd": 0.003353273690655798,
        "half_width": 0.00416363921781117,
        "significant": true
      }
    },
    "uncoupled": {
      "kappa_mean": 0.1193103448275862,
      "joint_miss": {
        "mean": 0.22666666666666666,
        "lo": 0.21796516978317695,
        "hi": 0.23536816355015636,
        "n": 5,
        "sd": 0.007007932013876218,
        "half_width": 0.008701496883489701
      },
      "decoupled_miss": {
        "mean": 0.22679999999999997,
        "lo": 0.2181300589661736,
        "hi": 0.23546994103382635,
        "n": 5,
        "sd": 0.006982517852147291,
        "half_width": 0.008669941033826364
      },
      "joint_acc": {
        "mean": 0.8006850793650795,
        "lo": 0.7964102013300486,
        "hi": 0.8049599574001104,
        "n": 5,
        "sd": 0.003442862192360509,
        "half_width": 0.004274878035030926
      },
      "decoupled_acc": {
        "mean": 0.8006850793650795,
        "lo": 0.7964102013300486,
        "hi": 0.8049599574001104,
        "n": 5,
        "sd": 0.003442862192360509,
        "half_width": 0.004274878035030926
      },
      "miss_reduction_decoupled_minus_joint": {
        "mean": 0.0001333333333333353,
        "lo": -0.00023685934735970926,
        "hi": 0.0005035260140263799,
        "n": 5,
        "sd": 0.00029814239699997634,
        "half_width": 0.00037019268069304456,
        "significant": false
      }
    },
    "verdict": "POSITIVE: joint reduces deadline-miss vs decoupled in the coupled regime by 6.0pp (95% CI excludes 0), and the benefit is smaller/absent in the uncoupled regime (0.0pp). The coupling drives the benefit."
  },
  "raw": {
    "coupled": {
      "joint": {
        "miss": [
          0.37333333333333335,
          0.43333333333333335,
          0.4206666666666667,
          0.41133333333333333,
          0.41733333333333333
        ],
        "acc": [
          0.9524444444444443,
          0.9609777777777778,
          0.9586666666666667,
          0.9536444444444445,
          0.9629777777777778
        ]
      },
      "decoupled": {
        "miss": [
          0.43866666666666665,
          0.492,
          0.4826666666666667,
          0.4693333333333333,
          0.4746666666666667
        ],
        "acc": [
          0.9766666666666667,
          0.9851111111111112,
          0.9775555555555556,
          0.972888888888889,
          0.9822222222222223
        ]
      },
      "kappa": [
        0.7899310344827586,
        0.7899310344827586,
        0.7899310344827586,
        0.7899310344827586,
        0.7899310344827586
      ]
    },
    "uncoupled": {
      "joint": {
        "miss": [
          0.22466666666666665,
          0.23733333333333334,
          0.228,
          0.218,
          0.22533333333333333
        ],
        "acc": [
          0.7995777777777778,
          0.801536507936508,
          0.7989555555555556,
          0.7971777777777778,
          0.8061777777777777
        ]
      },
      "decoupled": {
        "miss": [
          0.22466666666666665,
          0.23733333333333334,
          0.228,
          0.218,
          0.226
        ],
        "acc": [
          0.7995777777777778,
          0.801536507936508,
          0.7989555555555556,
          0.7971777777777778,
          0.8061777777777777
        ]
      },
      "kappa": [
        0.1193103448275862,
        0.1193103448275862,
        0.1193103448275862,
        0.1193103448275862,
        0.1193103448275862
      ]
    }
  },
  "seeds": [
    0,
    1,
    2,
    3,
    4
  ]
}