{
  "device": "mps",
  "n_frames": 3303,
  "deadline_ms": 341.0509165842086,
  "ordering_sensible": true,
  "degenerate_all_meet_deadline": false,
  "cpu_fallbacks": {
    "C1": false,
    "C2": false,
    "C3": false,
    "C4": false
  },
  "frontier": [
    {
      "config": "C1",
      "model": "yolo11x",
      "imgsz": 1280,
      "half": false,
      "cpu_fallback": false,
      "acc_overall": 1.0,
      "lat_median_nom_ms": 341.0509165842086,
      "lat_p95_nom_ms": 353.9492852985859,
      "lat_median_con_ms": 666.150500648655,
      "lat_p95_con_ms": 718.3632736676371,
      "meets_deadline_nom": true,
      "meets_deadline_con": false,
      "acc_blur": NaN,
      "acc_illumination": 1.0,
      "acc_occlusion": NaN,
      "acc_nominal": 1.0
    },
    {
      "config": "C2",
      "model": "yolo11x",
      "imgsz": 640,
      "half": false,
      "cpu_fallback": false,
      "acc_overall": 0.5551229309301879,
      "lat_median_nom_ms": 92.22389606293291,
      "lat_p95_nom_ms": 101.24734736746176,
      "lat_median_con_ms": 193.47981247119606,
      "lat_p95_con_ms": 205.37834365386516,
      "meets_deadline_nom": true,
      "meets_deadline_con": true,
      "acc_blur": NaN,
      "acc_illumination": 0.457426474750929,
      "acc_occlusion": NaN,
      "acc_nominal": 0.5637148129459528
    },
    {
      "config": "C3",
      "model": "yolo11n",
      "imgsz": 1280,
      "half": false,
      "cpu_fallback": false,
      "acc_overall": 0.5693809173624099,
      "lat_median_nom_ms": 27.015104074962437,
      "lat_p95_nom_ms": 49.00720858713611,
      "lat_median_con_ms": 66.70081242918968,
      "lat_p95_con_ms": 75.25440052850172,
      "meets_deadline_nom": true,
      "meets_deadline_con": true,
      "acc_blur": NaN,
      "acc_illumination": 0.4861093008888015,
      "acc_occlusion": NaN,
      "acc_nominal": 0.5767042116965514
    },
    {
      "config": "C4",
      "model": "yolo11n",
      "imgsz": 640,
      "half": false,
      "cpu_fallback": false,
      "acc_overall": 0.4738024832974037,
      "lat_median_nom_ms": 18.539520911872387,
      "lat_p95_nom_ms": 23.910614242777225,
      "lat_median_con_ms": 32.517624902538955,
      "lat_p95_con_ms": 46.178735909052165,
      "meets_deadline_nom": true,
      "meets_deadline_con": true,
      "acc_blur": NaN,
      "acc_illumination": 0.4147081652038691,
      "acc_occlusion": NaN,
      "acc_nominal": 0.4789995132483173
    }
  ]
}