{
  "rq_a1": {
    "verdict": "NOT SUPPORTED: belief switch rate 0.028 vs memoryless 0.070 (diff 0.043, 95% CI [0.036,0.049]); matched=False. Diagnosis: detector under-confident or dataset rate-of-change too low. The belief-state design is unsupported on this data (reported honestly).",
    "go": false,
    "belief": {
      "mean": 0.027751834556370914,
      "lo": 0.025937058357149417,
      "hi": 0.02956661075559241,
      "n": 5,
      "sd": 0.0014615678652572814,
      "half_width": 0.0018147761992214962
    },
    "memoryless": {
      "mean": 0.07031354236157439,
      "lo": 0.06464690549573474,
      "hi": 0.07598017922741404,
      "n": 5,
      "sd": 0.004563744196527572,
      "half_width": 0.00566663686583965
    },
    "paired_diff": {
      "mean": 0.04256170780520347,
      "lo": 0.03587324595860081,
      "hi": 0.04925016965180613,
      "n": 5,
      "sd": 0.005386692258355267,
      "half_width": 0.0066884618466026636,
      "significant": true
    },
    "bacc_belief": 0.8331034482758619,
    "bacc_mem": 0.7567586206896552,
    "raw": {
      "belief": [
        0.02935290193462308,
        0.0266844563042028,
        0.02935290193462308,
        0.0266844563042028,
        0.0266844563042028
      ],
      "memoryless": [
        0.0713809206137425,
        0.07671781187458306,
        0.06470980653769179,
        0.0713809206137425,
        0.06737825216811208
      ],
      "bacc_belief": [
        0.8272413793103448,
        0.8372413793103448,
        0.8293103448275863,
        0.8372413793103448,
        0.8344827586206897
      ],
      "bacc_mem": [
        0.7648275862068965,
        0.7551724137931035,
        0.766551724137931,
        0.7393103448275862,
        0.7579310344827586
      ]
    }
  },
  "rq_a2": {
    "stationary": {
      "fixed_switch": {
        "mean": 0.02925851703406813,
        "lo": 0.020356087839045148,
        "hi": 0.038160946229091115,
        "n": 5,
        "sd": 0.007169757042083493,
        "half_width": 0.008902429195022982
      },
      "model_derived_switch": {
        "mean": 0.03326653306613227,
        "lo": 0.023693834115831744,
        "hi": 0.04283923201643279,
        "n": 5,
        "sd": 0.007709572770208955,
        "half_width": 0.009572698950300522
      },
      "fixed_lag": {
        "mean": 1.4,
        "lo": 0.5905341076456483,
        "hi": 2.2094658923543515,
        "n": 5,
        "sd": 0.6519202405202649,
        "half_width": 0.8094658923543516
      },
      "model_derived_lag": {
        "mean": 1.1,
        "lo": 0.4199126193417445,
        "hi": 1.7800873806582556,
        "n": 5,
        "sd": 0.5477225575051661,
        "half_width": 0.6800873806582556
      },
      "switch_diff_fixed_minus_md": {
        "mean": -0.004008016032064128,
        "lo": -0.00898462524330166,
        "hi": 0.0009685931791734038,
        "n": 5,
        "sd": 0.004008016032064129,
        "half_width": 0.004976609211237532,
        "significant": false
      },
      "raw": {
        "fixed": {
          "switch": [
            0.022044088176352707,
            0.028056112224448898,
            0.02404809619238477,
            0.03206412825651302,
            0.04008016032064128
          ],
          "lag": [
            2.0,
            2.0,
            0.5,
            1.5,
            1.0
          ]
        },
        "model_derived": {
          "switch": [
            0.026052104208416832,
            0.036072144288577156,
            0.02404809619238477,
            0.04008016032064128,
            0.04008016032064128
          ],
          "lag": [
            2.0,
            1.0,
            0.5,
            1.0,
            1.0
          ]
        }
      }
    },
    "nonstationary": {
      "fixed_switch": {
        "mean": 0.034468937875751504,
        "lo": 0.026921536319244738,
        "hi": 0.04201633943225827,
        "n": 5,
        "sd": 0.006078457269780802,
        "half_width": 0.0075474015565067665
      },
      "model_derived_switch": {
        "mean": 0.044889779559118236,
        "lo": 0.032008146009090216,
        "hi": 0.057771413109146255,
        "n": 5,
        "sd": 0.010374492268973776,
        "half_width": 0.012881633550028018
      },
      "fixed_lag": {
        "mean": 6.6,
        "lo": 3.8796504773669773,
        "hi": 9.320349522633022,
        "n": 5,
        "sd": 2.1908902300206643,
        "half_width": 2.7203495226330223
      },
      "model_derived_lag": {
        "mean": 1.6,
        "lo": 0.9199126193417445,
        "hi": 2.2800873806582556,
        "n": 5,
        "sd": 0.5477225575051661,
        "half_width": 0.6800873806582556
      },
      "switch_diff_fixed_minus_md": {
        "mean": -0.010420841683366733,
        "lo": -0.01609504920634177,
        "hi": -0.004746634160391694,
        "n": 5,
        "sd": 0.004569841383162878,
        "half_width": 0.005674207522975039,
        "significant": true
      },
      "raw": {
        "fixed": {
          "switch": [
            0.04008016032064128,
            0.028056112224448898,
            0.036072144288577156,
            0.028056112224448898,
            0.04008016032064128
          ],
          "lag": [
            4.0,
            6.0,
            7.0,
            10.0,
            6.0
          ]
        },
        "model_derived": {
          "switch": [
            0.056112224448897796,
            0.03206412825651302,
            0.04809619238476954,
            0.036072144288577156,
            0.052104208416833664
          ],
          "lag": [
            1.0,
            2.0,
            2.0,
            1.0,
            2.0
          ]
        }
      }
    }
  }
}