{
  "track": "outputs/trackC",
  "regime": "coupled",
  "train_frac": 0.7,
  "n_configs": 4,
  "mlp_train_acc": 0.4826124567474048,
  "joint_miss": {
    "mean": 0.3013118062563068,
    "lo": 0.27857516550014305,
    "hi": 0.3240484470124706,
    "n": 5,
    "sd": 0.01831142788150047,
    "half_width": 0.022736640756163756
  },
  "learned_miss": {
    "mean": 0.33925327951564077,
    "lo": 0.3095980023931772,
    "hi": 0.36890855663810435,
    "n": 5,
    "sd": 0.023883495990351625,
    "half_width": 0.029655277122463564
  },
  "joint_acc": {
    "mean": 0.8364293864318982,
    "lo": 0.8109208036861039,
    "hi": 0.8619379691776926,
    "n": 5,
    "sd": 0.020543869180950743,
    "half_width": 0.02550858274579439
  },
  "learned_acc": {
    "mean": 0.8607986593322989,
    "lo": 0.8419768853185936,
    "hi": 0.8796204333460043,
    "n": 5,
    "sd": 0.015158508292850214,
    "half_width": 0.01882177401370531
  },
  "learned_minus_joint_miss": {
    "mean": 0.037941473259334,
    "lo": 0.005538969718211509,
    "hi": 0.0703439768004565,
    "n": 5,
    "sd": 0.02609603208919412,
    "half_width": 0.03240250354112249,
    "significant": true
  },
  "verdict": "JOINT WINS: joint deadline-miss 0.301 < learned 0.339 (learned-minus-joint 3.79pp, 95% CI [0.55,7.03]). The belief-state structure helps beyond the features.",
  "raw": {
    "joint": {
      "miss": [
        0.2875882946518668,
        0.29969727547931385,
        0.3329969727547931,
        0.29061553985872857,
        0.2956609485368315
      ],
      "acc": [
        0.8116785434996079,
        0.8520528655894305,
        0.8459512740277644,
        0.855477393406713,
        0.8169868556359752
      ]
    },
    "learned": {
      "miss": [
        0.32694248234106965,
        0.343087790110999,
        0.3440968718466196,
        0.3087790110998991,
        0.37336024217961655
      ],
      "acc": [
        0.8494007036670419,
        0.8500687037908605,
        0.855070068510198,
        0.8634737541240631,
        0.8859800665693308
      ]
    },
    "train_acc": [
      0.45588235294117646,
      0.4913494809688581,
      0.4913494809688581,
      0.4865916955017301,
      0.48788927335640137
    ]
  }
}