{
  "summary": {
    "coupled": {
      "kappa_mean": 0.7971014492753623,
      "joint_miss": {
        "mean": 0.3126666666666667,
        "lo": 0.28610034405100726,
        "hi": 0.33923298928232615,
        "n": 5,
        "sd": 0.021395742047841622,
        "half_width": 0.02656632261565942
      },
      "decoupled_miss": {
        "mean": 0.3713333333333333,
        "lo": 0.32301290646705527,
        "hi": 0.4196537601996113,
        "n": 5,
        "sd": 0.03891586366052338,
        "half_width": 0.04832042686627803
      },
      "joint_acc": {
        "mean": 0.9973333333333333,
        "lo": 0.9954823699298682,
        "hi": 0.9991842967367984,
        "n": 5,
        "sd": 0.0014907119849998445,
        "half_width": 0.0018509634034651766
      },
      "decoupled_acc": {
        "mean": 0.9973333333333333,
        "lo": 0.9954823699298682,
        "hi": 0.9991842967367984,
        "n": 5,
        "sd": 0.0014907119849998445,
        "half_width": 0.0018509634034651766
      },
      "miss_reduction_decoupled_minus_joint": {
        "mean": 0.058666666666666666,
        "lo": 0.028734808492924913,
        "hi": 0.08859852484040842,
        "n": 5,
        "sd": 0.024106246309019395,
        "half_width": 0.029931858173741752,
        "significant": true
      }
    },
    "uncoupled": {
      "kappa_mean": 0.0,
      "joint_miss": {
        "mean": 0.23800000000000004,
        "lo": 0.2157884391584177,
        "hi": 0.2602115608415824,
        "n": 5,
        "sd": 0.017888543819998326,
        "half_width": 0.022211560841582358
      },
      "decoupled_miss": {
        "mean": 0.23800000000000004,
        "lo": 0.2157884391584177,
        "hi": 0.2602115608415824,
        "n": 5,
        "sd": 0.017888543819998326,
        "half_width": 0.022211560841582358
      },
      "joint_acc": {
        "mean": 0.994,
        "lo": 0.9921490365965348,
        "hi": 0.9958509634034652,
        "n": 5,
        "sd": 0.0014907119849998942,
        "half_width": 0.0018509634034652384
      },
      "decoupled_acc": {
        "mean": 0.994,
        "lo": 0.9921490365965348,
        "hi": 0.9958509634034652,
        "n": 5,
        "sd": 0.0014907119849998942,
        "half_width": 0.0018509634034652384
      },
      "miss_reduction_decoupled_minus_joint": {
        "mean": 0.0,
        "lo": 0.0,
        "hi": 0.0,
        "n": 5,
        "sd": 0.0,
        "half_width": 0.0,
        "significant": false
      }
    },
    "verdict": "POSITIVE: joint reduces deadline-miss vs decoupled in the coupled regime by 5.9pp (95% CI excludes 0), and the benefit is smaller/absent in the uncoupled regime (0.0pp). The coupling drives the benefit."
  },
  "raw": {
    "coupled": {
      "joint": {
        "miss": [
          0.3,
          0.3466666666666667,
          0.30333333333333334,
          0.29333333333333333,
          0.32
        ],
        "acc": [
          0.9966666666666667,
          1.0,
          0.9966666666666667,
          0.9966666666666667,
          0.9966666666666667
        ]
      },
      "decoupled": {
        "miss": [
          0.3466666666666667,
          0.44,
          0.3566666666666667,
          0.36333333333333334,
          0.35
        ],
        "acc": [
          0.9966666666666667,
          1.0,
          0.9966666666666667,
          0.9966666666666667,
          0.9966666666666667
        ]
      },
      "kappa": [
        0.7971014492753623,
        0.7971014492753623,
        0.7971014492753623,
        0.7971014492753623,
        0.7971014492753623
      ]
    },
    "uncoupled": {
      "joint": {
        "miss": [
          0.22,
          0.26,
          0.22333333333333333,
          0.23333333333333334,
          0.25333333333333335
        ],
        "acc": [
          0.9933333333333333,
          0.9933333333333333,
          0.9933333333333333,
          0.9933333333333333,
          0.9966666666666667
        ]
      },
      "decoupled": {
        "miss": [
          0.22,
          0.26,
          0.22333333333333333,
          0.23333333333333334,
          0.25333333333333335
        ],
        "acc": [
          0.9933333333333333,
          0.9933333333333333,
          0.9933333333333333,
          0.9933333333333333,
          0.9966666666666667
        ]
      },
      "kappa": [
        0.0,
        0.0,
        0.0,
        0.0,
        0.0
      ]
    }
  },
  "seeds": [
    0,
    1,
    2,
    3,
    4
  ]
}