frame_idx,blur,illumination,occlusion,gt_fault,gt_blur,gt_illumination,gt_occlusion
0,4.0783738982700966,7.214596212260652,0.9848484848484849,False,False,False,False
1,3.9004201147621305,7.162866841007492,0.9848484848484849,False,False,False,False
2,3.879107721232208,7.164321031949385,1.0,False,False,False,False
3,3.633208080483112,7.119385917242136,0.9852941176470589,False,False,False,False
4,3.6876463217357554,7.125573252854307,1.0,False,False,False,False
5,3.6934998091963505,7.123427586835726,1.0,False,False,False,False
6,3.6133206125848663,7.121697727688179,1.0,False,False,False,False
7,3.699867653034374,7.1230939611811035,1.0,False,False,False,False
8,3.7066946694975376,7.124724212797014,1.0,False,False,False,False
9,3.729740379664471,7.125754997239536,1.0,False,False,False,False
10,3.6992225181730816,7.1256373718974,1.0,False,False,False,False
11,3.6507525883863647,7.127564608434955,1.0,False,False,False,False
12,3.676350864828421,7.12575424188203,1.0,False,False,False,False
13,3.6496878923917304,7.1246748595162614,1.0,False,False,False,False
14,3.5871128237620975,7.128665705188517,1.0,False,False,False,False
15,3.5740879892627557,7.128400442143634,1.0,False,False,False,False
16,3.641372805313321,7.13235648558979,1.0,False,False,False,False
17,3.5630856127415345,7.127429645465972,1.0,False,False,False,False
18,3.600216791493811,7.133180289282376,1.0,False,False,False,False
19,3.628609259530491,7.13050245625049,1.0,False,False,False,False
20,3.5736130775306956,7.129975152585666,1.0,False,False,False,False
21,3.645274994986687,7.131182339927016,1.0,False,False,False,False
22,3.647934779218893,7.132589116424067,1.0,False,False,False,False
23,3.5885019330317527,7.1299253549354535,1.0,False,False,False,False
24,3.5934174674187656,7.128580729186392,1.0,False,False,False,False
25,3.631110499429414,7.130187279764323,1.0,False,False,False,False
26,3.6637339227850214,7.129208210228722,1.0,False,False,False,False
27,3.6483344613956508,7.128885409911794,1.0,False,False,False,False
28,3.609267949108635,7.130596392408013,1.0,False,False,False,False
29,3.6882518576986154,7.130848820850528,1.0,False,False,False,False
30,3.6521612796347274,7.132081103494585,1.0,False,False,False,False
31,3.6582880557699364,7.131927392852942,1.0,False,False,False,False
32,3.6140251679105138,7.131358008261064,1.0,False,False,False,False
33,3.5609799944891134,7.126435244470818,1.0,False,False,False,False
34,3.601760345846591,7.1295476909488205,1.0,False,False,False,False
35,3.657662844411909,7.129311222885832,1.0,False,False,False,False
36,3.6826002106406683,7.130096590990641,1.0,False,False,False,False
37,3.717190455393504,7.131635130318081,1.0,False,False,False,False
38,3.734022671822743,7.1302182051732,1.0,False,False,False,False
39,3.767572093153783,7.131150023300074,1.0,False,False,False,False
40,3.7366385789051355,7.1321283009432825,1.0,False,False,False,False
41,3.8179376834576444,7.133250531402723,1.0,False,False,False,False
42,3.8810709154738556,7.129480342283815,1.0,False,False,False,False
43,3.8877000666364974,7.133367688203085,1.0,False,False,False,False
44,3.956100972379147,7.136158076206564,1.0,False,False,False,False
45,3.9285435891980582,7.139335983763987,1.0,False,False,False,False
46,3.9335539658506526,7.1384758665288555,1.0,False,False,False,False
47,3.920493615287802,7.136234453163533,1.0,False,False,False,False
48,3.9273601315001394,7.142664952378347,1.0,False,False,False,False
49,4.083091778154492,7.139402950483026,1.0,False,False,False,False
50,4.207604953552781,7.145667240789347,1.0,False,False,False,False
51,4.04979951104718,7.143878124248645,1.0,False,False,False,False
52,4.119403547345445,7.134321293361246,1.0,False,False,False,False
53,4.14197834390763,7.135578647713071,1.0,False,False,False,False
54,4.282983362123495,7.1368723405693455,1.0,False,False,False,False
55,4.184230900557837,7.138923414609598,1.0,False,False,False,False
56,4.254756821640959,7.137236651854256,1.0,False,False,False,False
57,4.186589638504956,7.136364557300248,1.0,False,False,False,False
58,4.360609691910731,7.138531185204527,1.0,False,False,False,False
59,1.1229459510003033,7.10547465291871,0.47058823529411764,True,True,False,False
60,1.1281740714714283,7.10510687134799,0.295,True,True,False,False
61,1.1316370611746385,7.104895329134794,0.325,True,True,False,False
62,1.1259577628606365,7.097261553579555,0.35,True,True,False,False
63,1.1307782415840408,7.095016755022398,0.345,True,True,False,False
64,1.1435932735096486,7.0833713525340105,0.405,True,True,False,False
65,1.1625941887356916,7.105384463732163,0.39,True,True,False,False
66,1.2191457699474784,7.255542567276144,0.43,True,True,False,False
67,1.2332826737695797,7.296420830143973,0.3,True,True,False,False
68,1.1945288753172858,7.281884951550714,0.2,True,True,False,False
69,1.1520667109772444,7.214992397536124,0.175,True,True,False,False
70,1.1148920338785828,7.126328833473869,0.19,True,True,False,False
71,1.1137878337176983,7.122244373379994,0.21,True,True,False,False
72,1.1144368982886141,7.118377052021842,0.23,True,True,False,False
73,1.1093037613355228,7.114195166335142,0.235,True,True,False,False
74,1.114021339668332,7.117053739003621,0.245,True,True,False,False
75,1.1171360472515697,7.113132734461819,0.225,True,True,False,False
76,1.1213391273906181,7.113889236323002,0.21,True,True,False,False
77,1.1132693763358141,7.1126110870848755,0.22,True,True,False,False
78,1.1157904317232645,7.112478203249347,0.2,True,True,False,False
79,1.1169421223431042,7.111991817234008,0.19,True,True,False,False
80,1.1177099158494916,7.1107925719158,0.225,True,True,False,False
81,1.1240580658095474,7.107989486873139,0.215,True,True,False,False
82,1.117492242516217,7.109755621463723,0.235,True,True,False,False
83,1.1238403919750437,7.104487537160345,0.23,True,True,False,False
84,1.1213826611049391,7.106288789827843,0.23,True,True,False,False
85,1.123139876942553,7.099700671956699,0.205,True,True,False,False
86,1.1222968904392157,7.101796461589583,0.2,True,True,False,False
87,1.1175990992441978,7.100055456299067,0.23,True,True,False,False
88,1.1198193705517128,7.100260393189907,0.225,True,True,False,False
89,1.1216676149483518,7.0975183845408205,0.215,True,True,False,False
90,1.1209116956543692,7.098021899290134,0.195,True,True,False,False
91,1.1229538655233566,7.092710455190739,0.225,True,True,False,False
92,1.1175357776089159,7.095954214242663,0.195,True,True,False,False
93,1.121022511006592,7.097845221744144,0.225,True,True,False,False
94,1.1223008479670198,7.101345672300292,0.205,True,True,False,False
95,1.1199262282194973,7.103609226203994,0.2,True,True,False,False
96,1.1252097573378637,7.103235817636099,0.225,True,True,False,False
97,1.1270303000110051,7.1026670990265695,0.2,True,True,False,False
98,1.1269748922095868,7.098317106486514,0.18,True,True,False,False
99,1.1217151066603783,7.099010140964408,0.175,True,True,False,False
100,1.1211372841372325,7.097448633951691,0.2,True,True,False,False
101,1.1213787031385603,7.094324798286047,0.19,True,True,False,False
102,1.1167600661335293,7.093950903415978,0.205,True,True,False,False
103,1.1269076113861813,7.0961372885092775,0.19,True,True,False,False
104,1.118390638575272,7.096177623240758,0.225,True,True,False,False
105,1.1195146274089602,7.096024707391978,0.21,True,True,False,False
106,1.1257717479954943,7.090756518537313,0.21,True,True,False,False
107,1.1239314199701875,7.0968110991853575,0.205,True,True,False,False
108,1.1223245931651704,7.098733982245003,0.185,True,True,False,False
109,1.121628038949796,7.097390960357516,0.205,True,True,False,False
110,1.12462401809879,7.097514194065266,0.195,True,True,False,False
111,1.1295592705167172,7.099083477637279,0.195,True,True,False,False
112,1.124608187548999,7.097854189534101,0.175,True,True,False,False
113,1.12261746353655,7.101446880795724,0.195,True,True,False,False
114,1.1328085422842356,7.099317339823318,0.205,True,True,False,False
115,1.1213905774449455,7.100638012167302,0.2,True,True,False,False
116,1.1334140698515183,7.098219414481534,0.195,True,True,False,False
117,1.1317597512091677,7.0993624582664125,0.18,True,True,False,False
118,3.459690736361517,7.1302995318380225,0.17,False,False,False,False
119,3.4010770412271083,7.134834372516675,1.0,False,False,False,False
120,3.4338705202076545,7.132771277303101,1.0,False,False,False,False
121,3.49884797994774,7.129118992798335,0.96875,False,False,False,False
122,3.4432741246655794,7.131204498570554,1.0,False,False,False,False
123,3.436676677081633,7.131875733231956,1.0,False,False,False,False
124,3.3978596155751366,7.13206791333578,1.0,False,False,False,False
125,3.383671196852273,7.132994290393119,1.0,False,False,False,False
126,3.3853373622334413,7.133558398171404,1.0,False,False,False,False
127,3.4455142013430713,7.130157916150804,1.0,False,False,False,False
128,3.398967771603505,7.129975318691438,1.0,False,False,False,False
129,3.465081076533418,7.131316053547063,1.0,False,False,False,False
130,3.418376277264003,7.130459937753077,1.0,False,False,False,False
131,3.397016463854359,7.128310958238243,1.0,False,False,False,False
132,3.3958726694940604,7.130575421211139,1.0,False,False,False,False
133,3.3525992848516117,7.128135791369473,1.0,False,False,False,False
134,3.414889406686356,7.130305124382947,1.0,False,False,False,False
135,3.4041087545366544,7.125978962458462,1.0,False,False,False,False
136,3.36276666088026,7.127897829066949,1.0,False,False,False,False
137,3.351788038015421,7.127586793860912,1.0,False,False,False,False
138,3.395085239907616,7.124255198505494,1.0,False,False,False,False
139,3.400966435764313,7.12161458298296,1.0,False,False,False,False
140,3.409510975468258,7.125713076985702,1.0,False,False,False,False
141,3.438679294384496,7.124213035816301,1.0,False,False,False,False
142,3.4147946042057855,7.125883979020328,1.0,False,False,False,False
143,3.4014531349022694,7.123422181606617,1.0,False,False,False,False
144,3.395207860083424,7.127014220103609,1.0,False,False,False,False
145,3.421490773767396,7.1243328535951,1.0,False,False,False,False
146,3.36972017143586,7.119649737425647,1.0,False,False,False,False
147,3.3737017049515408,7.122751912943378,0.9852941176470589,False,False,False,False
148,3.420616394979577,7.125361556519387,1.0,False,False,False,False
149,3.3768876988786154,7.117579491806284,1.0,False,False,False,False
150,3.40993836572785,7.121776295988731,1.0,False,False,False,False
151,3.3811026409812976,7.121914272349208,1.0,False,False,False,False
152,3.3457048309311417,7.123485655226046,1.0,False,False,False,False
153,3.3519620347216037,7.120418951069834,1.0,False,False,False,False
154,3.387735660828995,7.119948687234997,1.0,False,False,False,False
155,3.3892830949251835,7.119166371569206,1.0,False,False,False,False
156,3.3215194450140153,7.117664990252486,0.9852941176470589,False,False,False,False
157,3.344521482720319,7.119525075986157,1.0,False,False,False,False
158,3.3953346270321165,7.117694639216985,1.0,False,False,False,False
159,3.3090131421410263,7.1173577810880495,1.0,False,False,False,False
160,3.3979387295415373,7.119942290797626,1.0,False,False,False,False
161,3.366098978955251,7.117955397010832,1.0,False,False,False,False
162,3.3833308925354486,7.119058545738445,1.0,False,False,False,False
163,3.3867264992272967,7.11433734026994,1.0,False,False,False,False
164,3.3673892844216926,7.11563037979454,1.0,False,False,False,False
165,3.3071056201614755,7.121000588786819,1.0,False,False,False,False
166,3.4680928390853993,7.119952967041687,1.0,False,False,False,False
167,3.368180729208544,7.119931072280821,1.0,False,False,False,False
168,3.38278847254756,7.122359812097271,1.0,False,False,False,False
169,3.3632019362157313,7.118140684885535,1.0,False,False,False,False
170,3.3984057330785538,7.1203672819307435,1.0,False,False,False,False
171,3.3847200302498206,7.120223125810953,1.0,False,False,False,False
172,3.4023159407786556,7.1221467491651715,1.0,False,False,False,False
173,3.4092142339056806,7.120575232019864,1.0,False,False,False,False
174,3.3357830256263354,7.117589159635791,1.0,False,False,False,False
175,3.3775764187674944,7.122147824927731,1.0,False,False,False,False
176,3.3696015757645106,7.123320001143114,1.0,False,False,False,False
177,3.3564580618573356,7.123009779806656,0.9857142857142858,False,False,False,False
178,3.3818348646047696,7.125294294149624,1.0,False,False,False,False
179,3.3823294039586562,7.120644867058443,1.0,False,False,False,False
180,3.383686972392238,7.120449927256189,1.0,False,False,False,False
181,3.3912067648574613,7.124924203548945,1.0,False,False,False,False
182,3.398326411478254,7.123908179167428,1.0,False,False,False,False
183,3.403246002855598,7.127534937720132,1.0,False,False,False,False
184,3.38162482808264,7.125544835508315,1.0,False,False,False,False
185,3.3736147096684737,7.126061449678863,1.0,False,False,False,False
186,3.3088072364777763,7.127964266360486,1.0,False,False,False,False
187,3.39007473230908,7.126662316542815,1.0,False,False,False,False
188,3.4046232720903653,7.127786869126503,1.0,False,False,False,False
189,3.400831889373644,7.126633297583114,1.0,False,False,False,False
190,3.41245947794208,7.1286789055065185,1.0,False,False,False,False
191,3.3803467449317854,7.126401604844756,1.0,False,False,False,False
192,3.3347224571072873,7.128716024382218,1.0,False,False,False,False
193,3.395492906967374,7.127359447981858,1.0,False,False,False,False
194,3.3511231249757953,7.127356952463517,1.0,False,False,False,False
195,3.4140900853445095,7.1276282928451336,1.0,False,False,False,False
196,3.373123860624956,7.131132255802344,1.0,False,False,False,False
197,3.3439991624175067,7.128421864642677,0.9846153846153847,False,False,False,False
198,3.361812886874207,7.129005266300589,1.0,False,False,False,False
199,3.411940829654797,7.128786485068131,1.0,False,False,False,False
200,3.4279380696817583,7.129600763380922,1.0,False,False,False,False
201,3.3516890410826075,7.130327466087392,1.0,False,False,False,False
202,3.421277126630227,7.130440015246276,1.0,False,False,False,False
203,3.355654585910911,7.1291883852826405,1.0,False,False,False,False
204,3.3833664674933037,7.131182935630418,1.0,False,False,False,False
205,3.441034078813638,7.131094452252295,1.0,False,False,False,False
206,3.3802993095453098,7.129165244352995,1.0,False,False,False,False
207,3.4268100590377135,7.130422710837648,1.0,False,False,False,False
208,3.3675397035906522,7.1310271875144675,1.0,False,False,False,False
209,3.349512311101821,7.130313479577222,1.0,False,False,False,False
210,3.3489185527709027,7.131135351817948,1.0,False,False,False,False
211,3.383778136470915,7.132273516848292,1.0,False,False,False,False
212,3.374429850345124,7.119673928645973,0.9863013698630136,False,False,False,False
213,3.3090922475238904,7.121109118469111,1.0,False,False,False,False
214,3.360799400563514,7.117245149301549,1.0,False,False,False,False
215,3.3723481153792996,7.124742052543774,1.0,False,False,False,False
216,3.3952235316811334,7.124476424945527,1.0,False,False,False,False
217,3.359042370493707,7.127476195195371,1.0,False,False,False,False
218,3.3468249975060624,7.127217859089918,1.0,False,False,False,False
219,1.1194631771666725,7.099559529326742,0.46774193548387094,True,True,False,False
220,1.118588523580338,7.095346974614122,0.21,True,True,False,False
221,1.1192573745058758,7.09293523973615,0.19,True,True,False,False
222,1.1113023995577567,7.090480065047442,0.19,True,True,False,False
223,1.1206306988375316,7.093855672763178,0.16,True,True,False,False
224,1.1236187622730556,7.081982106830008,0.18,True,True,False,False
225,1.1227401524746417,7.080032464425871,0.205,True,True,False,False
226,1.120096408806962,7.0816045235099185,0.21,True,True,False,False
227,1.1193088249987775,7.092166173157833,0.2,True,True,False,False
228,1.1205832066242767,7.093037588238856,0.205,True,True,False,False
229,1.1232744387459976,7.092090380426596,0.195,True,True,False,False
230,1.1228984611052304,7.0907880846759355,0.21,True,True,False,False
231,1.1244815386396145,7.092275200341468,0.195,True,True,False,False
232,1.1284036205207935,7.091653409084201,0.215,True,True,False,False
233,1.1143814893594317,7.0923943232609545,0.205,True,True,False,False
234,1.1204605160885188,7.089863160112738,0.205,True,True,False,False
235,1.121236225308377,7.090962013573881,0.205,True,True,False,False
236,1.1255619933517338,7.086167847506935,0.205,True,True,False,False
237,1.1196531463956145,7.082688988138756,0.22,True,True,False,False
238,1.1225541403349288,7.0828882309943015,0.225,True,True,False,False
239,1.1179038429508326,7.072897955074817,0.21,True,True,False,False
240,1.11813338993263,7.071470766437906,0.22,True,True,False,False
241,1.1187547489895073,7.07233119103254,0.235,True,True,False,False
242,1.1169381629983466,7.071333001314453,0.23,True,True,False,False
243,1.1147891321722625,7.071794971468416,0.23,True,True,False,False
244,1.1131308570045653,7.071659875063872,0.2,True,True,False,False
245,1.1202863787877466,7.0823239490180665,0.2,True,True,False,False
246,1.125514500010714,7.0841267715505625,0.205,True,True,False,False
247,1.1278455856053409,7.085031003762886,0.2,True,True,False,False
248,1.1317241305768677,7.080753029874085,0.185,True,True,False,False
249,1.1212678886634875,7.084645959329499,0.22,True,True,False,False
250,1.1255659507229034,7.083253431546394,0.21,True,True,False,False
251,1.1226649563763411,7.076368135547273,0.215,True,True,False,False
252,1.124481540017993,7.0732665716666645,0.2,True,True,False,False
253,1.1214578571405864,7.075943607016625,0.205,True,True,False,False
254,1.128486730264998,7.083803699916014,0.17,True,True,False,False
255,1.1222612712792743,7.086469674079389,0.195,True,True,False,False
256,1.123179456387055,7.086239895251726,0.175,True,True,False,False
257,1.1171004283422425,7.077753564716896,0.18,True,True,False,False
258,1.1172310320540013,7.075840868468603,0.195,True,True,False,False
259,1.1275131395486733,7.078342029883018,0.23,True,True,False,False
260,1.1303270627700337,7.08479570703085,0.205,True,True,False,False
261,1.1273192100038434,7.083633308882955,0.185,True,True,False,False
262,1.1278970362235499,7.086082272443889,0.205,True,True,False,False
263,3.2629651526130057,7.107593046207059,0.215,False,False,False,False
264,3.2494179962758394,7.106858345766593,1.0,False,False,False,False
265,3.218821081967923,7.1057507156504,1.0,False,False,False,False
266,3.173331387962839,7.117517128886483,0.9893617021276596,False,False,False,False
267,3.175052920013364,7.115508761445352,0.9859154929577465,False,False,False,False
268,3.1542352780136107,7.116103048220699,1.0,False,False,False,False
269,3.1541522920728426,7.106781394989689,1.0,False,False,False,False
270,3.1863322178156364,7.106888523733915,1.0,False,False,False,False
271,3.180601587361309,7.109307735529944,0.9897959183673469,False,False,False,False
272,3.1937648174511177,7.1070403466658565,1.0,False,False,False,False
273,3.1894075061282003,7.108767248247684,1.0,False,False,False,False
274,3.2192959059849984,7.10755474398125,1.0,False,False,False,False
275,3.2294832014757584,7.110409271711475,1.0,False,False,False,False
276,3.208503285109995,7.102437048218247,0.9861111111111112,False,False,False,False
277,3.193001112669089,7.103126521843713,1.0,False,False,False,False
278,3.161838134141345,7.105325321428929,1.0,False,False,False,False
279,3.2366306482174645,7.105838868703234,1.0,False,False,False,False
280,3.2220862171156974,7.103690062935025,1.0,False,False,False,False
281,3.2545789612620064,7.1043484840792175,1.0,False,False,False,False
282,3.2216308625828622,7.101959063438935,1.0,False,False,False,False
283,3.185133195093716,7.106525264820134,0.9893617021276596,False,False,False,False
284,3.2110166208582926,7.100422407529553,1.0,False,False,False,False
285,3.1978216094367196,7.106935148905972,1.0,False,False,False,False
286,3.220091407699528,7.10360682884207,0.9880952380952381,False,False,False,False
287,3.1775502035435736,7.106040083843547,1.0,False,False,False,False
288,3.1776214361933093,7.105908139116696,1.0,False,False,False,False
289,3.1423226871705587,7.103237114025841,1.0,False,False,False,False
290,3.150713123033996,7.107762374053747,0.9777777777777777,False,False,False,False
291,3.1230526150685862,7.101250760272122,1.0,False,False,False,False
292,3.1884218834691325,7.105131941547746,0.9896907216494846,False,False,False,False
293,3.156166635663054,7.108380671783327,1.0,False,False,False,False
294,3.181792792892483,7.110650174869882,1.0,False,False,False,False
295,3.133754221857536,7.105502534806773,1.0,False,False,False,False
296,3.136168388845631,7.107207119404807,1.0,False,False,False,False
297,3.133991725214965,7.107483930472764,1.0,False,False,False,False
298,3.115208186563609,7.110009081774006,1.0,False,False,False,False
299,3.1143575300114112,7.109759479686378,0.9886363636363636,False,False,False,False
300,3.1415348800024323,7.109729181542059,0.98989898989899,False,False,False,False
301,3.099532040065782,7.105304247101768,1.0,False,False,False,False
302,3.0976283766840638,7.105904809962995,1.0,False,False,False,False
303,3.1022668938674234,7.1069007935563135,1.0,False,False,False,False
304,3.077190726147106,7.108374522505267,1.0,False,False,False,False
305,3.1560836660748643,7.1055073001335565,1.0,False,False,False,False
306,3.1128218713229625,7.103664230453038,1.0,False,False,False,False
307,3.129582682836502,7.104351622860991,0.9855072463768116,False,False,False,False
308,3.0997101519987806,7.102327904286385,1.0,False,False,False,False
309,3.105880178121661,7.104724557064799,1.0,False,False,False,False
310,3.1159050016057557,7.108098309186406,1.0,False,False,False,False
311,3.1404981127564713,7.104442913284064,1.0,False,False,False,False
312,3.0593888366503545,7.098649657680298,1.0,False,False,False,False
313,3.099805111739788,7.106867177365773,1.0,False,False,False,False
314,3.0763398246194877,7.102477676553827,1.0,False,False,False,False
315,3.147843359795631,7.106031230105548,1.0,False,False,False,False
316,3.0845282690538673,7.104843647030869,1.0,False,False,False,False
317,3.1342687228707073,7.108538997456684,1.0,False,False,False,False
318,3.1150856672600318,7.108159488122986,1.0,False,False,False,False
319,3.1683681964584007,7.108251071808802,1.0,False,False,False,False
320,3.1130751969599126,7.10849962949518,1.0,False,False,False,False
321,3.104811405118883,7.105796909343534,1.0,False,False,False,False
322,3.117863753569002,7.112784826972576,0.989247311827957,False,False,False,False
323,3.0430952302303362,7.1072540417803935,1.0,False,False,False,False
324,3.045323229134007,7.107090095197632,1.0,False,False,False,False
325,3.0554866907091736,7.105135091401429,1.0,False,False,False,False
326,3.083586184056296,7.107034108699086,0.9895833333333334,False,False,False,False
327,3.0312615253573805,7.102368676729687,1.0,False,False,False,False
328,3.0511728993481197,7.103292860072507,1.0,False,False,False,False
329,3.080645586174937,7.104141608902937,1.0,False,False,False,False
330,3.106140999505266,7.105214303997411,1.0,False,False,False,False
331,3.0814491951661975,7.104528567834981,1.0,False,False,False,False
332,3.0669440707779843,7.10929624819621,1.0,False,False,False,False
333,3.051477448076874,7.106240989051081,1.0,False,False,False,False
334,3.005481169899854,7.109903490221523,1.0,False,False,False,False
335,3.059915292511063,7.111359585891575,0.9859154929577465,False,False,False,False
336,3.062210850921175,7.112525530631206,1.0,False,False,False,False
337,3.045315409531098,7.11003097368037,0.9885057471264368,False,False,False,False
338,3.031079533430359,7.111743139176358,1.0,False,False,False,False
339,3.0541490420196435,7.112757063168278,0.9880952380952381,False,False,False,False
340,3.108816816908877,7.1111785895588415,1.0,False,False,False,False
341,3.0175679104490833,7.1119501646439,1.0,False,False,False,False
342,3.086906807202046,7.1083362395262535,1.0,False,False,False,False
343,3.1029711846070858,7.110310330386138,1.0,False,False,False,False
344,3.0727421659752445,7.1110995604557665,0.9875,False,False,False,False
345,3.10997241972667,7.111533165231847,1.0,False,False,False,False
346,3.100279833694214,7.1158325241800355,1.0,False,False,False,False
347,3.093278860999068,7.112347211836358,1.0,False,False,False,False
348,3.1405138413062663,7.113277111196098,0.9903846153846154,False,False,False,False
349,3.1106608363723174,7.11600153481977,1.0,False,False,False,False
350,3.105638748406575,7.111043385664212,1.0,False,False,False,False
351,3.058981375282235,7.1120300208381275,1.0,False,False,False,False
352,3.1289099969335243,7.1107508288487065,1.0,False,False,False,False
353,3.048236114954029,7.110622333887994,1.0,False,False,False,False
354,3.1325986147793023,7.109467654745604,1.0,False,False,False,False
355,3.1297252974394074,7.110195459760808,1.0,False,False,False,False
356,3.0960056482174645,7.113218314165472,1.0,False,False,False,False
357,3.121279528770864,7.111857210905132,0.9861111111111112,False,False,False,False
358,3.0746775138889766,7.111824074664698,1.0,False,False,False,False
359,3.156800012408989,7.111404629585942,1.0,False,False,False,False
360,3.1118282437630818,7.113576806702798,1.0,False,False,False,False
361,3.0450501709305167,7.104989574367029,1.0,False,False,False,False
362,3.1338132386136754,7.107019011286877,0.9866666666666667,False,False,False,False
363,3.127516991943803,7.112583334781151,0.989010989010989,False,False,False,False
364,3.091612697591486,7.109559181861497,1.0,False,False,False,False
365,3.091371262456866,7.109380997356634,1.0,False,False,False,False
366,3.0453943780785857,7.1071528520683795,1.0,False,False,False,False
367,3.032555964282823,7.10888970351505,1.0,False,False,False,False
368,3.060287384988889,7.108715243328954,1.0,False,False,False,False
369,3.0320808761809905,7.1044054543961295,0.9863013698630136,False,False,False,False
370,3.0761143379173324,7.1075796973675365,1.0,False,False,False,False
371,3.0877775779122936,7.106767779588418,0.989247311827957,False,False,False,False
372,3.0840771243233975,7.106939142736368,1.0,False,False,False,False
373,3.0799294042437553,7.102774946120616,1.0,False,False,False,False
374,3.0435900277168924,7.106367064053174,1.0,False,False,False,False
375,3.0312576745599165,7.103008132146536,1.0,False,False,False,False
376,3.1170606428301806,7.106468836478892,0.9887640449438202,False,False,False,False
377,3.0766087101428474,7.105801415952186,1.0,False,False,False,False
378,3.089538700089753,7.1073585653307,1.0,False,False,False,False
379,3.102428906999412,7.106217596757462,1.0,False,False,False,False
380,3.116213571894253,7.1078095601012485,0.9893617021276596,False,False,False,False
381,3.1191582381688905,7.10569622507319,1.0,False,False,False,False
382,3.1095765572398832,7.10515826811555,1.0,False,False,False,False
383,3.094920994040818,7.106650662835988,1.0,False,False,False,False
384,3.06038245775692,7.1050913110842275,1.0,False,False,False,False
385,3.09182236307923,7.1024734302422905,1.0,False,False,False,False
386,3.0834914783754757,7.099414327232401,1.0,False,False,False,False
387,3.1343319320428487,7.109088173160362,1.0,False,False,False,False
388,3.067462707255071,7.102045897630113,1.0,False,False,False,False
389,3.129115692268772,7.1035503856819515,1.0,False,False,False,False
390,3.129147413077197,7.104619498392893,1.0,False,False,False,False
391,3.0600617584439878,7.102892098600501,1.0,False,False,False,False
392,3.1385310826602346,7.102138936935889,1.0,False,False,False,False
393,3.095554377365377,7.104265363080234,0.9852941176470589,False,False,False,False
394,3.122985192178233,7.104753475470184,1.0,False,False,False,False
395,3.137371721396326,7.10332122492893,1.0,False,False,False,False
396,3.0841483125517586,7.104303654268453,1.0,False,False,False,False
397,3.1370588903994463,7.106232975975976,1.0,False,False,False,False
398,3.0662911148100966,7.105965084784474,0.9789473684210527,False,False,False,False
399,3.0755244243691364,7.104712370183864,1.0,False,False,False,False
400,10.081860858129069,7.140460036415458,0.5714285714285714,True,False,False,True
401,25.303096427808658,7.182389824463526,0.27906976744186046,True,False,False,True
402,34.876072242741294,7.196873009672877,0.7428571428571429,True,False,False,True
403,34.32862338896093,7.198639566934759,0.9655172413793104,True,False,False,True
404,6.992942951929749,7.04230588362209,0.5333333333333333,True,False,False,True
405,4.555945750338618,7.2731493732321235,0.09090909090909091,True,False,False,True
406,13.309107855027005,7.083596301658837,0.24050632911392406,True,False,False,True
407,5.925270399684485,7.225458807339006,0.04878048780487805,True,False,False,True
408,14.579569338727714,7.087169053016661,0.18181818181818182,True,False,False,True
409,5.088545540896562,7.269214334938246,0.2222222222222222,True,False,False,True
410,6.463972848829376,7.098723382768355,0.2542372881355932,True,False,False,True
411,22.310283518528035,7.211589613076477,0.4642857142857143,True,False,False,True
412,5.884529843550371,7.207023634065864,0.4,True,False,False,True
413,34.31528585898436,7.204527159846958,0.36486486486486486,True,False,False,True
414,6.706005924421927,7.194182423480596,0.3333333333333333,True,False,False,True
415,27.087108873909354,7.187169368634363,0.525,True,False,False,True
416,6.477124355012672,7.059990501706771,0.5862068965517241,True,False,False,True
417,16.169931311237065,7.000835302302368,0.6162790697674418,True,False,False,True
418,24.570241004769194,7.158092252407766,0.7368421052631579,True,False,False,True
419,19.00969625992759,7.077861558401759,0.2727272727272727,True,False,False,True
420,34.645342305601865,7.175816685608212,0.23529411764705882,True,False,False,True
421,30.872549757201487,7.207249749006201,0.8620689655172413,True,False,False,True
422,12.402030888130579,6.960060900408976,0.6774193548387096,True,False,False,True
423,11.90031330549422,7.089185580945019,0.13043478260869565,True,False,False,True
424,13.665677030874763,6.968816377911875,0.21428571428571427,True,False,False,True
425,18.68856057785443,7.074059355976377,0.05128205128205128,True,False,False,True
426,5.810861564395461,7.258208771856072,0.11428571428571428,True,False,False,True
427,3.7988773396222832,7.2324890682027325,0.2857142857142857,True,False,False,True
428,11.134522166233698,7.041052969321605,0.15151515151515152,True,False,False,True
429,9.063801716669035,7.150358218922426,0.16216216216216217,True,False,False,True
430,8.227587128165629,7.164919381459647,0.723404255319149,True,False,False,True
431,19.091723507116928,7.080958405423668,0.38095238095238093,True,False,False,True
432,27.957743463329358,7.183639716972397,0.5,True,False,False,True
433,9.102250858565796,7.139993392474228,0.21428571428571427,True,False,False,True
434,13.726411881843333,7.071272544403255,0.1388888888888889,True,False,False,True
435,23.712492703450934,7.1426979399620905,0.14634146341463414,True,False,False,True
436,17.228572721941408,7.043745537243771,0.5625,True,False,False,True
437,4.1915090147299745,7.259940217468439,0.11428571428571428,True,False,False,True
438,5.944964071959887,7.113849280468413,0.29906542056074764,True,False,False,True
439,21.34704275009609,7.1102801659127675,0.1044776119402985,True,False,False,True
440,14.16036575147639,7.103703950113633,0.13513513513513514,True,False,False,True
441,23.75092192231434,7.137166551477111,0.2777777777777778,True,False,False,True
442,12.029140293211182,7.109532208707991,0.11764705882352941,True,False,False,True
443,22.10236945975066,7.12011887060373,0.15,True,False,False,True
444,18.784332803638456,7.071702910034677,0.17647058823529413,True,False,False,True
445,5.6256408744975035,7.1926124981155155,0.11428571428571428,True,False,False,True
446,29.084468907797127,7.196445028381728,0.37333333333333335,True,False,False,True
447,11.141004666290815,7.1262332689698695,0.28125,True,False,False,True
448,32.14328831775204,7.193135814427496,0.48717948717948717,True,False,False,True
449,6.273397415505147,7.174087124124169,0.5185185185185185,True,False,False,True
450,6.855567443830552,7.145516456832251,0.8518518518518519,True,False,False,True
451,28.639797538046466,7.193050069942654,0.2833333333333333,True,False,False,True
452,4.1569103881838325,7.259318491312066,0.20588235294117646,True,False,False,True
453,32.86753546177231,7.193003506704067,0.5816326530612245,True,False,False,True
454,20.856548961287373,7.108478651535028,0.6206896551724138,True,False,False,True
455,30.603426282761554,7.210877312786234,0.6944444444444444,True,False,False,True
456,15.97431410505991,7.035943010978284,0.3225806451612903,True,False,False,True
457,4.650146773771795,7.235252827550253,0.3157894736842105,True,False,False,True
458,25.93901152560211,7.175793634207018,0.41346153846153844,True,False,False,True
459,32.10426150103791,7.197979705013199,0.7878787878787878,True,False,False,True
460,19.206291009649856,7.075633377932587,0.2413793103448276,True,False,False,True
461,23.696305562424765,7.120479607793575,0.20512820512820512,True,False,False,True
462,28.181424636358308,7.17916488718512,0.9090909090909091,True,False,False,True
463,13.616925627101692,7.055100448080293,0.16666666666666666,True,False,False,True
464,20.347536794956753,7.043105835945672,0.22,True,False,False,True
465,8.709516440923158,7.086006664048645,0.2,True,False,False,True
466,25.243093446658904,7.116698592670308,0.44,True,False,False,True
467,3.9359483779988658,7.23459507301171,0.3125,True,False,False,True
468,21.523599520963682,7.082217675730478,0.3652173913043478,True,False,False,True
469,31.760974561018855,7.184632793451774,0.5,True,False,False,True
470,12.487948617094753,7.072462487244595,0.13333333333333333,True,False,False,True
471,3.9116440067678986,7.236491201639627,0.15217391304347827,True,False,False,True
472,18.566659126645874,7.054205497544267,0.11224489795918367,True,False,False,True
473,5.241007832450899,7.2537499774041265,0.1891891891891892,True,False,False,True
474,17.418625467562347,6.999582652661166,0.18518518518518517,True,False,False,True
475,19.334524029647696,7.058613240720367,0.7567567567567568,True,False,False,True
476,10.006834636671115,7.120230444482345,0.20930232558139536,True,False,False,True
477,5.184107855027006,7.242164691921927,0.23404255319148937,True,False,False,True
478,4.5369053534389545,7.245920742010886,0.5125,True,False,False,True
479,18.243687082251498,7.030032868436015,0.2698412698412698,True,False,False,True
480,5.612061930625871,7.216099571784953,0.2631578947368421,True,False,False,True
481,16.84289075264222,7.043123590470957,0.09615384615384616,True,False,False,True
482,15.925970862463902,7.039088548528949,1.0,True,False,False,True
483,7.429038046162514,7.016334996000843,0.3076923076923077,True,False,False,True
484,20.030018675577164,7.0691025987020275,0.46511627906976744,True,False,False,True
485,9.994359797664302,7.002801077527,0.39473684210526316,True,False,False,True
486,8.346769256387702,7.16105919822712,0.02702702702702703,True,False,False,True
487,4.221425187171447,7.240028194412595,0.5161290322580645,True,False,False,True
488,32.35089719531297,7.20093236097164,0.4473684210526316,True,False,False,True
489,11.230076395799326,6.928582176350535,0.46875,True,False,False,True
490,5.046628212888609,7.256823307989977,0.21951219512195122,True,False,False,True
491,5.182671601866565,7.252039973076111,0.66,True,False,False,True
492,32.30170687213238,7.15044423058389,0.6486486486486487,True,False,False,True
493,7.876974486339822,7.106154726310505,0.6585365853658537,True,False,False,True
494,5.95860596727824,7.151723297182029,0.8292682926829268,True,False,False,True
495,4.506229179119187,7.214988320651067,0.4791666666666667,True,False,False,True
496,3.778748362063008,7.078354099593566,0.8,False,False,False,False
497,3.534229962079554,7.079098436853708,1.0,False,False,False,False
498,3.4938018701683777,7.084608847784273,1.0,False,False,False,False
499,3.522582473816205,7.08463510487896,1.0,False,False,False,False
500,3.747162114611209,7.092747162470954,1.0,False,False,False,False
501,3.879507679053305,7.0943662497868605,1.0,False,False,False,False
502,3.7448507715137125,7.097532097256779,0.9473684210526315,False,False,False,False
503,4.048410068805178,7.103219027521563,1.0,False,False,False,False
504,4.507155265154198,7.103407735943046,0.9565217391304348,False,False,False,False
505,4.732858948226378,7.101634006562242,0.9545454545454546,False,False,False,False
506,4.850454054261569,7.102810613888211,0.8888888888888888,False,False,False,False
507,4.6855762146598625,7.151059255809734,0.8666666666666667,False,False,False,False
508,4.738831259793202,7.245145586959291,0.6615384615384615,False,False,False,False
509,4.301173019956224,7.238877069698486,0.46629213483146065,False,False,False,False
510,4.215793539740842,7.189201282346172,0.484375,False,False,False,False
511,2.902984521103466,7.115833640867088,0.5238095238095238,False,False,False,False
512,2.899497865333552,7.106979993401758,0.9696969696969697,False,False,False,False
513,2.873586886647683,7.0998669421394025,1.0,False,False,False,False
514,2.9239446000832814,7.097979608829402,0.9878048780487805,False,False,False,False
515,2.8378211892543757,7.0973725054161445,1.0,False,False,False,False
516,2.90669713200488,7.097746473981583,0.9880952380952381,False,False,False,False
517,2.9781609997709224,7.09822439726685,1.0,False,False,False,False
518,2.9427477208073265,7.0970686968296794,1.0,False,False,False,False
519,2.9325526101620607,7.097613537631245,1.0,False,False,False,False
520,2.9677918455546117,7.095334049393895,1.0,False,False,False,False
521,2.914066100559144,7.094434268449119,1.0,False,False,False,False
522,2.9197374607610276,7.093802838340143,0.9841269841269841,False,False,False,False
523,2.966541269462642,7.097984044170505,1.0,False,False,False,False
524,2.9280923175314753,7.095973808113693,1.0,False,False,False,False
525,2.979170355567331,7.092576573873377,1.0,False,False,False,False
526,2.953053408971899,7.094425082308826,0.9782608695652174,False,False,False,False
527,2.91490125950257,7.091189759437604,0.9861111111111112,False,False,False,False
528,2.887707673154648,7.0959744558565125,1.0,False,False,False,False
529,2.9242256091488903,7.093546181871519,1.0,False,False,False,False
530,2.9876003658003314,7.093221647630045,1.0,False,False,False,False
531,2.9404679938241554,7.096328171512513,1.0,False,False,False,False
532,2.9251004466234245,7.09193681485678,0.9876543209876543,False,False,False,False
533,2.9655243389447654,7.09458093243212,1.0,False,False,False,False
534,2.9282586347907635,7.094712968013455,1.0,False,False,False,False
535,2.897962372426424,7.092696285071293,0.9841269841269841,False,False,False,False
536,2.9090241879887806,7.093694489233496,0.989010989010989,False,False,False,False
537,2.965124543145776,7.092061581135656,1.0,False,False,False,False
538,3.0288554053419654,7.095981776521031,1.0,False,False,False,False
539,2.9338627009180134,7.094276888907922,1.0,False,False,False,False
540,2.9209369273207706,7.095407520700012,1.0,False,False,False,False
541,2.887854553540874,7.089613385197343,0.975609756097561,False,False,False,False
542,2.9125464937128616,7.092823123969186,0.9883720930232558,False,False,False,False
543,2.955883309822284,7.0926272445032,1.0,False,False,False,False
544,2.925416948602049,7.092424241707376,1.0,False,False,False,False
545,2.914798551019831,7.095255146563963,1.0,False,False,False,False
546,2.8861407464550544,7.093473565865301,1.0,False,False,False,False
547,2.898848867676639,7.094702778975575,0.9864864864864865,False,False,False,False
548,2.9117113695108343,7.0964302631302525,0.9878048780487805,False,False,False,False
549,2.897760597810014,7.095572981183303,0.9838709677419355,False,False,False,False
550,2.9207390215147226,7.094719171834772,0.9873417721518988,False,False,False,False
551,2.854158624393004,7.097700164176761,1.0,False,False,False,False
552,2.83355862825294,7.094164151164906,0.9880952380952381,False,False,False,False
553,2.8815261497118536,7.094957010607525,1.0,False,False,False,False
554,2.856723214058658,7.095254556302185,1.0,False,False,False,False
555,2.850501563453938,7.094299527167232,1.0,False,False,False,False
556,2.86690218370574,7.09417568329896,1.0,False,False,False,False
557,2.822999665200801,7.093649681177079,0.9857142857142858,False,False,False,False
558,2.8934743874390474,7.0931140802839145,1.0,False,False,False,False
559,2.8800023824968664,7.09407992276331,1.0,False,False,False,False
560,2.8795076132670663,7.091659243605706,1.0,False,False,False,False
561,2.854439594456771,7.091409417521017,1.0,False,False,False,False
562,2.8855274055188924,7.090879197451523,1.0,False,False,False,False
563,2.844145705852886,7.0941710907418845,0.9761904761904762,False,False,False,False
564,2.8516175919648212,7.091907158036848,1.0,False,False,False,False
565,2.8526703401917715,7.090223390289094,0.9895833333333334,False,False,False,False
566,2.790609658107255,7.096003154321583,1.0,False,False,False,False
567,2.801774505851971,7.095379501375701,0.9733333333333334,False,False,False,False
568,2.7834068168466843,7.089294068528128,0.9878048780487805,False,False,False,False
569,2.8716476925415235,7.091741457961934,0.9887640449438202,False,False,False,False
570,2.8303529921684123,7.087943473995356,1.0,False,False,False,False
571,2.8527892867857116,7.092701220188944,0.9880952380952381,False,False,False,False
572,2.813243851137482,7.090588528768647,1.0,False,False,False,False
573,2.845388254708047,7.086047697836402,0.9861111111111112,False,False,False,False
574,2.836408146011393,7.090271871132501,1.0,False,False,False,False
575,2.8763452368501867,7.089500149051051,1.0,False,False,False,False
576,2.8466113040052585,7.08982014701364,1.0,False,False,False,False
577,2.840017753331797,7.089515351073281,1.0,False,False,False,False
578,2.8617532751285313,7.094324725831335,0.9883720930232558,False,False,False,False
579,2.9112523221614874,7.090088819992751,0.9876543209876543,False,False,False,False
580,2.89770499615848,7.093782797318394,1.0,False,False,False,False
581,2.8524488283411293,7.090844831094559,1.0,False,False,False,False
582,2.8948238904798034,7.092536222572908,1.0,False,False,False,False
583,2.8850761660562383,7.0902457843704365,1.0,False,False,False,False
584,2.8606332839209268,7.091032455122079,1.0,False,False,False,False
585,2.8788030204745896,7.093861936835145,1.0,False,False,False,False
586,2.879618406690543,7.092545361242955,1.0,False,False,False,False
587,2.9083870137009082,7.094833685324112,1.0,False,False,False,False
588,2.9163736699857097,7.094423391351142,0.989010989010989,False,False,False,False
589,2.9172205411194336,7.093018540946803,0.9879518072289156,False,False,False,False
590,2.903237860900121,7.095303957663563,0.9880952380952381,False,False,False,False
591,2.870341492994581,7.0924528188670255,1.0,False,False,False,False
592,2.8557019976769946,7.090295643875887,1.0,False,False,False,False
593,2.91027486244684,7.090884383759157,1.0,False,False,False,False
594,2.8905297254875046,7.091965194640302,0.9885057471264368,False,False,False,False
595,2.854206087033779,7.0911455226919,0.9827586206896551,False,False,False,False
596,2.869146308915333,7.091992448555843,1.0,False,False,False,False
597,2.8587614943163007,7.086403193203351,0.9886363636363636,False,False,False,False
598,2.829316164962994,7.090978436563052,0.9824561403508771,False,False,False,False
599,2.8914124988499563,7.087187871612304,1.0,False,False,False,False
600,2.854609759662787,7.085275516087272,1.0,False,False,False,False
601,2.8365903669998307,7.090189652360743,0.9885057471264368,False,False,False,False
602,2.872019591169233,7.086504529017564,0.9876543209876543,False,False,False,False
603,2.8820721882717866,7.088002291812745,1.0,False,False,False,False
604,2.8585794188094296,7.08844073342102,1.0,False,False,False,False
605,2.837160222182973,7.089903863320949,1.0,False,False,False,False
606,2.8195920419476592,7.087494202589939,0.9875,False,False,False,False
607,2.8461044454733813,7.089698304190878,1.0,False,False,False,False
608,2.800487953756708,7.090291663813087,1.0,False,False,False,False
609,2.7984973923302467,7.089968626923534,1.0,False,False,False,False
610,2.7705918390537527,7.089591583751723,1.0,False,False,False,False
611,2.7909779704608333,7.08886113877141,0.9880952380952381,False,False,False,False
612,2.8511904270700845,7.090607051460494,0.9888888888888889,False,False,False,False
613,2.8129073137876595,7.088653203363883,1.0,False,False,False,False
614,2.9054660856698757,7.088055230837364,1.0,False,False,False,False
615,2.872522310321348,7.09124406065293,1.0,False,False,False,False
616,2.787380336094845,7.087547373504242,1.0,False,False,False,False
617,2.844953045534736,7.08794868464172,0.9882352941176471,False,False,False,False
618,2.8557020976720766,7.090619222082515,1.0,False,False,False,False
619,2.887953379742735,7.086963643032364,1.0,False,False,False,False
620,2.826403214359189,7.090138597524909,1.0,False,False,False,False
621,2.8392063707566675,7.092988540498344,0.9879518072289156,False,False,False,False
622,2.8946972940741027,7.0936305770647134,0.984375,False,False,False,False
623,2.857079337459671,7.091788053827449,1.0,False,False,False,False
624,2.8509014105661934,7.090580955089521,0.9882352941176471,False,False,False,False
625,2.88787829197244,7.088207871436314,1.0,False,False,False,False
626,2.8536163801796786,7.091979643166325,1.0,False,False,False,False
627,2.8814865042931537,7.090314774341055,0.967741935483871,False,False,False,False
628,2.881894197730061,7.0935278770285635,0.9722222222222222,False,False,False,False
629,2.836083890905286,7.087651136799774,1.0,False,False,False,False
630,2.824574850140879,7.092571364226616,0.9777777777777777,False,False,False,False
631,2.854063548366989,7.069989790074428,0.967032967032967,False,False,False,False
632,2.9196464577020014,7.0327111696642906,0.9382716049382716,False,False,False,False
633,2.8259875436516877,7.025619001093357,0.9285714285714286,False,False,False,False
634,2.8967117096219277,7.060781570110788,0.9130434782608695,False,False,False,False
635,2.8799114475422605,7.06809256288212,0.8365384615384616,False,False,False,False
636,2.895639258651532,7.076379542018176,0.9285714285714286,False,False,False,False
637,2.850952892887104,7.079418115744399,0.9887640449438202,False,False,False,False
638,2.8797253372870717,7.082510027147579,1.0,False,False,False,False
639,2.8663681977955533,7.087189220565746,0.9900990099009901,False,False,False,False
640,2.941702908092372,7.087412094698042,0.9876543209876543,False,False,False,False
641,2.8554053082421795,7.0912969882672465,1.0,False,False,False,False
642,2.857946177395185,7.088059405525399,1.0,False,False,False,False
643,2.8836316307529786,7.093760924617415,1.0,False,False,False,False
644,2.8551756508648087,7.096261604202551,1.0,False,False,False,False
645,2.8776159562967645,7.088144770440741,1.0,False,False,False,False
646,2.9044333716550326,7.089318236157083,0.9876543209876543,False,False,False,False
647,2.897475749913772,7.092109860838127,0.9895833333333334,False,False,False,False
648,2.9042393778276505,7.092290282904316,1.0,False,False,False,False
649,2.861440736755106,7.093053921065994,1.0,False,False,False,False
650,2.8377065862908055,7.092619419260798,1.0,False,False,False,False
651,2.9543755279113815,7.093428198377691,0.98989898989899,False,False,False,False
652,2.893525801185636,7.092801238937724,1.0,False,False,False,False
653,2.8994505709802403,7.092937988857182,0.9878048780487805,False,False,False,False
654,2.8347025591666744,7.0968038473126125,1.0,False,False,False,False
655,2.8243808121427363,7.096000468167324,0.9852941176470589,False,False,False,False
656,2.880691156706382,7.095478689757975,1.0,False,False,False,False
657,2.8513051873254187,7.092588761246508,1.0,False,False,False,False
658,2.8728270628621346,7.088832713780613,1.0,False,False,False,False
659,2.8540359090464364,7.091515284168681,1.0,False,False,False,False
660,2.8215946564311114,7.088720213876153,1.0,False,False,False,False
661,2.8708640560172864,7.094741097441318,1.0,False,False,False,False
662,2.8293832757133095,7.08652792692193,0.984375,False,False,False,False
663,2.8415889453134824,7.086822005037892,1.0,False,False,False,False
664,2.874956196499449,7.085426938107069,0.9555555555555556,False,False,False,False
665,2.8411813394662517,7.087011816899047,1.0,False,False,False,False
666,2.8598261286911586,7.0857068538586105,1.0,False,False,False,False
667,2.8569249618280175,7.086238926079854,0.9868421052631579,False,False,False,False
668,2.8530741233416594,7.08552968835388,0.9878048780487805,False,False,False,False
669,2.865671507872566,7.084630750747528,0.9879518072289156,False,False,False,False
670,2.846619224668361,7.082974313537203,1.0,False,False,False,False
671,2.852080865845033,7.081943410772439,1.0,False,False,False,False
672,2.800796820145931,7.083994010495051,1.0,False,False,False,False
673,2.80977310063173,7.0845547442108705,0.9875,False,False,False,False
674,2.8982116504397504,7.084212970691833,1.0,False,False,False,False
675,2.9447344191562244,7.082374278794495,1.0,False,False,False,False
676,2.8704089174512735,7.081492283306385,1.0,False,False,False,False
677,2.8817041108377333,7.082451373786901,1.0,False,False,False,False
678,2.870155502157079,7.0844875847135595,1.0,False,False,False,False
679,2.8712395708362033,7.0798566803160625,1.0,False,False,False,False
680,2.921174234447248,7.08333346748301,1.0,False,False,False,False
681,2.8323279772619023,7.0803894949921045,0.9863013698630136,False,False,False,False
682,2.8747742925380253,7.08378010594501,1.0,False,False,False,False
683,2.8439554093843977,7.0828387257885375,1.0,False,False,False,False
684,2.885507521080121,7.083199421640639,1.0,False,False,False,False
685,2.838917564706086,7.083534592692862,0.9876543209876543,False,False,False,False
686,2.890082608989382,7.08760666538186,0.9883720930232558,False,False,False,False
687,2.8820483868107387,7.0845321024134975,1.0,False,False,False,False
688,2.842712871806877,7.084374638456642,0.9761904761904762,False,False,False,False
689,2.893969042169466,7.087187778080816,1.0,False,False,False,False
690,2.804453907587453,7.08613651921282,0.9864864864864865,False,False,False,False
691,2.9407530665213724,7.0898899989574025,0.9882352941176471,False,False,False,False
692,2.8780867248271944,7.087443376260191,1.0,False,False,False,False
693,2.8327000201181085,7.086954373062691,0.9891304347826086,False,False,False,False
694,2.8885272976490093,7.089237561222767,0.987012987012987,False,False,False,False
695,2.862829974433233,7.088612569787438,1.0,False,False,False,False
696,2.879270255641819,7.088057631191845,1.0,False,False,False,False
697,2.828932270574972,7.089105941563819,0.9759036144578314,False,False,False,False
698,2.8693285322846065,7.090891030815135,1.0,False,False,False,False
699,2.8743072231521163,7.0903863573970085,1.0,False,False,False,False
700,2.8795195305537935,7.092121045194167,1.0,False,False,False,False
701,2.819358425476145,7.09122833133917,0.9838709677419355,False,False,False,False
702,2.8807940047186014,7.088766782991513,0.9859154929577465,False,False,False,False
703,2.7963802040171295,7.08976958070321,1.0,False,False,False,False
704,2.8337606791715517,7.09100202085509,1.0,False,False,False,False
705,2.834037640989457,7.091066621225627,1.0,False,False,False,False
706,2.842368700496645,7.09279687650639,0.9891304347826086,False,False,False,False
707,2.7947298663350146,7.093819892993153,0.9873417721518988,False,False,False,False
708,2.778059845046357,7.09505431096401,1.0,False,False,False,False
709,2.8249390138106403,7.0933416903123625,1.0,False,False,False,False
710,2.8459264863837435,7.092664514681338,1.0,False,False,False,False
711,2.8467972965030803,7.0897029549694475,1.0,False,False,False,False
712,2.815476014482339,7.092083831768221,1.0,False,False,False,False
713,2.805031727040575,7.090911521534645,1.0,False,False,False,False
714,2.781170689364073,7.092506715381511,1.0,False,False,False,False
715,2.835244804727052,7.09061720252693,1.0,False,False,False,False
716,2.8043232647172194,7.091757621680147,0.9838709677419355,False,False,False,False
717,2.8074023438677886,7.092652552254782,1.0,False,False,False,False
718,2.8023086367738244,7.095795286867545,0.9782608695652174,False,False,False,False
719,2.8457049408881403,7.092620668431195,1.0,False,False,False,False
720,2.84481054778072,7.090190265187397,1.0,False,False,False,False
721,2.7914845219902653,7.09028484569968,1.0,False,False,False,False
722,2.796439434891811,7.092769636549699,1.0,False,False,False,False
723,2.818654157479725,7.090629540625345,0.9846153846153847,False,False,False,False
724,2.790973933676275,7.0858281778686605,0.9880952380952381,False,False,False,False
725,2.779314484644628,7.087052431444251,1.0,False,False,False,False
726,2.823106635269073,7.084548384678227,1.0,False,False,False,False
727,2.823458763675453,7.084296220059682,0.9883720930232558,False,False,False,False
728,2.8187293475319577,7.083614115250331,1.0,False,False,False,False
729,2.7911679152548863,7.0858278758607,1.0,False,False,False,False
730,2.8358263946870994,7.08655395378475,0.9882352941176471,False,False,False,False
731,2.7853540270999715,7.086026725294093,1.0,False,False,False,False
732,2.8303531534386766,7.085455715729501,1.0,False,False,False,False
733,2.816425966072991,7.089118529092496,1.0,False,False,False,False
734,2.811217619394449,7.0853255011150775,0.9883720930232558,False,False,False,False
735,2.810398325773539,7.084123969385359,0.9883720930232558,False,False,False,False
736,2.805190106469687,7.084795131123714,0.9885057471264368,False,False,False,False
737,2.8615475480279287,7.086143435513584,1.0,False,False,False,False
738,2.8114429737722837,7.082637293344224,0.972972972972973,False,False,False,False
739,2.7791721096915913,7.087862029444944,1.0,False,False,False,False
740,2.8122583731454855,7.084039459035449,1.0,False,False,False,False
741,2.8433303980165365,7.08728986157513,1.0,False,False,False,False
742,2.84712973748481,7.084024513453977,0.9879518072289156,False,False,False,False
743,2.8397249644727,7.083633993093802,0.9833333333333333,False,False,False,False
744,2.8445414074453295,7.088873314979912,0.9875,False,False,False,False
745,2.8763692198812527,7.081526205304172,1.0,False,False,False,False
746,2.8092783553669163,7.086426429908952,0.9875,False,False,False,False
747,2.8333847596106336,7.083172130744229,1.0,False,False,False,False
748,2.851241833423553,7.0813400656618555,1.0,False,False,False,False
749,2.836673546446121,7.087002832514315,1.0,False,False,False,False
750,2.838600977643926,7.086161813398677,1.0,False,False,False,False
751,2.870729548722439,7.088832154216531,1.0,False,False,False,False
752,2.8854561712401647,7.083303013973973,1.0,False,False,False,False
753,2.8543644190967985,7.088507585277102,1.0,False,False,False,False
754,2.866087223283383,7.086055976636402,0.984375,False,False,False,False
755,2.8129709080285825,7.088346740537455,0.989010989010989,False,False,False,False
756,2.8175893987688765,7.0850536468095475,1.0,False,False,False,False
757,2.8806593898475907,7.081496645721051,0.9891304347826086,False,False,False,False
758,2.8602416923237257,7.086210498680266,1.0,False,False,False,False
759,2.852634857397304,7.083940201439484,1.0,False,False,False,False
760,2.910449082199698,7.078976343663653,1.0,False,False,False,False
761,2.864646579784343,7.0809059940243815,1.0,False,False,False,False
762,2.8710065144248653,7.081819622469407,1.0,False,False,False,False
763,2.8558407155260497,7.073954802564411,1.0,False,False,False,False
764,2.8887291202893732,7.078526856209121,1.0,False,False,False,False
765,2.8157213851846903,7.0787600240860336,0.9864864864864865,False,False,False,False
766,2.847992497874711,7.076492228536312,1.0,False,False,False,False
767,2.94005651130354,7.076651820005815,1.0,False,False,False,False
768,2.8929796841834463,7.074897176129769,1.0,False,False,False,False
769,2.911636355264492,7.078874804707589,1.0,False,False,False,False
770,2.941374447037094,7.079549780512389,1.0,False,False,False,False
771,2.894768649838084,7.078173120509259,1.0,False,False,False,False
772,2.9379986210923748,7.0785049936918565,1.0,False,False,False,False
773,2.9237666176865194,7.079087425507754,1.0,False,False,False,False
774,2.910912007757441,7.077292109447731,1.0,False,False,False,False
775,2.9133737599366745,7.0739937855257065,1.0,False,False,False,False
776,2.978671800637116,7.073999057163228,1.0,False,False,False,False
777,2.914038658503327,7.075999407639191,1.0,False,False,False,False
778,2.9406620944758584,7.080207548065731,1.0,False,False,False,False
779,2.9133975010623443,7.071718986380655,1.0,False,False,False,False
780,2.9311755350280237,7.077552940459766,1.0,False,False,False,False
781,2.9595799426874243,7.077511110850347,1.0,False,False,False,False
782,2.9218472697691316,7.075145051998459,1.0,False,False,False,False
783,2.932635862505768,7.074051629797614,1.0,False,False,False,False
784,2.9500893085496287,7.078408365619228,1.0,False,False,False,False
785,2.979954231929397,7.077161488682177,1.0,False,False,False,False
786,2.91225380209209,7.072734976471933,1.0,False,False,False,False
787,3.0026397419691158,7.072620473886448,1.0,False,False,False,False
788,2.983429094623267,7.076947250312289,1.0,False,False,False,False
789,2.982530699472689,7.0753527243831185,1.0,False,False,False,False
790,2.897313495064347,7.076891575552278,1.0,False,False,False,False
791,2.911058571022672,7.07349905601324,1.0,False,False,False,False
792,2.92923232988792,7.077893967682154,1.0,False,False,False,False
793,2.951154026191069,7.074412041685059,1.0,False,False,False,False
794,2.9284090699990344,7.072059596390571,1.0,False,False,False,False
795,2.941208246438735,7.073822476336085,1.0,False,False,False,False
796,2.9131402896985694,7.074421876292171,1.0,False,False,False,False
797,2.9397954409973397,7.073595149978317,1.0,False,False,False,False
798,2.9298377767574166,7.073056044443008,0.9886363636363636,False,False,False,False
799,2.944223966299232,7.075450447174946,1.0,False,False,False,False
800,2.974262952171422,7.073498493550877,1.0,False,False,False,False
801,2.9255714277373848,7.072977257510399,1.0,False,False,False,False
802,3.0100366632996938,7.077113004043811,1.0,False,False,False,False
803,2.9901411963587434,7.07384028469651,1.0,False,False,False,False
804,3.0357102872737065,7.0774630355664385,1.0,False,False,False,False
805,2.9532396601349444,7.074111108925768,1.0,False,False,False,False
806,2.9381371895753423,7.075325411874749,1.0,False,False,False,False
807,3.005271628904734,7.077268708780706,1.0,False,False,False,False
808,3.134905993645063,7.07293943824188,1.0,False,False,False,False
809,3.062626413269344,7.079448507776982,1.0,False,False,False,False
810,3.1376567108269615,7.073066761002147,1.0,False,False,False,False
811,3.033513776827733,7.074511605554295,1.0,False,False,False,False
812,3.170272018290973,7.077926688468588,1.0,False,False,False,False
813,3.1091532474970336,7.076174873289943,1.0,False,False,False,False
814,3.2961506787134636,7.075993678531363,1.0,False,False,False,False
815,3.1229973546283425,7.077107807515963,1.0,False,False,False,False
816,3.175286421640902,7.076630910159274,1.0,False,False,False,False
817,3.2482742861219247,7.08068502245583,1.0,False,False,False,False
818,3.2760415984369393,7.08188242135262,1.0,False,False,False,False
819,3.3685765286658493,7.0828297432502865,1.0,False,False,False,False
820,3.4113791266396625,7.080477924864368,1.0,False,False,False,False
821,3.2517650700879415,7.0838548751831185,1.0,False,False,False,False
822,3.6904838951098156,7.089672640189872,1.0,False,False,False,False
823,3.5547743127732456,7.090958825761113,1.0,False,False,False,False
824,3.2062633727101386,7.083058444779407,1.0,False,False,False,False
825,3.324487738134229,7.083955144684806,1.0,False,False,False,False
826,3.2104504735598436,7.086784193081884,1.0,False,False,False,False
827,3.2822313060637094,7.088591110952423,1.0,False,False,False,False
828,3.2376163217825504,7.085530576056893,1.0,False,False,False,False
829,3.3573882042248155,7.089070965830215,1.0,False,False,False,False
830,3.6215685661070633,7.088068978663771,0.9696969696969697,False,False,False,False
831,3.5071553833814666,7.079827146710997,1.0,False,False,False,False
832,3.517651044158274,7.07616061554749,1.0,False,False,False,False
833,3.780454480836454,7.076730894553554,1.0,False,False,False,False
834,3.7724992396107035,7.074609679780182,1.0,False,False,False,False
835,4.145069373144066,7.06399359629464,1.0,False,False,False,False
836,4.061538092778642,7.062673891794619,0.9574468085106383,False,False,False,False
837,4.489151714694596,7.041087338378508,0.9361702127659575,False,False,False,False
838,4.627366479107771,7.083690063002765,0.8064516129032258,False,False,False,False
839,4.489020987492669,7.168870189795229,0.7261904761904762,False,False,False,False
840,3.636239578577677,7.197034747815451,0.5436893203883495,False,False,False,False
841,3.5494039000517836,7.181065849281387,0.6527777777777778,False,False,False,False
842,3.692573318857915,7.164143951188535,0.5596330275229358,False,False,False,False
843,2.7168976269373566,7.082177704046965,0.5166666666666667,False,False,False,False
844,2.680601625955902,7.078898486287008,1.0,False,False,False,False
845,2.678599049001932,7.081447581852369,0.9876543209876543,False,False,False,False
846,2.7235862237510857,7.080913788842633,1.0,False,False,False,False
847,2.7077950469610794,7.078902668299312,1.0,False,False,False,False
848,2.7404618785985804,7.082919115183149,1.0,False,False,False,False
849,2.7184886704960203,7.083510714944552,1.0,False,False,False,False
850,2.7451597038144806,7.079464474918964,1.0,False,False,False,False
851,2.753003617307192,7.0756468983670056,1.0,False,False,False,False
852,2.7950899982951567,7.07757709923251,1.0,False,False,False,False
853,2.781186560951946,7.08007902703058,1.0,False,False,False,False
854,2.7412968639603172,7.0792686305674835,0.9753086419753086,False,False,False,False
855,2.77435167043993,7.07614791783655,0.9875,False,False,False,False
856,2.808815166789527,7.078829259619923,0.9836065573770492,False,False,False,False
857,2.795932962055251,7.079369994821718,1.0,False,False,False,False
858,2.8210918642875997,7.079739399245698,0.9743589743589743,False,False,False,False
859,2.7776404822115337,7.075733116929436,1.0,False,False,False,False
860,2.7983747683325713,7.083252299857538,0.9818181818181818,False,False,False,False
861,2.7984221667534466,7.078724312325146,0.9841269841269841,False,False,False,False
862,2.8147913012103287,7.080147583147547,0.9888888888888889,False,False,False,False
863,2.785682555883748,7.076010377769894,1.0,False,False,False,False
864,2.770876779927878,7.080284664931814,0.9836065573770492,False,False,False,False
865,2.8029459425401932,7.078321445715157,1.0,False,False,False,False
866,2.790103153317379,7.082590634244183,1.0,False,False,False,False
867,2.8672389027195626,7.076553051589805,1.0,False,False,False,False
868,2.7904474842688836,7.081101449553298,1.0,False,False,False,False
869,2.7444945944185974,7.0747700123582025,1.0,False,False,False,False
870,2.822010312602987,7.073736623377444,0.975,False,False,False,False
871,2.793677078072439,7.072909293226192,0.9838709677419355,False,False,False,False
872,2.8722335300213797,7.076330363858199,0.9836065573770492,False,False,False,False
873,2.8114827112917196,7.079183713309073,1.0,False,False,False,False
874,2.83197968405225,7.073306832265079,1.0,False,False,False,False
875,2.770057538340751,7.0776010969574035,1.0,False,False,False,False
876,2.806333792721267,7.07611243792655,0.9876543209876543,False,False,False,False
877,2.7804663663578264,7.080419534969752,1.0,False,False,False,False
878,2.803765220403732,7.07400486968657,1.0,False,False,False,False
879,2.8093297287019583,7.078499116324499,1.0,False,False,False,False
880,2.804940702334743,7.075722676170978,0.9873417721518988,False,False,False,False
881,2.8151555088628895,7.077812417622298,1.0,False,False,False,False
882,2.8356762235635853,7.076201628006739,0.987012987012987,False,False,False,False
883,2.7945952965119143,7.07873829952649,1.0,False,False,False,False
884,2.830163062035292,7.074093466412856,0.9821428571428571,False,False,False,False
885,2.7859952384230167,7.080529173726447,1.0,False,False,False,False
886,2.8350785436053534,7.075661612720971,1.0,False,False,False,False
887,2.793526589232721,7.079012115172032,0.9775280898876404,False,False,False,False
888,2.816995714181198,7.081725164588432,1.0,False,False,False,False
889,2.7986440129861396,7.080628545631031,1.0,False,False,False,False
890,2.8263241535856607,7.08077163619492,1.0,False,False,False,False
891,2.750094916572704,7.076970339760065,0.9846153846153847,False,False,False,False
892,2.771296281477685,7.077536476395682,1.0,False,False,False,False
893,2.7902418455098013,7.077945632737004,1.0,False,False,False,False
894,2.767979594588855,7.079479181424114,1.0,False,False,False,False
895,2.813971930556867,7.079120873889249,1.0,False,False,False,False
896,2.781554705300002,7.074739427267771,1.0,False,False,False,False
897,2.7689572007875274,7.080979340675903,1.0,False,False,False,False
898,2.7809372389244937,7.077739094549711,1.0,False,False,False,False
899,2.808209825459952,7.075103381523355,1.0,False,False,False,False
900,2.8004447186179284,7.077001360275011,1.0,False,False,False,False
901,2.7758239269832705,7.081410845840603,0.9827586206896551,False,False,False,False
902,2.775313280432797,7.075226087176012,0.9883720930232558,False,False,False,False
903,2.7925491864075056,7.077895046781057,1.0,False,False,False,False
904,2.806943380035638,7.0771971884381415,1.0,False,False,False,False
905,2.8225958785423133,7.079882382948835,1.0,False,False,False,False
906,2.7941085300213797,7.076059122622533,1.0,False,False,False,False
907,2.795450065001615,7.079207564955661,1.0,False,False,False,False
908,2.8047823635051383,7.0788592212650645,1.0,False,False,False,False
909,2.7985963224743653,7.080186039962314,1.0,False,False,False,False
910,2.80331805456593,7.072387384754284,1.0,False,False,False,False
911,2.797820782419121,7.077916590690827,1.0,False,False,False,False
912,2.8027282849329613,7.076991153905962,0.9875,False,False,False,False
913,2.7546382861170287,7.07662836756883,1.0,False,False,False,False
914,2.788057162975251,7.076396709373203,1.0,False,False,False,False
915,2.776057425039556,7.076811394558196,1.0,False,False,False,False
916,2.800785038284874,7.081791021390302,1.0,False,False,False,False
917,2.801944755546313,7.078077587714301,0.9868421052631579,False,False,False,False
918,2.7514008754046677,7.074483624818407,0.9855072463768116,False,False,False,False
919,2.707513882264027,7.076781140034363,1.0,False,False,False,False
920,2.7652450216317987,7.075882579508493,1.0,False,False,False,False
921,2.727666669366659,7.075367627561471,1.0,False,False,False,False
922,2.7567397106377243,7.078358502937034,1.0,False,False,False,False
923,2.7402205059922133,7.080047823858038,1.0,False,False,False,False
924,2.7212828639075974,7.07912823138871,1.0,False,False,False,False
925,2.77002983674256,7.080050150447926,1.0,False,False,False,False
926,2.7789822140179288,7.080976298275431,1.0,False,False,False,False
927,2.791326255337563,7.0803991034553455,0.9848484848484849,False,False,False,False
928,2.7601712080613705,7.086507868326722,1.0,False,False,False,False
929,2.791761574718487,7.08150371393375,1.0,False,False,False,False
930,2.771462494481449,7.080459199126459,1.0,False,False,False,False
931,2.747363968171105,7.082522887409265,1.0,False,False,False,False
932,2.8034248338854377,7.083571992068472,1.0,False,False,False,False
933,2.752505057991228,7.079544288331924,1.0,False,False,False,False
934,2.801414415838387,7.079376911882678,1.0,False,False,False,False
935,2.767101014989457,7.080430659035017,1.0,False,False,False,False
936,2.750601502185673,7.080612033537536,1.0,False,False,False,False
937,2.8223941778257773,7.0814349895714255,1.0,False,False,False,False
938,2.796166242359088,7.078807053299435,1.0,False,False,False,False
939,2.8019642308573345,7.082260634651003,1.0,False,False,False,False
940,2.773449173094476,7.081049963264184,1.0,False,False,False,False
941,2.805577869354803,7.079852307716221,1.0,False,False,False,False
942,2.822568155923853,7.082089840425509,1.0,False,False,False,False
943,2.8043193457840085,7.083580120856702,1.0,False,False,False,False
944,2.806088209999268,7.0811991703349975,1.0,False,False,False,False
945,2.7795915018482806,7.083026704109842,0.9878048780487805,False,False,False,False
946,2.86329702991005,7.084760429259301,1.0,False,False,False,False
947,2.792576556505709,7.083954207139271,1.0,False,False,False,False
948,2.785607175176731,7.082109836666492,1.0,False,False,False,False
949,2.7748780304093636,7.080325654040948,1.0,False,False,False,False
950,2.788896176350048,7.082223139582361,1.0,False,False,False,False
951,2.7761562606394516,7.081552933673278,1.0,False,False,False,False
952,2.798287774866457,7.084126248369014,1.0,False,False,False,False
953,2.834706547363396,7.081386121154532,1.0,False,False,False,False
954,2.7856034018817213,7.083007580424653,1.0,False,False,False,False
955,2.8840352631584016,7.0817468269957615,1.0,False,False,False,False
956,2.781036215964801,7.08248274960687,1.0,False,False,False,False
957,2.840817260754718,7.083414856436455,1.0,False,False,False,False
958,2.7795518526703664,7.084738622771943,1.0,False,False,False,False
959,2.825089381854295,7.08257587601253,1.0,False,False,False,False
960,2.806697895805036,7.080098123780235,1.0,False,False,False,False
961,2.778008550748782,7.083277643348412,1.0,False,False,False,False
962,2.807588294168438,7.080600484628593,1.0,False,False,False,False
963,2.810853433795941,7.085626339995712,1.0,False,False,False,False
964,2.808961759721218,7.0820202843929785,1.0,False,False,False,False
965,2.7889830389955277,7.083971985554633,1.0,False,False,False,False
966,2.8318768505756577,7.080756741092317,1.0,False,False,False,False
967,2.810236135331975,7.082651154643029,0.9873417721518988,False,False,False,False
968,2.768221160794723,7.082532695070423,1.0,False,False,False,False
969,2.802300769867477,7.085016195727497,1.0,False,False,False,False
970,2.8386127292746393,7.08354145698069,1.0,False,False,False,False
971,2.794531776828728,7.081509545318752,1.0,False,False,False,False
972,2.8014460250608217,7.082890387298022,1.0,False,False,False,False
973,2.7818831214953303,7.082149522803771,1.0,False,False,False,False
974,2.764825511435801,7.080945146642355,1.0,False,False,False,False
975,2.786264258651532,7.083106292229341,1.0,False,False,False,False
976,2.7942707428615923,7.080051057463707,1.0,False,False,False,False
977,2.81680583335643,7.0812684583954635,1.0,False,False,False,False
978,2.732293193358503,7.080218280201226,0.984375,False,False,False,False
979,2.777422895716093,7.079649596655923,1.0,False,False,False,False
980,2.820348109511293,7.079391582195472,0.9883720930232558,False,False,False,False
981,2.811348087461249,7.075415883203657,1.0,False,False,False,False
982,2.8143916302172314,7.079147967480978,1.0,False,False,False,False
983,2.791627029455582,7.07560229011343,1.0,False,False,False,False
984,2.76167895858284,7.080374556867941,1.0,False,False,False,False
985,2.780058634514286,7.073271695052932,1.0,False,False,False,False
986,2.8160975020103423,7.0792739902840705,1.0,False,False,False,False
987,2.8786250903308956,7.0777368618744445,0.9893617021276596,False,False,False,False
988,2.794484528839051,7.080717583866889,1.0,False,False,False,False
989,2.8353160225278935,7.08181424644855,1.0,False,False,False,False
990,2.844644329702017,7.076755325949174,1.0,False,False,False,False
991,2.7864898680606847,7.079004735559975,1.0,False,False,False,False
992,2.8160973700619443,7.077802905262185,1.0,False,False,False,False
993,2.7871982758754426,7.07767839181482,1.0,False,False,False,False
994,2.7776128653209566,7.076544195952845,1.0,False,False,False,False
995,2.784218169755353,7.0776252005512434,0.9863013698630136,False,False,False,False
996,2.830467922371529,7.074631848809203,0.9868421052631579,False,False,False,False
997,2.7849305886667093,7.0740601358215285,1.0,False,False,False,False
998,2.8067058939079383,7.077504588589149,1.0,False,False,False,False
999,2.807042196087622,7.076040976409507,1.0,False,False,False,False
1000,2.796019986346917,7.077954681639422,1.0,False,False,False,False
1001,2.7553110641207406,7.075310380624246,1.0,False,False,False,False
1002,2.820510380995237,7.0763013143767495,1.0,False,False,False,False
1003,2.805538212533154,7.079215413660233,0.9876543209876543,False,False,False,False
1004,2.770120929208218,7.075470067624941,0.9873417721518988,False,False,False,False
1005,2.7664797864712733,7.073390646602359,1.0,False,False,False,False
1006,2.819908651627755,7.072563605726534,1.0,False,False,False,False
1007,2.8402947551226743,7.074405298878062,1.0,False,False,False,False
1008,2.8444107429282903,7.078413335818129,1.0,False,False,False,False
1009,2.797286382713493,7.0751177564893055,1.0,False,False,False,False
1010,2.7682448972213756,7.074573097995593,1.0,False,False,False,False
1011,2.746105472669105,7.0744216350503795,1.0,False,False,False,False
1012,2.7499206279009303,7.077193529308397,1.0,False,False,False,False
1013,2.754828308350883,7.074872926342907,0.9833333333333333,False,False,False,False
1014,2.769768570643983,7.071953217233555,1.0,False,False,False,False
1015,2.792366993487862,7.072014396794162,1.0,False,False,False,False
1016,2.803761297930595,7.070145478458789,1.0,False,False,False,False
1017,2.773342466077177,7.072344084628561,1.0,False,False,False,False
1018,2.782563945845186,7.073651514977019,0.9841269841269841,False,False,False,False
1019,2.765636825718549,7.072505790639808,1.0,False,False,False,False
1020,2.8117203116368596,7.07182295209074,1.0,False,False,False,False
1021,2.8221012992467815,7.072747321548556,1.0,False,False,False,False
1022,2.8532761367621147,7.07353199370438,0.987012987012987,False,False,False,False
1023,2.8207517212410402,7.072682670832963,1.0,False,False,False,False
1024,2.806468392618077,7.0749271011997585,0.9855072463768116,False,False,False,False
1025,2.7686881545577844,7.075452407661628,1.0,False,False,False,False
1026,2.7974685645434563,7.073163781960201,1.0,False,False,False,False
1027,2.7897945504490305,7.0733836588821974,1.0,False,False,False,False
1028,2.76158402202365,7.072674637562368,0.9850746268656716,False,False,False,False
1029,2.7847920487224394,7.072193891860191,1.0,False,False,False,False
1030,2.767033910911745,7.069888123123052,1.0,False,False,False,False
1031,2.8074895185279996,7.065533272446466,1.0,False,False,False,False
1032,2.7419182859213693,7.072262518745255,1.0,False,False,False,False
1033,2.7662028101177416,7.070589190904961,0.9875,False,False,False,False
1034,2.7815032852254036,7.070178701916266,1.0,False,False,False,False
1035,2.7965898695988542,7.071905080013271,1.0,False,False,False,False
1036,2.771672313063168,7.072704953619976,1.0,False,False,False,False
1037,2.8104023587362303,7.072084880816728,1.0,False,False,False,False
1038,2.766000834132788,7.072713192828488,1.0,False,False,False,False
1039,2.763285833067216,7.069797748819912,1.0,False,False,False,False
1040,2.7711854554743565,7.075292933264881,1.0,False,False,False,False
1041,2.8167465287385074,7.072053195051794,1.0,False,False,False,False
1042,2.835300174811027,7.072597744734546,1.0,False,False,False,False
1043,2.8017983298056475,7.073047769463947,1.0,False,False,False,False
1044,2.776425433867961,7.071286945877684,1.0,False,False,False,False
1045,2.7743397698503762,7.0766649009899165,0.9880952380952381,False,False,False,False
1046,2.820633019183946,7.070907958798878,1.0,False,False,False,False
1047,2.7817128847389485,7.070806459696137,1.0,False,False,False,False
1048,2.810877261759446,7.072487098730076,1.0,False,False,False,False
1049,2.7451834280863427,7.070017537665539,1.0,False,False,False,False
1050,2.790265458133019,7.070271888691531,1.0,False,False,False,False
1051,2.75948257701524,7.074431703036838,1.0,False,False,False,False
1052,2.8060132163659475,7.071956774249042,1.0,False,False,False,False
1053,2.765763312355212,7.071498557531785,1.0,False,False,False,False
1054,2.7361123117882786,7.072645817444025,1.0,False,False,False,False
1055,2.797116321950963,7.074832850547976,0.9878048780487805,False,False,False,False
1056,2.7597871397157383,7.074398014386816,1.0,False,False,False,False
1057,2.772452013487119,7.074183745341649,1.0,False,False,False,False
1058,2.7853500614585314,7.075356151214109,1.0,False,False,False,False
1059,2.7609192628611687,7.070506017461755,1.0,False,False,False,False
1060,2.7735046454290613,7.072000718733993,1.0,False,False,False,False
1061,2.773318746379025,7.071319252173393,1.0,False,False,False,False
1062,2.7656724397095718,7.073793881200865,1.0,False,False,False,False
1063,2.794373600961033,7.071266483447136,1.0,False,False,False,False
1064,2.745757127394344,7.075966840490732,1.0,False,False,False,False
1065,2.7819069140595727,7.07751741292066,1.0,False,False,False,False
1066,2.740968263657502,7.075521686435268,1.0,False,False,False,False
1067,2.7638598296663623,7.074000769579009,0.9879518072289156,False,False,False,False
1068,2.770860918677843,7.076412285173838,0.9873417721518988,False,False,False,False
1069,2.7577371310091996,7.075492874440563,1.0,False,False,False,False
1070,2.7601671841834468,7.077274640361944,1.0,False,False,False,False
1071,2.7271084931987546,7.0755970218397435,1.0,False,False,False,False
1072,2.7848633651399846,7.081183799451945,1.0,False,False,False,False
1073,2.765423086981875,7.080779859922758,0.9864864864864865,False,False,False,False
1074,2.7531700432077546,7.08085235670772,1.0,False,False,False,False
1075,2.7825955689140565,7.081384425414206,0.9836065573770492,False,False,False,False
1076,2.708645878473344,7.0768701609789115,1.0,False,False,False,False
1077,2.7623241675946213,7.081567534933538,1.0,False,False,False,False
1078,2.659265662156569,7.078324738043607,0.9846153846153847,False,False,False,False
1079,2.7055904873808783,7.078423428880683,0.9651162790697675,False,False,False,False
1080,2.6352186814159038,7.079410317988348,1.0,False,False,False,False
1081,2.637981038235277,7.0788972866731665,1.0,False,False,False,False
1082,2.6799443933656284,7.0787953977791,0.9891304347826086,False,False,False,False
1083,2.653455799571225,7.077835276939325,1.0,False,False,False,False
1084,2.662131056577833,7.078383375445675,1.0,False,False,False,False
1085,2.7042607670608385,7.078912058068791,1.0,False,False,False,False
1086,2.6440006812149943,7.078768774101969,1.0,False,False,False,False
1087,2.6799248115748804,7.077399782479604,1.0,False,False,False,False
1088,2.6615176059666137,7.079918055240931,1.0,False,False,False,False
1089,2.6521775095383124,7.0799136413841905,1.0,False,False,False,False
1090,2.6315972789205615,7.078400111606873,0.9782608695652174,False,False,False,False
1091,2.670394763773903,7.080240575376758,1.0,False,False,False,False
1092,2.676259906159442,7.0793925203059525,0.9666666666666667,False,False,False,False
1093,2.6395166612738494,7.0756377919611495,1.0,False,False,False,False
1094,2.641859746043407,7.076284944104577,1.0,False,False,False,False
1095,2.6909787255208184,7.078420298082797,0.9789473684210527,False,False,False,False
1096,2.7202617309178225,7.080092395510882,0.9868421052631579,False,False,False,False
1097,2.6665004432624113,7.076338729423632,0.9882352941176471,False,False,False,False
1098,2.693816425204457,7.07464234719356,1.0,False,False,False,False
1099,2.7028438847366067,7.072553513786171,0.9888888888888889,False,False,False,False
1100,2.6224234750660473,7.068870930262918,0.989010989010989,False,False,False,False
1101,2.648849088530439,7.068024491065168,1.0,False,False,False,False
1102,2.630346778263479,7.066661950990403,1.0,False,False,False,False
1103,2.6404587309212992,7.071414720414648,0.9893617021276596,False,False,False,False
1104,2.6749658102622424,7.068652783751434,0.9883720930232558,False,False,False,False
1105,2.6655622465291318,7.07108817287229,0.9880952380952381,False,False,False,False
1106,2.689439204819918,7.067677181793319,0.9888888888888889,False,False,False,False
1107,2.653538975039013,7.07068831625556,1.0,False,False,False,False
1108,2.6555137995514277,7.067401432614442,1.0,False,False,False,False
1109,2.657908188235883,7.068888557367759,1.0,False,False,False,False
1110,2.6346407243129106,7.067891101547155,0.9852941176470589,False,False,False,False
1111,2.650776397992376,7.063748358422426,1.0,False,False,False,False
1112,2.6448358485539982,7.065520321593592,0.9891304347826086,False,False,False,False
1113,2.687836321038406,7.068864505642413,0.9848484848484849,False,False,False,False
1114,2.6680557448288287,7.065462183112228,1.0,False,False,False,False
1115,2.6541246676638375,7.065271218822446,1.0,False,False,False,False
1116,2.6839855131896395,7.066383304051144,0.9879518072289156,False,False,False,False
1117,2.6667734114014086,7.0626694427976755,1.0,False,False,False,False
1118,2.6241253106698097,7.0642607181249275,1.0,False,False,False,False
1119,2.6643829263313696,7.064712297810276,1.0,False,False,False,False
1120,2.7202023781819658,7.069722572944521,1.0,False,False,False,False
1121,2.6483343817003226,7.065874349183892,1.0,False,False,False,False
1122,2.614717893570439,7.064153320486714,1.0,False,False,False,False
1123,2.687598863543384,7.066197061739751,1.0,False,False,False,False
1124,2.665693033283268,7.066751516053775,1.0,False,False,False,False
1125,2.723570429603013,7.0661900782973905,1.0,False,False,False,False
1126,2.744486679018395,7.0627180394239275,1.0,False,False,False,False
1127,2.770995463564826,7.067164613290695,1.0,False,False,False,False
1128,2.7462796807057477,7.066863703078468,1.0,False,False,False,False
1129,2.775871406603161,7.066325811602224,1.0,False,False,False,False
1130,2.8154761263189445,7.064804371864003,1.0,False,False,False,False
1131,2.734378899416627,7.065760475905071,1.0,False,False,False,False
1132,2.707043001803011,7.066177767189105,1.0,False,False,False,False
1133,2.6247624697641943,7.065209223702869,1.0,False,False,False,False
1134,2.662075601974205,7.06522677584049,0.9775280898876404,False,False,False,False
1135,2.688449495598039,7.066173051180419,0.9886363636363636,False,False,False,False
1136,2.682624008154542,7.068227481358186,1.0,False,False,False,False
1137,2.63526606329624,7.067297947748915,0.9875,False,False,False,False
1138,2.6226013690273096,7.065466636223092,1.0,False,False,False,False
1139,2.6791610377799553,7.071271198413887,1.0,False,False,False,False
1140,2.7178712952814426,7.070209831991287,1.0,False,False,False,False
1141,2.7025786807521173,7.069304661165884,0.9878048780487805,False,False,False,False
1142,2.67679432347072,7.069959715785739,1.0,False,False,False,False
1143,2.685319259862419,7.074004564794598,0.9878048780487805,False,False,False,False
1144,2.673699320416554,7.0726629564935175,1.0,False,False,False,False
1145,2.6857347273530974,7.072326421512972,0.99,False,False,False,False
1146,2.724516161899285,7.069739350398439,0.9886363636363636,False,False,False,False
1147,2.7511198291228447,7.067285733090662,1.0,False,False,False,False
1148,2.7276031224918276,7.0704719407769225,1.0,False,False,False,False
1149,2.6839142710165627,7.0718417578487,1.0,False,False,False,False
1150,2.7238315710836583,7.072719330376399,1.0,False,False,False,False
1151,2.733444703504762,7.070711714834699,1.0,False,False,False,False
1152,2.699566867826674,7.075555294230787,1.0,False,False,False,False
1153,2.7526634618552284,7.0730441625048535,0.9861111111111112,False,False,False,False
1154,2.7764611497336733,7.0690792331707595,1.0,False,False,False,False
1155,2.7135137900770814,7.071855831913545,0.9782608695652174,False,False,False,False
1156,2.720740648577562,7.071572722393032,0.9876543209876543,False,False,False,False
1157,2.758129030235381,7.075789905802421,0.9791666666666666,False,False,False,False
1158,2.7644059826943486,7.074016045794327,1.0,False,False,False,False
1159,2.836368810351894,7.072717950720102,1.0,False,False,False,False
1160,2.852484541356104,7.068904907442778,1.0,False,False,False,False
1161,2.8025936473187083,7.068531608168312,1.0,False,False,False,False
1162,2.800880081981653,7.070710290967575,1.0,False,False,False,False
1163,2.8458554322966547,7.073740411280548,1.0,False,False,False,False
1164,2.8523934786195615,7.071669773641162,1.0,False,False,False,False
1165,2.9271621534545362,7.072144595942811,1.0,False,False,False,False
1166,3.032203731151017,7.074069962742291,1.0,False,False,False,False
1167,3.056179460069957,7.068245897337828,1.0,False,False,False,False
1168,2.921763911478254,7.071272410526692,1.0,False,False,False,False
1169,3.2385344593362784,7.073837939142546,1.0,False,False,False,False
1170,3.0010802794387836,7.076364889815857,1.0,False,False,False,False
1171,3.2118120220138575,7.06680072185774,1.0,False,False,False,False
1172,3.114994898055419,7.071913489222452,1.0,False,False,False,False
1173,3.2766511402021727,7.072133640350547,1.0,False,False,False,False
1174,3.0770286381127856,7.068903217877915,1.0,False,False,False,False
1175,3.114143828616259,7.071419878605886,1.0,False,False,False,False
1176,3.3927542034960334,7.076255180881507,1.0,False,False,False,False
1177,3.1689067023060766,7.076134198769111,1.0,False,False,False,False
1178,3.2131338235504026,7.078322536094881,1.0,False,False,False,False
1179,3.1665201340077007,7.074526303420125,1.0,False,False,False,False
1180,3.3484397505503476,7.079505385012908,1.0,False,False,False,False
1181,3.6984430193369606,7.075523129981584,1.0,False,False,False,False
1182,3.4567501530471096,7.077902979288839,1.0,False,False,False,False
1183,3.77773552622158,7.079699869271875,1.0,False,False,False,False
1184,3.8909336194088886,7.082462755107345,1.0,False,False,False,False
1185,3.8998266356781306,7.081257487590351,1.0,False,False,False,False
1186,3.84371431038613,7.083196261385774,1.0,False,False,False,False
1187,3.9488465788136384,7.078815248300361,1.0,False,False,False,False
1188,4.73687223419053,7.0774384719417975,1.0,False,False,False,False
1189,4.795849769577021,7.070113147755727,1.0,False,False,False,False
1190,4.520366282367571,7.051624843305378,1.0,False,False,False,False
1191,4.541658660794723,7.037506544812033,0.7647058823529411,False,False,False,False
1192,5.156392371883012,7.141703032963672,0.8181818181818182,False,False,False,False
1193,3.1861971095478383,7.155716710430409,0.47368421052631576,False,False,False,False
1194,3.847794512874563,7.157181389096459,0.5714285714285714,False,False,False,False
1195,2.8255801010796358,7.088317971179944,0.5637583892617449,False,False,False,False
1196,2.610190103523089,7.079462527655716,0.8229166666666666,False,False,False,False
1197,2.6047601181204465,7.075272171184335,1.0,False,False,False,False
1198,2.5481493337581784,7.074542157337426,0.9733333333333334,False,False,False,False
1199,2.5903701038137217,7.0761657130497255,1.0,False,False,False,False
1200,2.5800127394781223,7.076520839306317,0.9439252336448598,False,False,False,False
1201,2.5756791137071655,7.075558534040179,0.9770114942528736,False,False,False,False
1202,2.6069527048402117,7.073940615192335,0.9863013698630136,False,False,False,False
1203,2.5742464147422344,7.073122572068615,0.9886363636363636,False,False,False,False
1204,2.5700274814354596,7.0738545941078455,1.0,False,False,False,False
1205,2.569085305966146,7.066563093852208,0.989247311827957,False,False,False,False
1206,2.5648745147401555,7.063558483833596,0.9894736842105263,False,False,False,False
1207,2.575263458757035,7.0639759478684425,0.9879518072289156,False,False,False,False
1208,2.606117786486457,7.068667577288933,0.989010989010989,False,False,False,False
1209,2.606770712036041,7.062853333154116,0.978021978021978,False,False,False,False
1210,2.6226846525724894,7.059032163546672,0.9876543209876543,False,False,False,False
1211,2.6009330783070532,7.061344689725379,0.9891304347826086,False,False,False,False
1212,2.558395802826939,7.060060590716395,0.9887640449438202,False,False,False,False
1213,2.579221228403804,7.060491598069076,1.0,False,False,False,False
1214,2.61074817455832,7.063913675673028,0.9545454545454546,False,False,False,False
1215,2.5840416484834754,7.0573942388048785,0.9666666666666667,False,False,False,False
1216,2.624453788265627,7.063746507502563,0.989247311827957,False,False,False,False
1217,2.6283480874122547,7.066311899911005,1.0,False,False,False,False
1218,2.642675039532091,7.062405362521034,0.9809523809523809,False,False,False,False
1219,2.61288147993596,7.064133503628714,0.9801980198019802,False,False,False,False
1220,2.603525508661802,7.063654956116076,1.0,False,False,False,False
1221,2.647713196882996,7.062798744432358,1.0,False,False,False,False
1222,2.648805321368952,7.063028295774923,1.0,False,False,False,False
1223,2.6360458706698178,7.065562717034496,0.9895833333333334,False,False,False,False
1224,2.6390972224402565,7.067249419895747,1.0,False,False,False,False
1225,2.639667180187277,7.062497041578823,1.0,False,False,False,False
1226,2.592827634067126,7.06603160748802,0.98989898989899,False,False,False,False
1227,2.6231675502526617,7.0652301825979675,1.0,False,False,False,False
1228,2.6496522368613973,7.068581230873308,0.9893617021276596,False,False,False,False
1229,2.5978699312050426,7.063834225498487,1.0,False,False,False,False
1230,2.597707618902303,7.065088804883726,0.9900990099009901,False,False,False,False
1231,2.652656287010711,7.06011089567429,0.9888888888888889,False,False,False,False
1232,2.645160418995474,7.062183300845805,0.9888888888888889,False,False,False,False
1233,2.6333862067324483,7.062197010844358,1.0,False,False,False,False
1234,2.611876210075828,7.059760079646763,0.9797979797979798,False,False,False,False
1235,2.657991327834508,7.061379941633179,1.0,False,False,False,False
1236,2.618544855662091,7.061840538315746,0.9873417721518988,False,False,False,False
1237,2.6483424098769337,7.05912653692001,0.989010989010989,False,False,False,False
1238,2.6192652135940424,7.059528210399105,1.0,False,False,False,False
1239,2.631411352866841,7.055663846994067,0.979381443298969,False,False,False,False
1240,2.607447549160304,7.061570453660211,0.9711538461538461,False,False,False,False
1241,2.644752733828837,7.063024543230281,1.0,False,False,False,False
1242,2.6291989536345923,7.061394753210544,0.9879518072289156,False,False,False,False
1243,2.600066489111088,7.0597886201729985,0.9743589743589743,False,False,False,False
1244,2.6210105170005797,7.056552967088162,1.0,False,False,False,False
1245,2.593405651129577,7.0639152679805814,0.9876543209876543,False,False,False,False
1246,2.609711346225138,7.06535701051977,1.0,False,False,False,False
1247,2.637502281751821,7.065976260636593,1.0,False,False,False,False
1248,2.6200725448176607,7.066326395944859,0.9900990099009901,False,False,False,False
1249,2.65023031432188,7.06254321585246,0.9880952380952381,False,False,False,False
1250,2.675923573686761,7.065065503478261,1.0,False,False,False,False
1251,2.6550109627985807,7.065113201861226,1.0,False,False,False,False
1252,2.638590609572989,7.06392560133264,0.9887640449438202,False,False,False,False
1253,2.661394992024833,7.063278051103076,1.0,False,False,False,False
1254,2.633702924239322,7.065449951609825,1.0,False,False,False,False
1255,2.6075147179904703,7.068224400245144,1.0,False,False,False,False
1256,2.6145475542501795,7.0655228407943955,0.9883720930232558,False,False,False,False
1257,2.5969278260330237,7.064882140710173,0.978494623655914,False,False,False,False
1258,2.6278494838628763,7.0675765156482155,1.0,False,False,False,False
1259,2.6207493773995414,7.065966778190369,0.98,False,False,False,False
1260,2.605235135173142,7.062946496104956,1.0,False,False,False,False
1261,2.615984313494754,7.069298342669686,1.0,False,False,False,False
1262,2.615236274890901,7.068979467871135,1.0,False,False,False,False
1263,2.634696226846512,7.06987949947567,1.0,False,False,False,False
1264,2.6480930074023097,7.066929646153479,1.0,False,False,False,False
1265,2.625470729340628,7.070271486781078,1.0,False,False,False,False
1266,2.6656020190092535,7.073506548533922,0.9885057471264368,False,False,False,False
1267,2.640070826689751,7.06635749298059,1.0,False,False,False,False
1268,2.60918093133294,7.073358716153059,1.0,False,False,False,False
1269,2.6612404526794267,7.063616144997049,1.0,False,False,False,False
1270,2.628241134573712,7.06923643735591,0.9770114942528736,False,False,False,False
1271,2.6353531607672633,7.071876036429591,1.0,False,False,False,False
1272,2.5999278952847553,7.07077243571632,1.0,False,False,False,False
1273,2.6499730716,7.073680579338637,0.9891304347826086,False,False,False,False
1274,2.591672047664566,7.069589952798657,1.0,False,False,False,False
1275,2.602124336780486,7.069087448634521,1.0,False,False,False,False
1276,2.6156479170527884,7.0690052096804115,1.0,False,False,False,False
1277,2.6312728924925923,7.071134708381553,1.0,False,False,False,False
1278,2.6122601124835056,7.071122177594447,1.0,False,False,False,False
1279,2.6463555461852892,7.068801170253474,0.9859154929577465,False,False,False,False
1280,2.5833767977214896,7.067597250790757,1.0,False,False,False,False
1281,2.6375814624442637,7.0659788879632135,1.0,False,False,False,False
1282,2.6575558966796318,7.0611506735544065,1.0,False,False,False,False
1283,2.5505277910206106,7.068073579407893,1.0,False,False,False,False
1284,2.6453899440485262,7.0644850410820865,1.0,False,False,False,False
1285,2.5910864486441607,7.059878020704685,0.9887640449438202,False,False,False,False
1286,2.6011230355065122,7.06433590860312,0.9807692307692307,False,False,False,False
1287,2.585878036743263,7.062132189145673,1.0,False,False,False,False
1288,2.620776856922187,7.064564035342917,0.9902912621359223,False,False,False,False
1289,2.6485719512825643,7.064028579867919,1.0,False,False,False,False
1290,2.609723259502037,7.06592031473456,0.9876543209876543,False,False,False,False
1291,2.609786495489902,7.062086311525753,1.0,False,False,False,False
1292,2.5880350319333063,7.061892406044828,0.9886363636363636,False,False,False,False
1293,2.626131712701957,7.059248944373966,0.99,False,False,False,False
1294,2.594933311589816,7.058438667632151,0.974025974025974,False,False,False,False
1295,2.639789846319473,7.061041919938685,0.987012987012987,False,False,False,False
1296,2.591494029743235,7.055243724857662,1.0,False,False,False,False
1297,2.6343163402657765,7.06281722107318,1.0,False,False,False,False
1298,2.641337333326593,7.059455674477549,0.9761904761904762,False,False,False,False
1299,2.613906483145802,7.057380314410212,0.9880952380952381,False,False,False,False
1300,2.6158220099948397,7.0645479952995585,0.963855421686747,False,False,False,False
1301,2.613645234339608,7.056460715322486,1.0,False,False,False,False
1302,2.6461539062740345,7.058747093480138,1.0,False,False,False,False
1303,2.5694892079071847,7.056586532500683,1.0,False,False,False,False
1304,2.5972287562210625,7.056219698363412,1.0,False,False,False,False
1305,2.634712100752567,7.056891894045885,1.0,False,False,False,False
1306,2.6205079222784358,7.055227299510014,0.967391304347826,False,False,False,False
1307,2.6615333822584213,7.057662071849636,1.0,False,False,False,False
1308,2.661264258651532,7.052343032230732,1.0,False,False,False,False
1309,2.6100911576216004,7.0580975488473445,0.9871794871794872,False,False,False,False
1310,2.648251352622577,7.051666109178921,0.979381443298969,False,False,False,False
1311,2.658853933532768,7.054322659481924,1.0,False,False,False,False
1312,2.6368690240476504,7.055102686444808,1.0,False,False,False,False
1313,2.6482394185133686,7.057132847208621,0.967741935483871,False,False,False,False
1314,2.681250618851145,7.056123093354744,1.0,False,False,False,False
1315,2.6169934253181983,7.05469574453212,0.9882352941176471,False,False,False,False
1316,2.6194551266853936,7.049667965167407,1.0,False,False,False,False
1317,2.599927845788443,7.056174276688039,1.0,False,False,False,False
1318,2.654678738535516,7.049223296330311,1.0,False,False,False,False
1319,2.678151736366838,7.0525520819112675,1.0,False,False,False,False
1320,2.6252729681389972,7.0529132040888936,1.0,False,False,False,False
1321,2.6345220995703094,7.054255261069349,1.0,False,False,False,False
1322,2.646240840971108,7.0544049663773745,0.9883720930232558,False,False,False,False
1323,2.6644896907706563,7.056421034570885,0.9885057471264368,False,False,False,False
1324,2.6479821500722016,7.055463993930806,1.0,False,False,False,False
1325,2.6359152263585526,7.05142661521543,0.9876543209876543,False,False,False,False
1326,2.6618064415270215,7.0575183807724695,0.9777777777777777,False,False,False,False
1327,2.6356896970833033,7.055704401895533,0.9857142857142858,False,False,False,False
1328,2.6564557146325445,7.05425251026837,1.0,False,False,False,False
1329,2.648504614728817,7.058462597360576,1.0,False,False,False,False
1330,2.647281751324719,7.0521432673441,0.9883720930232558,False,False,False,False
1331,2.660009742668735,7.057039554403897,1.0,False,False,False,False
1332,2.6058404535088604,7.056822061207198,0.9883720930232558,False,False,False,False
1333,2.6443134070792005,7.057199079285612,0.9903846153846154,False,False,False,False
1334,2.6768931305945722,7.056050146249808,1.0,False,False,False,False
1335,2.6657681806370985,7.058425804685955,0.9759036144578314,False,False,False,False
1336,2.6742455209985936,7.054627848864639,0.9791666666666666,False,False,False,False
1337,2.6264839777557514,7.056641714220927,1.0,False,False,False,False
1338,2.630706770412201,7.0580021800852215,1.0,False,False,False,False
1339,2.6968519267832134,7.05857948962737,1.0,False,False,False,False
1340,2.6333863289068917,7.060419240637335,0.9882352941176471,False,False,False,False
1341,2.6870724630684233,7.055918857735902,1.0,False,False,False,False
1342,2.653867288545156,7.0531543118273285,0.9882352941176471,False,False,False,False
1343,2.6661521129618517,7.055001506363265,0.9787234042553191,False,False,False,False
1344,2.627097180070912,7.056703610573958,0.9878048780487805,False,False,False,False
1345,2.6517222406528944,7.0544233411968715,0.9882352941176471,False,False,False,False
1346,2.5823951857204457,7.055868190543295,1.0,False,False,False,False
1347,2.6188654204891555,7.055445840817084,0.975609756097561,False,False,False,False
1348,2.6242123248115985,7.058971743942957,1.0,False,False,False,False
1349,2.6060068840457857,7.054492202331417,0.9864864864864865,False,False,False,False
1350,2.6228784546486508,7.055701160247306,1.0,False,False,False,False
1351,2.6005571629752513,7.055656693271843,1.0,False,False,False,False
1352,2.61332865893101,7.055814422517283,1.0,False,False,False,False
1353,2.608702138291132,7.055607464711031,0.9904761904761905,False,False,False,False
1354,2.5993856490978424,7.053885899856825,0.97,False,False,False,False
1355,2.6132930463496926,7.055753123308245,1.0,False,False,False,False
1356,2.62825698003505,7.0555416483229365,0.9871794871794872,False,False,False,False
1357,2.6302794907361426,7.05302946946304,0.9848484848484849,False,False,False,False
1358,2.620895746438735,7.056176375188041,1.0,False,False,False,False
1359,2.614484302724231,7.053510178372631,0.9797979797979798,False,False,False,False
1360,2.6465812031798213,7.053348721620595,0.9883720930232558,False,False,False,False
1361,2.62272819436912,7.049320234253787,0.9655172413793104,False,False,False,False
1362,2.635958768813045,7.054476757341351,0.9878048780487805,False,False,False,False
1363,2.595843535247028,7.059022143154621,1.0,False,False,False,False
1364,2.632665726626055,7.056871913060871,0.9882352941176471,False,False,False,False
1365,2.6167085637634795,7.05244627007218,0.9861111111111112,False,False,False,False
1366,2.6366552970898454,7.054154714535194,1.0,False,False,False,False
1367,2.631704154444611,7.054245389640721,1.0,False,False,False,False
1368,2.6620794151795324,7.057958237101802,0.9887640449438202,False,False,False,False
1369,2.629796637226731,7.053614208684712,0.9775280898876404,False,False,False,False
1370,2.6421129899174605,7.056745031851275,0.9887640449438202,False,False,False,False
1371,2.5994648236502367,7.054998031836135,0.9876543209876543,False,False,False,False
1372,2.6005334488532665,7.061417737764869,1.0,False,False,False,False
1373,2.595593998537151,7.056819985910971,1.0,False,False,False,False
1374,2.5742423664920744,7.055362682244462,0.9880952380952381,False,False,False,False
1375,2.621960375801308,7.062866074019306,0.9879518072289156,False,False,False,False
1376,2.560034186663974,7.05636357351341,0.9797979797979798,False,False,False,False
1377,2.5791816945084407,7.058638644996954,1.0,False,False,False,False
1378,2.6196094855885463,7.057386315105735,1.0,False,False,False,False
1379,2.555696672785358,7.060442600539332,0.9777777777777777,False,False,False,False
1380,2.6064698445642156,7.063090415122323,1.0,False,False,False,False
1381,2.58223302447544,7.05792431772198,0.9902912621359223,False,False,False,False
1382,2.5809822900579236,7.059981813819457,1.0,False,False,False,False
1383,2.603525413929619,7.0575947580654415,1.0,False,False,False,False
1384,2.5724535612305517,7.058776250022255,0.9883720930232558,False,False,False,False
1385,2.593817172996628,7.064044548092154,1.0,False,False,False,False
1386,2.5797555363532925,7.060304288221508,1.0,False,False,False,False
1387,2.5516597891095345,7.0650405736879485,0.9891304347826086,False,False,False,False
1388,2.5963224774356357,7.065549840019898,0.9775280898876404,False,False,False,False
1389,2.5698848989738305,7.066204870574081,0.978021978021978,False,False,False,False
1390,2.539901291581193,7.066495499532987,1.0,False,False,False,False
1391,2.5490358650968443,7.059459000311487,0.9803921568627451,False,False,False,False
1392,2.5573390024339817,7.064366235936609,0.9868421052631579,False,False,False,False
1393,2.542149410782962,7.06470527182179,0.9770114942528736,False,False,False,False
1394,2.522337241264955,7.067844075291406,0.9770114942528736,False,False,False,False
1395,2.5011396963318866,7.06118007083977,0.989010989010989,False,False,False,False
1396,2.5280283368214627,7.063129056672179,0.9901960784313726,False,False,False,False
1397,2.5381164856060727,7.062652766403649,1.0,False,False,False,False
1398,2.4936438845168936,7.065963894105589,0.9759036144578314,False,False,False,False
1399,2.525424047353818,7.063274767336444,0.979381443298969,False,False,False,False
1400,2.5464273110989484,7.063637081811756,0.9878048780487805,False,False,False,False
1401,2.5346891868637833,7.063846943355358,0.9891304347826086,False,False,False,False
1402,2.5249334830080774,7.0631160487383156,1.0,False,False,False,False
1403,2.494510522582636,7.060736382157444,0.989247311827957,False,False,False,False
1404,2.52973011058616,7.058960049224643,1.0,False,False,False,False
1405,2.530414777901785,7.059393442751955,0.9886363636363636,False,False,False,False
1406,2.562824517311257,7.062841662444873,0.9885057471264368,False,False,False,False
1407,2.5182607229468426,7.060931065359753,0.9879518072289156,False,False,False,False
1408,2.530632300490593,7.061997697508522,1.0,False,False,False,False
1409,2.5224320476927002,7.059694182235601,0.9896907216494846,False,False,False,False
1410,2.5254321384972576,7.060378301420603,1.0,False,False,False,False
1411,2.54562036506942,7.064531982941078,0.9759036144578314,False,False,False,False
1412,2.4983021090487356,7.060808390345479,0.9882352941176471,False,False,False,False
1413,2.5242842222688644,7.0624715259383075,0.9887640449438202,False,False,False,False
1414,2.5287723353827727,7.063816687727717,1.0,False,False,False,False
1415,2.518102474588979,7.063043483037406,0.9876543209876543,False,False,False,False
1416,2.491589872232183,7.060909060675581,1.0,False,False,False,False
1417,2.5726988269881885,7.061657221044881,0.9807692307692307,False,False,False,False
1418,2.502010478507736,7.062058643899571,0.9759036144578314,False,False,False,False
1419,2.5375147704609473,7.062647375898237,0.9736842105263158,False,False,False,False
1420,2.5566266572032124,7.058866465120138,0.9886363636363636,False,False,False,False
1421,2.5351522065271745,7.062893890354301,0.9795918367346939,False,False,False,False
1422,2.541330143601855,7.059580236713156,0.9879518072289156,False,False,False,False
1423,2.5402376762756163,7.065634724764621,1.0,False,False,False,False
1424,2.542731217680963,7.065458648391162,1.0,False,False,False,False
1425,2.560920784791335,7.063246561032717,1.0,False,False,False,False
1426,2.5132343310417613,7.062151335049761,0.9693877551020408,False,False,False,False
1427,2.5186880190381333,7.0610226127055835,0.9770114942528736,False,False,False,False
1428,2.5318752398653963,7.064383406186847,1.0,False,False,False,False
1429,2.522594396710426,7.063438480876405,0.98989898989899,False,False,False,False
1430,2.5332722715837797,7.063279250783287,1.0,False,False,False,False
1431,2.523817378999655,7.068223335582259,0.9746835443037974,False,False,False,False
1432,2.5826800834889214,7.066371563865753,1.0,False,False,False,False
1433,2.519515174459124,7.062665419966814,0.9770114942528736,False,False,False,False
1434,2.5084575468330406,7.065984348856222,0.9770114942528736,False,False,False,False
1435,2.507294003678928,7.069865328322582,1.0,False,False,False,False
1436,2.5347406914893615,7.0660704410318065,0.9896907216494846,False,False,False,False
1437,2.5494790984369393,7.059539917113748,1.0,False,False,False,False
1438,2.5250838264915365,7.063282213344017,0.9859154929577465,False,False,False,False
1439,2.5305059461155963,7.064035593081496,0.9886363636363636,False,False,False,False
1440,2.5603746804451637,7.0645484672405345,0.9886363636363636,False,False,False,False
1441,2.5329122008988194,7.061361854979452,0.9647058823529412,False,False,False,False
1442,2.544488462840443,7.064453580131843,0.9882352941176471,False,False,False,False
1443,2.5115129325372996,7.068038267867145,0.972972972972973,False,False,False,False
1444,2.555051552021117,7.060753212304466,0.9873417721518988,False,False,False,False
1445,2.5544341118974505,7.062217318819936,1.0,False,False,False,False
1446,2.572279468664421,7.063623641281385,0.9759036144578314,False,False,False,False
1447,2.5649299676521373,7.062858459786161,1.0,False,False,False,False
1448,2.5374832362974793,7.061486645325136,0.9787234042553191,False,False,False,False
1449,2.5164282890508543,7.063745408230901,1.0,False,False,False,False
1450,2.53872203754559,7.067405128315324,1.0,False,False,False,False
1451,2.545636147000048,7.064639295141294,1.0,False,False,False,False
1452,2.532528244264486,7.066459733472206,0.987012987012987,False,False,False,False
1453,2.5409700061282,7.065365285657025,0.987012987012987,False,False,False,False
1454,2.5504447349705077,7.068430748069801,1.0,False,False,False,False
1455,2.5339055584845096,7.063670775381464,1.0,False,False,False,False
1456,2.5387219934374836,7.062608087674443,0.9880952380952381,False,False,False,False
1457,2.562036908347668,7.06224008327697,1.0,False,False,False,False
1458,2.5614431079762108,7.064526959286525,1.0,False,False,False,False
1459,2.549502840439759,7.0673371759457595,1.0,False,False,False,False
1460,2.5286180886921463,7.062237127637854,0.9893617021276596,False,False,False,False
1461,2.563156892444095,7.064434546146829,0.9868421052631579,False,False,False,False
1462,2.5531518018398085,7.069003949545106,0.9875,False,False,False,False
1463,2.5458458821272245,7.062152825032052,0.9883720930232558,False,False,False,False
1464,2.5585145170388244,7.067031329432549,0.9893617021276596,False,False,False,False
1465,2.557861539392806,7.0663356958975285,1.0,False,False,False,False
1466,2.5714839431415397,7.062496090932061,0.9897959183673469,False,False,False,False
1467,2.558059383735711,7.057615325034225,0.9893617021276596,False,False,False,False
1468,2.544615069771942,7.0617688138631305,0.9775280898876404,False,False,False,False
1469,2.5501875021165623,7.063841851109215,1.0,False,False,False,False
1470,2.5554433372491454,7.060962239205597,1.0,False,False,False,False
1471,2.587002092365646,7.065068394138615,1.0,False,False,False,False
1472,2.5298923361763728,7.059192991403151,0.9871794871794872,False,False,False,False
1473,2.526718407053833,7.064266164254405,1.0,False,False,False,False
1474,2.5048560099177473,7.06162828340109,0.9795918367346939,False,False,False,False
1475,2.545465920362216,7.060662551335341,1.0,False,False,False,False
1476,2.562440617441048,7.064766853279179,0.9761904761904762,False,False,False,False
1477,2.525768487604458,7.064702824140119,1.0,False,False,False,False
1478,2.5501242603645697,7.062832933736106,0.9746835443037974,False,False,False,False
1479,2.5787580284547933,7.062067171503285,1.0,False,False,False,False
1480,2.5456520592500818,7.063297313694866,0.9651162790697675,False,False,False,False
1481,2.520116919302037,7.0657699021357505,1.0,False,False,False,False
1482,2.5578456955604594,7.062602256025816,0.9518072289156626,False,False,False,False
1483,2.5701224847206907,7.06081321679563,0.9887640449438202,False,False,False,False
1484,2.5296747248387956,7.062083867867379,1.0,False,False,False,False
1485,2.5294293013194933,7.062983926333091,1.0,False,False,False,False
1486,2.53093725822179,7.064874337136874,0.9871794871794872,False,False,False,False
1487,2.547452738442068,7.066028051139872,1.0,False,False,False,False
1488,2.550737599452453,7.064340184480926,1.0,False,False,False,False
1489,2.5535040855017104,7.065573565078184,1.0,False,False,False,False
1490,2.532009783123388,7.067198703033735,0.9871794871794872,False,False,False,False
1491,2.5033837895881637,7.066931756398954,0.9764705882352941,False,False,False,False
1492,2.5354253262251345,7.059794416220846,1.0,False,False,False,False
1493,2.5628561824206666,7.0640637846132,1.0,False,False,False,False
1494,2.5444250595675717,7.063165117011465,1.0,False,False,False,False
1495,2.490085873139632,7.065583712373854,0.9775280898876404,False,False,False,False
1496,2.5602044286206005,7.066745704725378,0.979381443298969,False,False,False,False
1497,2.5575646934493963,7.0640786059823455,1.0,False,False,False,False
1498,2.5523048376655475,7.067315510693286,1.0,False,False,False,False
1499,2.513998334368005,7.067069523005209,0.9846153846153847,False,False,False,False
