frame_idx,timestamp_ns,blur,illumination,occlusion,blur_z,blur_fault,illumination_z,illumination_fault,occlusion_z,occlusion_fault,any_fault
0,1574861255212062464,4.0783738982700966,7.214596212260652,0.9848484848484849,3.8335199128726267,False,5.335726390689843,False,-2.3788784500813596,False,False
1,1574861255278940416,3.9004201147621305,7.162866841007492,0.9848484848484849,3.6649311949237515,False,4.7048781422249375,False,-2.3788784500813596,False,False
2,1574861255345714176,3.879107721232208,7.164321031949385,1.0,3.5267282932048216,False,4.281018467639997,False,-1.4349710511270846,False,False
3,1574861255479220480,3.633208080483112,7.119385917242136,0.9852941176470589,3.197027432125819,False,3.436325530625773,False,-1.6903812884911884,False,False
4,1574861255545949952,3.6876463217357554,7.125573252854307,1.0,3.017810182402169,False,2.9204960570869907,False,-0.9530230380139602,False,False
5,1574861255612814848,3.6934998091963505,7.123427586835726,1.0,2.8979035471308587,False,2.5332486732055575,False,-0.43687226267987733,False,False
6,1574861255679589632,3.6133206125848663,7.121697727688179,1.0,2.7380092476562194,False,2.2410795857313195,False,-0.07556671994604239,False,False
7,1574861255746370816,3.699867653034374,7.1230939611811035,1.0,2.7080756200010496,False,2.053588523152328,False,0.17734715996766512,False,False
8,1574861255813097472,3.7066946694975376,7.124724212797014,1.0,2.6935898158613854,False,1.9422259677616283,False,0.3543868759072281,False,False
9,1574861255879825152,3.729740379664471,7.125754997239536,1.0,2.7052826505546435,False,1.8768427659556235,False,0.47831467706494524,False,False
10,1574861255946730240,3.6992225181730816,7.1256373718974,1.0,2.684555818288723,False,1.8296400641661275,False,0.5650641378753427,False,False
11,1574861256013456896,3.6507525883863647,7.127564608434955,1.0,2.6241279034383935,False,1.8201011416262451,False,0.6257887604426209,False,False
12,1574861256080191232,3.676350864828421,7.12575424188203,1.0,2.606079494556048,False,1.7913461759509657,False,0.668295996239734,False,False
13,1574861256146949888,3.6496878923917304,7.1246748595162614,1.0,2.5681858119396024,False,1.7580544532893254,False,0.6980510612976993,False,False
14,1574861256213686272,3.5871128237620975,7.128665705188517,1.0,2.4823782655661852,False,1.7834192712563162,False,0.7188796068382843,False,False
15,1574861256280442880,3.5740879892627557,7.128400442143634,1.0,2.4099735986508377,False,1.7979397170750906,False,0.7334595887166754,False,False
16,1574861256347317760,3.641372805313321,7.13235648558979,1.0,2.4230341907591963,False,1.8563486340680544,False,0.7436655760315768,False,False
17,1574861256414076416,3.5630856127415345,7.127429645465972,1.0,2.3580093851438644,False,1.8371512448018537,False,0.7508097671519801,False,False
18,1574861256480811008,3.600216791493811,7.133180289282376,1.0,2.3476691199989896,False,1.8938431259241197,False,0.7558107009362856,False,False
19,1574861256547595264,3.628609259530491,7.13050245625049,1.0,2.367329209283055,False,1.9008708254549533,False,0.7593113545852809,False,False
20,1574861256614348800,3.5736130775306956,7.129975152585666,1.0,2.328989340411538,False,1.8993596596160776,False,0.7617618121396006,False,False
21,1574861256681224192,3.645274994986687,7.131182339927016,1.0,2.370042041501856,False,1.913023693058652,False,0.7634771324275875,False,False
22,1574861256747954944,3.647934779218893,7.132589116424067,1.0,2.40129874164979,False,1.9397443888026218,False,0.7646778566292107,False,False
23,1574861256814723584,3.5885019330317527,7.1299253549354535,1.0,2.36687332182409,False,1.9259638633689466,False,0.76551836357031,False,False
24,1574861256881435904,3.5934174674187656,7.128580729186392,1.0,2.3474323754938395,False,1.8999195618946667,False,0.7661067184290887,False,False
25,1574861256948187904,3.631110499429414,7.130187279764323,1.0,2.3695330967971016,False,1.9012807011944082,False,0.7665185668302292,False,False
26,1574861257015095296,3.6637339227850214,7.129208210228722,1.0,2.415910172000874,False,1.8902935835903165,False,0.7668068607110277,False,False
27,1574861257081813760,3.6483344613956508,7.128885409911794,1.0,2.4337850813449715,False,1.878665997948964,False,0.7670086664275911,False,False
28,1574861257148590080,3.609267949108635,7.130596392408013,1.0,2.4092869351863886,False,1.8913924028685056,False,0.7671499304291993,False,False
29,1574861257215318528,3.6882518576986154,7.130848820850528,1.0,2.4669655033345093,False,1.903379292969087,False,0.7672488152303159,False,False
30,1574861257282067200,3.6521612796347274,7.132081103494585,1.0,2.4731492398810406,False,1.9267980069414266,False,0.7673180345911114,False,False
31,1574861257348947968,3.6582880557699364,7.131927392852942,1.0,2.4832822014765665,False,1.941316579993774,False,0.7673664881436774,False,False
32,1574861257415717120,3.6140251679105138,7.131358008261064,1.0,2.4484417828191467,False,1.9445358417462397,False,0.767400405630469,False,False
33,1574861257482438400,3.5609799944891134,7.126435244470818,1.0,2.3737998924248482,False,1.886755405374629,False,0.7674241478712001,False,False
34,1574861257549191168,3.601760345846591,7.1295476909488205,1.0,2.3601847977520998,False,1.8842659001137443,False,0.7674407674397348,False,False
35,1574861257615937536,3.657662844411909,7.129311222885832,1.0,2.403614783246256,False,1.8796394792454891,False,0.7674524011376815,False,False
36,1574861257682822400,3.6826002106406683,7.130096590990641,1.0,2.4576407757116785,False,1.885978678727493,False,0.7674605447262672,False,False
37,1574861257749586944,3.717190455393504,7.131635130318081,1.0,2.5282288554124537,False,1.909178860234702,False,0.7674662452382772,False,False
38,1574861257816319232,3.734022671822743,7.1302182051732,1.0,2.593586908813118,False,1.9081393505147037,False,0.7674702355966613,False,False
39,1574861257883090432,3.767572093153783,7.131150023300074,1.0,2.6711213825281077,False,1.9187753700707058,False,0.7674730288475439,False,False
40,1574861257949824000,3.7366385789051355,7.1321283009432825,1.0,2.6960899191250567,False,1.9381508416149769,False,0.7674749841231479,False,False
41,1574861258016564736,3.8179376834576444,7.133250531402723,1.0,2.7905885207544223,False,1.965399457982598,False,0.7674763528160936,False,False
42,1574861258083438080,3.8810709154738556,7.129480342283815,1.0,2.916548299698313,False,1.9384954088171278,False,0.7674773109011466,False,False
43,1574861258150198528,3.8877000666364974,7.133367688203085,1.0,3.0110004278143254,False,1.9670694016049044,False,0.7674779815606928,False,False
44,1574861258216936960,3.956100972379147,7.136158076206564,1.0,3.1419181303631394,False,2.0211004403280395,False,0.7674784510223613,False,False
45,1574861258283722752,3.9285435891980582,7.139335983763987,1.0,3.207453384614502,False,2.0976772763369524,False,0.7674787796455477,False,False
46,1574861258350437888,3.9335539658506526,7.1384758665288555,1.0,3.2580747611975354,False,2.140791789431185,False,0.767479009681769,False,False
47,1574861258417334272,3.920493615287802,7.136234453163533,1.0,3.281136693370476,False,2.1436375414442184,False,0.7674791707071239,False,False
48,1574861258484062976,3.9273601315001394,7.142664952378347,1.0,3.3037852021303813,False,2.2240505706249314,False,0.7674792834248677,False,False
49,1574861258550816512,4.083091778154492,7.139402950483026,1.0,3.467175210241501,False,2.2405590377726674,False,0.7674793623272791,False,False
50,1574861258617562368,4.207604953552781,7.145667240789347,1.0,3.699508712146673,False,2.328509022385595,False,0.7674794175589994,False,False
51,1574861258684341760,4.04979951104718,7.143878124248645,1.0,3.7126414520431408,False,2.3682554391352615,False,0.767479456221199,False,False
52,1574861258751190528,4.119403547345445,7.134321293361246,1.0,3.7877753969737036,False,2.279530795641859,False,0.7674794832847341,False,False
53,1574861258817948416,4.14197834390763,7.135578647713071,1.0,3.8617559248953084,False,2.232757189726355,False,0.767479502229181,False,False
54,1574861258884732416,4.282983362123495,7.1368723405693455,1.0,4.047126727301375,False,2.2157924641945073,False,0.7674795154903308,False,False
55,1574861258951438592,4.184230900557837,7.138923414609598,1.0,4.083330813167911,False,2.22893034388702,False,0.7674795247731355,False,False
56,1574861259018199552,4.254756821640959,7.137236651854256,1.0,4.1754880695923635,False,2.217556508553919,False,0.7674795312710989,False,False
57,1574861259085101312,4.186589638504956,7.136364557300248,1.0,4.175418358851019,False,2.198959486321712,False,0.7674795358196363,False,False
58,1574861259151812608,4.360609691910731,7.138531185204527,1.0,4.340231567200927,False,2.212363956830708,False,0.7674795390036495,False,False
59,1574861259218577152,4.472549229135354,7.135128481615739,1.0,4.561649376310292,False,2.1802505524571165,False,0.7674795412324541,False,False
60,1574861259285320704,4.575671157707457,7.132365448914862,1.0,4.8143368362277315,False,2.1240755280689814,False,0.7674795427926219,False,False
61,1574861259352065280,4.960505950906714,7.133299018065722,1.0,5.355800384707986,False,2.0961380413847146,False,0.76747954388473,False,False
62,1574861259418938624,5.306357572692145,7.123927984615882,0.9821428571428571,6.062475567426494,False,1.962300496005435,False,-0.3449827469755281,False,False
63,1574861259485714432,5.588280331586521,7.1208159216116975,1.0,6.824234376615866,False,1.8306620905674156,False,-0.011244058952997916,False,False
64,1574861259552459264,5.804738544090583,7.106483933979992,0.8947368421052632,7.562532340821405,False,1.5637342443123214,False,-6.33529943323028,True,True
65,1574861259619223296,6.301406436907474,7.135067784585322,0.8472222222222222,8.549870969387998,False,1.7254695433572853,False,-13.722198678787203,True,True
66,1574861259685972992,6.707355520753833,7.268394753806731,0.65625,9.625593457634515,False,3.464628720384645,False,-30.7901943249969,True,True
67,1574861259752724992,6.391012798221725,7.313309620046507,0.4233576642335766,10.078904452980083,False,5.229784375694731,False,-57.246492004062404,True,True
68,1574861259819648768,5.541931821154843,7.305738294627297,0.44680851063829785,9.591825240947772,False,6.373059767164451,False,-74.30496216881984,True,True
69,1574861259886339072,4.4094201079915365,7.243190814263434,0.4262295081967213,8.17795808466176,False,6.410575660717924,False,-87.52791968021845,True,True
70,1574861259953083648,3.46656919933908,7.156032758872817,0.7777777777777778,6.295019008074107,False,5.373929867934612,False,-74.88327509688614,True,True
71,1574861260019835648,3.4220925603375787,7.15169226745723,1.0,4.934825660497762,False,4.595344801417321,False,-52.18804870389041,True,True
72,1574861260086619648,3.510978603692849,7.147459059242152,1.0,4.066898608793484,False,3.9987105796817817,False,-36.301390228793416,True,True
73,1574861260153445120,3.487730933204352,7.145304916452931,1.0,3.437325443130943,False,3.554796496440953,False,-25.180729296225497,True,True
74,1574861260220202240,3.507899351305186,7.1480942673675925,1.0,3.0157312541921,False,3.2780732344742325,False,-17.396266643427975,True,True
75,1574861260286944512,3.58006020744445,7.142575673293438,1.0,2.7889786125758596,False,3.0170667825214954,False,-11.947142786469687,True,True
76,1574861260353734144,3.5111091044021547,7.146279421273466,1.0,2.564929308175981,False,2.8795300860865103,False,-8.132756086598878,True,True
77,1574861260420456448,3.5381323615170412,7.142460716620538,1.0,2.4336959156903775,False,2.7366846629880413,False,-5.462685396689324,True,True
78,1574861260487320320,3.544325942841151,7.142889651747241,1.0,2.347700176436256,False,2.64192380171801,False,-3.593635913752646,True,True
79,1574861260554078208,3.5668057596131892,7.141585240970992,1.0,2.3087999440820988,False,2.5596836934110345,False,-2.285301275696953,True,True
80,1574861260620828416,3.5383856253775803,7.140649646593623,1.0,2.2546452963220096,False,2.4907058892360925,False,-1.3694670290579813,True,True
81,1574861260687596288,3.5328407623068316,7.13836302018169,0.9841269841269841,2.2114839859564435,False,2.414535638570309,False,-1.7172384267437824,True,True
82,1574861260754326016,3.583515211544143,7.1399542661825794,0.9850746268656716,2.2292787045106692,False,2.3806219715845955,False,-1.9016422636114012,True,True
83,1574861260821212928,3.583621916117952,7.135634275312704,1.0,2.2418360965957107,False,2.3041994006753264,False,-1.1009057205981136,True,True
84,1574861260887938048,3.5476822382457343,7.1384426916986925,1.0,2.2165779687571243,False,2.2849527039206543,False,-0.5403901404888171,True,True
85,1574861260954717184,3.5329239939748636,7.132395078520334,1.0,2.1849157081466712,False,2.1977283720386245,False,-0.1480292344122679,True,True
86,1574861261021447168,3.5124388852455337,7.132952123414876,1.0,2.143345074351063,False,2.143464594452996,False,0.12662339984130727,False,False
87,1574861261088225792,3.526552016991107,7.131782842180847,1.0,2.1276160392368872,False,2.0912203718690403,False,0.3188802438188099,False,False
88,1574861261155118336,3.5018282243129106,7.132160400277114,1.0,2.093183045982634,False,2.0592537995653006,False,0.45346003460306633,False,False
89,1574861261221838592,3.5022042318080997,7.128665475809129,1.0,2.069436170282029,False,1.994256016329845,False,0.547665888152009,False,False
90,1574861261288565760,3.5278382865188136,7.12965727308632,1.0,2.0770983841919564,False,1.960852700095271,False,0.6136099856362688,False,False
91,1574861261355323136,3.452926881861037,7.123404687474749,1.0,2.0114928462138453,False,1.86121906181224,False,0.6597708538752922,False,False
92,1574861261422083072,3.488961788320689,7.129675870438291,0.9830508474576272,1.9997074889777509,False,1.8679536297197965,False,-0.36381295074695774,False,False
93,1574861261488812800,3.482522364732206,7.128626069857253,1.0,1.9853571989536736,False,1.8598653353295522,False,-0.024425201592980218,False,False
94,1574861261555693568,3.505663174858816,7.132717015263238,1.0,1.9972349887197676,False,1.9040932859151334,False,0.2131462228147856,False,False
95,1574861261622449408,3.5746418991147837,7.133761244493387,1.0,2.0708980644333987,False,1.9477873997039867,False,0.37944621990024935,False,False
96,1574861261689222144,3.5008822644902335,7.13284113051075,1.0,2.0525842862499073,False,1.967152336973265,False,0.4958562178600463,False,False
97,1574861261755980288,3.571095980266257,7.1330893198433865,1.0,2.106283262771101,False,1.9837345030717506,False,0.577343216431918,False,False
98,1574861261822701568,3.473823627176085,7.130031959464458,1.0,2.0517192862249582,False,1.9580570032415094,False,0.6343841154322143,False,False
99,1574861261889562624,3.4825622966029854,7.130183944191458,1.0,2.0218032874272147,False,1.941936232273779,False,0.6743127447324218,False,False
100,1574861261956318464,3.500094868955998,7.129323478058041,1.0,2.017471984597343,False,1.9201581656119635,False,0.702262785242567,False,False
101,1574861262023106304,3.4684768159255066,7.125705716611035,1.0,1.98448596363728,False,1.8607943190257665,False,0.7218278135996641,False,False
102,1574861262089828096,3.4649504695010203,7.12637595073747,1.0,1.9580549814298218,False,1.8274132425735066,False,0.7355233334496274,False,False
103,1574861262156561664,3.5085206835776654,7.126569945486258,1.0,1.9808305647980955,False,1.8064122871426143,False,0.7451101973446201,False,False
104,1574861262223479552,3.4940949420336076,7.1287163575233485,1.0,1.9831069063404316,False,1.8178874685645334,False,0.7518210020711242,False,False
105,1574861262290190336,3.4834921802425876,7.124537285497546,1.0,1.974655568726767,False,1.7749556201792902,False,0.756518565379691,False,False
106,1574861262356940288,3.5333671477449378,7.1228703043999575,1.0,2.0159898603114996,False,1.7245742157837989,False,0.7598068596956739,False,False
107,1574861262423728384,3.5164837374517797,7.129400024168189,1.0,2.0289289670951196,False,1.7689382465577974,False,0.762108665716862,False,False
108,1574861262490442496,3.5402141245516603,7.130385725633475,1.0,2.0604678842909956,False,1.8120138606942053,False,0.7637199299316658,False,False
109,1574861262557317376,3.5203148084422375,7.130686200303007,1.0,2.0636930394277107,False,1.8458311289411773,False,0.7648478148820332,False,False
110,1574861262624091648,3.5199663363566702,7.131641927839315,1.0,2.0656205147663997,False,1.8811584722813155,False,0.7656373343473227,False,False
111,1574861262690820096,3.439284819978192,7.130342384828551,1.0,1.9905342082287034,False,1.8900394704076742,False,0.7661899979730299,False,False
112,1574861262757608448,3.429651822415614,7.128057609902859,1.0,1.9288477459950775,False,1.8683929605341085,False,0.7665768625109881,False,False
113,1574861262824364800,3.4217917285156307,7.131372259280909,1.0,1.8782207769138661,False,1.893663101671357,False,0.766847667687591,False,False
114,1574861262891217920,3.4345593626468975,7.129571657807565,1.0,1.8548776181702744,False,1.889393567332602,False,0.7670372313112178,False,False
115,1574861262957940224,3.3938622718094176,7.130626840430491,1.0,1.7999820572657383,False,1.8992730201131516,False,0.7671699258477196,False,False
116,1574861263024729088,3.354004293057418,7.127336185989574,1.0,1.7237947674925254,False,1.8660585612425122,False,0.7672628120232754,False,False
117,1574861263091447040,3.43382314308899,7.128411658438305,1.0,1.7460819365964406,False,1.8559240046362626,False,0.7673278323461876,False,False
118,1574861263158227712,3.459690736361517,7.1302995318380225,1.0,1.7861892301394602,False,1.871852743740492,False,0.7673733465722031,False,False
119,1574861263224942080,3.4010770412271083,7.134834372516675,1.0,1.7587352677786883,False,1.938305994128447,False,0.7674052065304278,False,False
120,1574861263291825152,3.4338705202076545,7.132771277303101,1.0,1.770585170628604,False,1.9596634816358909,False,0.7674275085012034,False,False
121,1574861263358610432,3.49884797994774,7.129118992798335,0.96875,1.8404380330997188,False,1.9300735085619891,False,-1.1793658904625461,False,False
122,1574861263425342208,3.4432741246655794,7.131204498570554,1.0,1.8366858330373454,False,1.9347936156480512,False,-0.5953122593938921,False,False
123,1574861263492063232,3.436676677081633,7.131875733231956,1.0,1.8278090452721327,False,1.946283508455979,False,-0.18647471764584808,False,False
124,1574861263558818048,3.3978596155751366,7.13206791333578,1.0,1.7848210342230026,False,1.9566701016114139,False,0.09971156157779654,False,False
125,1574861263625686528,3.383671196852273,7.132994290393119,1.0,1.741287693050546,False,1.975238038436191,False,0.3000419570343524,False,False
126,1574861263692450816,3.3853373622334413,7.133558398171404,1.0,1.7123928353385987,False,1.9951149819821568,False,0.44027323385392303,False,False
127,1574861263759189248,3.4455142013430713,7.130157916150804,1.0,1.749176384128835,False,1.967559401126393,False,0.5384351276276271,False,False
128,1574861263825950976,3.398967771603505,7.129975318691438,1.0,1.7308280091975765,False,1.9460436882734604,False,0.6071484532692384,False,False
129,1574861263892693248,3.465081076533418,7.131316053547063,1.0,1.7806181469775493,False,1.9473331728573553,False,0.6552477812183433,False,False
130,1574861263959564288,3.418376277264003,7.130459937753077,1.0,1.7712243492262083,False,1.9377953381914312,False,0.688917310782712,False,False
131,1574861264026326272,3.397016463854359,7.128310958238243,1.0,1.7444129673030047,False,1.9049116928855003,False,0.7124859814777794,False,False
132,1574861264093071360,3.3958726694940604,7.130575421211139,1.0,1.7245613993667748,False,1.909508642105502,False,0.7289840509643127,False,False
133,1574861264159816192,3.3525992848516117,7.128135791369473,1.0,1.6696692392699728,False,1.8829748166542566,False,0.7405326996048952,False,False
134,1574861264226563584,3.414889406686356,7.130305124382947,1.0,1.69025674467094,False,1.8908565141645384,False,0.7486167536533168,False,False
135,1574861264293448704,3.4041087545366544,7.125978962458462,1.0,1.6944546931273754,False,1.8436154413695816,False,0.754275591487212,False,False
136,1574861264360202496,3.36276666088026,7.127897829066949,1.0,1.658226848615099,False,1.8339475864548778,False,0.7582367779709109,False,False
137,1574861264426939648,3.351788038015421,7.127586793860912,1.0,1.6224664999015732,False,1.8233869621716294,False,0.7610096085095325,False,False
138,1574861264493718528,3.395085239907616,7.124255198505494,1.0,1.638452882177374,False,1.7753651681244589,False,0.7629505898865767,False,False
139,1574861264560476672,3.400966435764313,7.12161458298296,1.0,1.655215039508869,False,1.7095471687261539,False,0.7643092768505078,False,False
140,1574861264627316480,3.409510975468258,7.125713076985702,1.0,1.6750434210494065,False,1.7134563821935858,False,0.7652603577252272,False,False
141,1574861264694062848,3.438679294384496,7.124213035816301,1.0,1.7165565836603396,False,1.6978995811632893,False,0.7659261143375584,False,False
142,1574861264760818176,3.4147946042057855,7.125883979020328,1.0,1.722988072376126,False,1.707387249512029,False,0.7663921439661765,False,False
143,1574861264827568384,3.4014531349022694,7.123422181606617,1.0,1.714850758566358,False,1.6840065902390593,False,0.7667183647062229,False,False
144,1574861264894313728,3.395207860083424,7.127014220103609,1.0,1.7032380303610988,False,1.7114456330359453,False,0.7669467192242416,False,False
145,1574861264961063168,3.421490773767396,7.1243328535951,1.0,1.7200088593843845,False,1.6979532544064104,False,0.7671065673868686,False,False
146,1574861265027949568,3.36972017143586,7.119649737425647,1.0,1.6827023373787071,False,1.631397212187022,False,0.7672184611006797,False,False
147,1574861265094728960,3.3737017049515408,7.122751912943378,0.9852941176470589,1.6603597717470735,False,1.6226395267713647,False,-0.14884862993177192,False,False
148,1574861265161460992,3.420616394979577,7.125361556519387,1.0,1.689165714967543,False,1.6483341825290692,False,0.12604982297764525,False,False
149,1574861265228216320,3.3768876988786154,7.117579491806284,1.0,1.6679024626211918,False,1.5714168737260996,False,0.31847874001423726,False,False
150,1574861265294941440,3.40993836572785,7.121776295988731,1.0,1.6843295154803075,False,1.5687554795312613,False,0.4531789819398286,False,False
151,1574861265361812224,3.3811026409812976,7.121914272349208,1.0,1.6685102478876848,False,1.568575148158841,False,0.5474691512877702,False,False
152,1574861265428562176,3.3457048309311417,7.123485655226046,1.0,1.6239018095484083,False,1.587612190591517,False,0.6134722698313155,False,False
153,1574861265495345920,3.3519620347216037,7.120418951069834,1.0,1.598603812442215,False,1.5635391552840001,False,0.6596744528118065,False,False
154,1574861265562102528,3.387735660828995,7.119948687234997,1.0,1.6147862037064282,False,1.5409530852304187,False,0.692015980898127,False,False
155,1574861265628822272,3.3892830949251835,7.119166371569206,1.0,1.6275798758143118,False,1.5156023671024315,False,0.714655050558556,False,False
156,1574861265695687936,3.3215194450140153,7.117664990252486,0.9852941176470589,1.57233795277855,False,1.4795472706368775,False,-0.18564301731125848,False,False
157,1574861265762443776,3.344521482720319,7.119525075986157,1.0,1.5554601301079412,False,1.4769927566506695,False,0.10029375181199081,False,False
158,1574861265829195264,3.3953346270321165,7.117694639216985,1.0,1.5917846861017715,False,1.4528821173523652,False,0.3004494901982607,False,False
159,1574861265895948288,3.3090131421410263,7.1173577810880495,1.0,1.5354331787035678,False,1.431896629179772,False,0.4405585070686773,False,False
160,1574861265962716416,3.3979387295415373,7.119942290797626,1.0,1.5802328781088033,False,1.4487253113444676,False,0.5386348188779366,False,False
161,1574861266029574400,3.366098978955251,7.117955397010832,1.0,1.581428528299986,False,1.4362748901137243,False,0.6072882371444505,False,False
162,1574861266096319744,3.3833308925354486,7.119058545738445,1.0,1.5985905435759684,False,1.4410126766593574,False,0.6553456299309963,False,False
163,1574861266163061504,3.3867264992272967,7.11433734026994,1.0,1.6138208624323467,False,1.3867532447533437,False,0.6889858048815922,False,False
164,1574861266229841408,3.3673892844216926,7.11563037979454,1.0,1.606162518671703,False,1.3645404735402218,False,0.7125339273470094,False,False
165,1574861266296625152,3.3071056201614755,7.121000588786819,1.0,1.5436905255223103,False,1.4144821216219758,False,0.7290176130728105,False,False
166,1574861266363476736,3.4680928390853993,7.119952967041687,1.0,1.652475172760336,False,1.4366653546182835,False,0.7405561930808437,False,False
167,1574861266430224128,3.368180729208544,7.119931072280821,1.0,1.6339703298045913,False,1.4519266074813182,False,0.7486331990864946,False,False
168,1574861266496939008,3.38278847254756,7.122359812097271,1.0,1.6348559302481847,False,1.4922283687298465,False,0.7542871032904318,False,False
169,1574861266563725568,3.3632019362157313,7.118140684885535,1.0,1.616920082964726,False,1.4689866465979153,False,0.7582448362331741,False,False
170,1574861266630473984,3.3984057330785538,7.1203672819307435,1.0,1.6377161379174519,False,1.4798711607812223,False,0.761015249293112,False,False
171,1574861266697217792,3.3847200302498206,7.120223125810953,1.0,1.6393079027167434,False,1.4857323129573838,False,0.7629545384350824,False,False
172,1574861266764098048,3.4023159407786556,7.1221467491651715,1.0,1.6570920393209516,False,1.5132940248243907,False,0.7643120408344571,False,False
173,1574861266830844928,3.4092142339056806,7.120575232019864,1.0,1.676076195793064,False,1.513422311311713,False,0.7652622925140148,False,False
174,1574861266897591808,3.3357830256263354,7.117589159635791,1.0,1.6197983165921455,False,1.4770964646557552,False,0.765927468689696,False,False
175,1574861266964312064,3.3775764187674944,7.122147824927731,1.0,1.619997758804479,False,1.5072620501157934,False,0.7663930920126866,False,False
176,1574861267031074816,3.3696015757645106,7.123320001143114,1.0,1.612582212563708,False,1.5426728429888645,False,0.7667190283387432,False,False
177,1574861267097943552,3.3564580618573356,7.123009779806656,0.9857142857142858,1.5949395120024144,False,1.5636771974313404,False,-0.12302264953276297,False,False
178,1574861267164722688,3.3818348646047696,7.125294294149624,1.0,1.6066309347892291,False,1.606240276253635,False,0.1441280092569492,False,False
179,1574861267231437568,3.3823294039586562,7.120644867058443,1.0,1.615283444272018,False,1.5793338981387433,False,0.3311334704097685,False,False
180,1574861267298230528,3.383686972392238,7.120449927256189,1.0,1.6226263254150735,False,1.55812211028911,False,0.46203729321670506,False,False
181,1574861267364965632,3.3912067648574613,7.124924203548945,1.0,1.6348903951348097,False,1.5978383990942935,False,0.5536699691815699,False,False
182,1574861267431812352,3.398326411478254,7.123908179167428,1.0,1.6502202092458393,False,1.613249215678571,False,0.6178128423569706,False,False
183,1574861267498588928,3.403246002855598,7.127534937720132,1.0,1.6656117701568665,False,1.6682657084044077,False,0.6627128535797743,False,False
184,1574861267565319168,3.38162482808264,7.125544835508315,1.0,1.6559025324395547,False,1.682507627291944,False,0.6941428614357045,False,False
185,1574861267632091648,3.3736147096684737,7.126061449678863,1.0,1.6415174912544632,False,1.698777165870859,False,0.7161438669348787,False,False
186,1574861267698812672,3.3088072364777763,7.127964266360486,1.0,1.5700510727193406,False,1.7333710074020365,False,0.7315445707843007,False,False
187,1574861267765719808,3.39007473230908,7.126662316542815,1.0,1.5970152604880032,False,1.7417092028533052,False,0.7423250634788731,False,False
188,1574861267832442624,3.4046232720903653,7.127786869126503,1.0,1.6296730945505848,False,1.7612600446455227,False,0.7498714083650736,False,False
189,1574861267899223808,3.400831889373644,7.126633297583114,1.0,1.6489417224705367,False,1.7608776379048385,False,0.7551538497854187,False,False
190,1574861267965958144,3.41245947794208,7.1286789055065185,1.0,1.6734454325495547,False,1.7855564805510775,False,0.7588515587796879,False,False
191,1574861268032702208,3.3803467449317854,7.126401604844756,1.0,1.6601752738684163,False,1.7750596117277218,False,0.7614399550756717,False,False
192,1574861268099576832,3.3347224571072873,7.128716024382218,1.0,1.6076629166204117,False,1.7959365330628831,False,0.7632518324828419,False,False
193,1574861268166323712,3.395492906967374,7.127359447981858,1.0,1.6284765868938484,False,1.7940067041552787,False,0.7645201466678518,False,False
194,1574861268233092352,3.3511231249757953,7.127356952463517,1.0,1.6010113956313057,False,1.7926253906605174,False,0.7654079665973726,False,False
195,1574861268299816448,3.4140900853445095,7.1276282928451336,1.0,1.6414389981802529,False,1.794967512100144,False,0.7660294405480464,False,False
196,1574861268366572544,3.373123860624956,7.131132255802344,1.0,1.6309279998435855,False,1.8393384056035416,False,0.7664644723135181,False,False
197,1574861268433341952,3.3439991624175067,7.128421864642677,0.9846153846153847,1.5959783305836315,False,1.8373443620413925,False,-0.1916600566965335,False,False
198,1574861268500223232,3.361812886874207,7.129005266300589,1.0,1.5883898145130957,False,1.8430632113734748,False,0.09608182424230753,False,False
199,1574861268566947584,3.411940829654797,7.128786485068131,1.0,1.630567743280112,False,1.8443983325474285,False,0.29750114089948704,False,False
200,1574861268633688832,3.4279380696817583,7.129600763380922,1.0,1.6752476564202772,False,1.8552631762326344,False,0.43849466255954495,False,False
201,1574861268700474624,3.3516890410826075,7.130327466087392,1.0,1.6342872782837734,False,1.8717308266547008,False,0.5371901277215624,False,False
202,1574861268767224832,3.421277126630227,7.130440015246276,1.0,1.6715409292710668,False,1.884630737580139,False,0.6062769533349608,False,False
203,1574861268834102528,3.355654585910911,7.1291883852826405,1.0,1.6354494217912166,False,1.878396840560002,False,0.654637731264372,False,False
204,1574861268900846336,3.3833664674933037,7.131182935630418,1.0,1.6364388717960088,False,1.8983569844210653,False,0.6884902758149506,False,False
205,1574861268967595264,3.441034078813638,7.131094452252295,1.0,1.6917642598037885,False,1.9112500156753294,False,0.7121870570003418,False,False
206,1574861269034358272,3.3802993095453098,7.129165244352995,1.0,1.6729535139131453,False,1.8967481277576217,False,0.7287748038301248,False,False
207,1574861269101069824,3.4268100590377135,7.130422710837648,1.0,1.7038490483496285,False,1.901931818223475,False,0.7403862266109499,False,False
208,1574861269167952896,3.3675397035906522,7.1310271875144675,1.0,1.6693247519646184,False,1.9129320947206307,False,0.7485142225575274,False,False
209,1574861269234716160,3.349512311101821,7.130313479577222,1.0,1.6280790686291535,False,1.9119285017887306,False,0.7542038197201456,False,False
210,1574861269301446656,3.3489185527709027,7.131135351817948,1.0,1.5986445793220523,False,1.9212488548085098,False,0.7581865377340059,False,False
211,1574861269368195328,3.383778136470915,7.132273516848292,1.0,1.611065486392238,False,1.9416532129397666,False,0.760974440343699,False,False
212,1574861269434938368,3.374429850345124,7.119673928645973,0.9863013698630136,1.6109038017852522,False,1.8022821990981401,False,-0.09046975839093983,False,False
213,1574861269501814272,3.3090922475238904,7.121109118469111,1.0,1.5488915020339844,False,1.7222248669598312,False,0.16691503305623692,False,False
214,1574861269568594176,3.360799400563514,7.117245149301549,1.0,1.5544688843454662,False,1.6190629906176064,False,0.34708438706926986,False,False
215,1574861269635340800,3.3723481153792996,7.124742052543774,1.0,1.5693139995869256,False,1.6382756536532253,False,0.4732029348783653,False,False
216,1574861269702092288,3.3952235316811334,7.124476424945527,1.0,1.6013771459335615,False,1.6484851452313931,False,0.5614859183447182,False,False
217,1574861269768847360,3.359042370493707,7.127476195195371,1.0,1.5895442711584773,False,1.6922144842745572,False,0.6232840067711745,False,False
218,1574861269835725056,3.3468249975060624,7.127217859089918,1.0,1.5696868420876664,False,1.7196745700200637,False,0.6665426686697123,False,False
219,1574861269902438144,3.3605225825981835,7.129047897813466,1.0,1.5687633723484555,False,1.761214255317546,False,0.6968237319986889,False,False
220,1574861269969188096,3.3457999617790226,7.126993420262961,1.0,1.5541691211255417,False,1.7652373410898343,False,0.7180204763289724,False,False
221,1574861270035949824,3.305676684185044,7.124444470302977,1.0,1.5059414110083262,False,1.7369686342796313,False,0.7328581973601662,False,False
222,1574861270102699264,3.356224389467519,7.121729574422469,1.0,1.5200695758586058,False,1.6840719346814295,False,0.7432446020819788,False,False
223,1574861270169436672,3.34521412348467,7.126739651442325,1.0,1.5195284558439899,False,1.7081429638545065,False,0.750515085387257,False,False
224,1574861270236325376,3.38486246735519,7.115019478490468,1.0,1.5567114664197557,False,1.5820632343467271,False,0.755604423700947,False,False
225,1574861270303106816,3.3182305993155086,7.1113982711424715,1.0,1.5196143005866323,False,1.4496462004351425,False,0.759166960520567,False,False
226,1574861270369814272,3.3517286281081904,7.1123777095562275,1.0,1.5253814329034798,False,1.3688986903411098,False,0.7616607362943009,False,False
227,1574861270436604416,3.3317065650748052,7.125430804949048,1.0,1.5104500514286427,False,1.471560093094698,False,0.763406379335887,False,False
228,1574861270503319808,3.362362980106289,7.124051259621941,0.9878048780487805,1.529041162914646,False,1.5265992913148403,False,0.00489798396517746,False,False
229,1574861270570250752,3.3927025154834842,7.1226309339610445,1.0,1.5707978160518377,False,1.5478056234379884,False,0.2336724527055098,False,False
230,1574861270636969216,3.3754391449290035,7.120340168740169,1.0,1.5836726115984927,False,1.5347137947204503,False,0.393814580823724,False,False
231,1574861270703724032,3.31366339441456,7.125418528541272,1.0,1.5341602528260139,False,1.5874809533345402,False,0.5059140705064693,False,False
232,1574861270770444032,3.4173511194565,7.122832148054967,1.0,1.5977326158692136,False,1.5928766260468281,False,0.5843837132844325,False,False
233,1574861270837232384,3.3703773421244163,7.123075028601123,1.0,1.5977315530844125,False,1.5996155654252047,False,0.63931246322897,False,False
234,1574861270904061696,3.3793216926642056,7.120726611242551,1.0,1.6062044507776359,False,1.5756934844203052,False,0.6777625881901645,False,False
235,1574861270970826752,3.3778452660721827,7.121888711940864,1.0,1.6107367515753792,False,1.5731200381687835,False,0.7046776756630008,False,False
236,1574861271037576704,3.362236346860294,7.118402967581234,1.0,1.5991218840222041,False,1.5288093961114584,False,0.7235182368939908,False,False
237,1574861271104321792,3.3901341126125026,7.115748427459596,1.0,1.6174210837323075,False,1.4654193903141026,False,0.7367066297556976,False,False
238,1574861271171063296,3.3936960123167115,7.11624692761111,1.0,1.6336049733036841,False,1.4271256781519506,False,0.74593850475886,False,False
239,1574861271237938176,3.3932725286789056,7.107455166458345,1.0,1.6445324987817487,False,1.2931030965245087,False,0.7524008172610691,False,False
240,1574861271304727552,3.333475458110704,7.106318454447923,1.0,1.5955316001211122,False,1.185424898186406,False,0.7569244360126247,False,False
241,1574861271371447296,3.35323633007315,7.105450980903301,1.0,1.5799518996280306,False,1.0994711758253546,False,0.7600909691387183,False,False
242,1574861271438192896,3.3872726280083563,7.104463423400176,1.0,1.6012911996625636,False,1.0272601428891728,False,0.7623075423269976,False,False
243,1574861271504938496,3.390957205968224,7.106911681958133,1.0,1.6197193816027338,False,1.0065693383631482,False,0.7638591435587655,False,False
244,1574861271571855360,3.4171493366637997,7.106147892956557,1.0,1.6574328423205542,False,0.9827712418423942,False,0.7649452644210306,False,False
245,1574861271638597120,3.3380781360634906,7.116088387317806,1.0,1.6089222962171195,False,1.0873385490917102,False,0.7657055490246024,False,False
246,1574861271705326592,3.364155763320676,7.118559997163034,1.0,1.5996701697688533,False,1.1906773555105925,False,0.7662377482471258,False,False
247,1574861271772110336,3.2817563960859486,7.116367572456605,1.0,1.5151306954165038,False,1.2362775376582158,False,0.7666102877028643,False,False
248,1574861271838816256,3.372917968494875,7.113238419376035,1.0,1.5423171311388155,False,1.2300371251775393,False,0.7668710653218999,False,False
249,1574861271905591808,3.3477313460562286,7.117006689570086,1.0,1.5374864947700306,False,1.2716235154574973,False,0.7670536096551971,False,False
250,1574861271972451072,3.3558723113406215,7.117363221733118,1.0,1.5418175849664009,False,1.305081957420875,False,0.7671813906885327,False,False
251,1574861272039190272,3.35519152489617,7.107485560448124,1.0,1.5442043889936656,False,1.2080431517511265,False,0.7672708374118585,False,False
252,1574861272105941504,3.3330559960326402,7.107235091697027,1.0,1.524904535967117,False,1.1370614798867693,False,0.7673334501181681,False,False
253,1574861272172685824,3.2846019193509965,7.108096040106322,1.0,1.4654905253976986,False,1.097873718000273,False,0.7673772790126079,False,False
254,1574861272239439360,3.2294355795069793,7.117703966914998,1.0,1.371637583577925,False,1.187612543118986,False,0.7674079592387111,False,False
255,1574861272306326528,3.172729712790686,7.118119420879825,1.0,1.252218882755217,False,1.2554962505994756,False,0.7674294353969787,False,False
256,1574861272373098496,3.2705720298305816,7.116781282086408,0.9857142857142858,1.26131902109381,False,1.286696021663415,False,-0.12252536459200726,False,False
257,1574861272439823872,3.213410921201228,7.109203713694968,1.0,1.2135361922082446,False,1.216126160080678,False,0.14447610871549202,False,False
258,1574861272506563072,3.257388668948202,7.107201582589237,1.0,1.2217515695455066,False,1.1423109365990771,False,0.33137714003073,False,False
259,1574861272573326080,3.2553941522494663,7.109993522370748,1.0,1.2256127812003828,False,1.1246884481237482,False,0.46220786195139657,False,False
260,1574861272640187392,3.1247861014967473,7.116071894682342,1.0,1.1045810090762405,False,1.1864794630680828,False,0.5537893672958586,False,False
261,1574861272706960896,3.228283952167236,7.11635934035804,1.0,1.1179099008049171,False,1.2332386211432986,False,0.6178964210369912,False,False
262,1574861272773724160,3.2286085963519526,7.119167858360413,1.0,1.1275476843475996,False,1.3002203739063782,False,0.6627713586557933,False,False
263,1574861272840473088,3.2629651526130057,7.107593046207059,1.0,1.1668426274928354,False,1.2059508499201337,False,0.6941838149889178,False,False
264,1574861272907187968,3.2494179962758394,7.106858345766593,1.0,1.1815148693164828,False,1.131002389596824,False,0.7161725344221327,False,False
265,1574861272974102272,3.218821081967923,7.1057507156504,1.0,1.162798729489813,False,1.0650307346875485,False,0.7315646380253646,False,False
266,1574861273040836608,3.173331387962839,7.117517128886483,0.9893617021276596,1.1066016960722571,False,1.1623439341032262,False,0.0795956176648552,False,False
267,1574861273107568640,3.175052920013364,7.115508761445352,0.9859154929577465,1.0688947067100554,False,1.2059708001776024,False,-0.5914742506199919,False,False
268,1574861273174342912,3.1542352780136107,7.116103048220699,1.0,1.0227777295440237,False,1.2437570320648483,False,-0.18378811150410412,False,False
269,1574861273241062912,3.1541522920728426,7.106781394989689,1.0,0.9904172268376787,False,1.1565282896312865,False,0.10159218587700347,False,False
270,1574861273307950080,3.1863322178156364,7.106888523733915,1.0,0.9982512873011099,False,1.096774622703405,False,0.301358394043788,False,False
271,1574861273374716160,3.180601587361309,7.109307735529944,0.9897959183673469,0.9983060815755687,False,1.0844497443115337,False,-0.19449799831071762,False,False
272,1574861273441441536,3.1937648174511177,7.1070403466658565,1.0,1.0108149343515218,False,1.0481711467755035,False,0.09409526511239247,False,False
273,1574861273508188672,3.1894075061282003,7.108767248247684,1.0,1.0154431295452817,False,1.0438359792537981,False,0.29611054950853727,False,False
274,1574861273574980608,3.2192959059849984,7.10755474398125,1.0,1.0469983473922204,False,1.0260146716769971,False,0.43752124858585245,False,False
275,1574861273641815040,3.2294832014757584,7.110409271711475,1.0,1.078738174770475,False,1.048351194733725,False,0.5365087379399638,False,False
276,1574861273708597504,3.208503285109995,7.102437048218247,0.9861111111111112,1.0810802348711404,False,0.9667641752274128,False,-0.25944846855356773,False,False
277,1574861273775314688,3.193001112669089,7.103126521843713,1.0,1.0680333279035834,False,0.9180615066077359,False,0.04862993594238818,False,False
278,1574861273842067968,3.161838134141345,7.105325321428929,1.0,1.0293775096207436,False,0.9107843636219488,False,0.2642848190895527,False,False
279,1574861273908811776,3.2366306482174645,7.105838868703234,1.0,1.073174890738508,False,0.9119531575820039,False,0.41524323729258167,False,False
280,1574861273975593216,3.2220862171156974,7.103690062935025,1.0,1.0900540473509632,False,0.8865662711830758,False,0.5209141300346973,False,False
281,1574861274042480896,3.2545789612620064,7.1043484840792175,1.0,1.1326522252371587,False,0.8768250055873219,False,0.5948837549541646,False,False
282,1574861274109225984,3.2216308625828622,7.101959063438935,1.0,1.1312567906333026,False,0.8408667392901716,False,0.6466624923977962,False,False
283,1574861274175938816,3.185133195093716,7.106525264820134,0.9893617021276596,1.095703059475841,False,0.8713815348578678,False,0.02016411572555727,False,False
284,1574861274242687488,3.2110166208582926,7.100422407529553,1.0,1.095336722121013,False,0.8183165365048816,False,0.24435874493775261,False,False
285,1574861274309451008,3.1978216094367196,7.106935148905972,1.0,1.0825796803938592,False,0.8605949972089885,False,0.4012949853863124,False,False
286,1574861274376314624,3.220091407699528,7.10360682884207,0.9880952380952381,1.0947475703157306,False,0.8496005053753618,False,-0.2304911740494938,False,False
287,1574861274443093248,3.1775502035435736,7.106040083843547,1.0,1.062962679188836,False,0.8715783087653811,False,0.06890004209523994,False,False
288,1574861274509812992,3.1776214361933093,7.105908139116696,1.0,1.0407807393324013,False,0.8853536833452732,False,0.27847389339657197,False,False
289,1574861274576578560,3.1423226871705587,7.103237114025841,1.0,0.9918122782114075,False,0.8624228522645953,False,0.4251755893074998,False,False
290,1574861274643313408,3.150713123033996,7.107762374053747,0.9777777777777777,0.9654832329238042,False,0.9015575659007815,False,-0.8565307420211853,False,False
291,1574861274710201856,3.1230526150685862,7.101250760272122,1.0,0.9208480659906749,False,0.849541657100133,False,-0.36932765548496027,False,False
292,1574861274776944128,3.1884218834691325,7.105131941547746,0.9896907216494846,0.9515325687979865,False,0.8604621692932176,False,-0.6705317663630141,False,False
293,1574861274843705856,3.156166635663054,7.108380671783327,1.0,0.9424539502703706,False,0.9077253310189459,False,-0.2391283725242197,False,False
294,1574861274910466304,3.181792792892483,7.110650174869882,1.0,0.9603764623360533,False,0.96848651018182,False,0.06285400316292257,False,False
295,1574861274977191680,3.133754221857536,7.105502534806773,1.0,0.9274117464148774,False,0.9482430126119348,False,0.27424166614392215,False,False
296,1574861275044104704,3.136168388845631,7.107207119404807,1.0,0.9066235633600108,False,0.9548602557536907,False,0.4222130302306357,False,False
297,1574861275110819584,3.133991725214965,7.107483930472764,1.0,0.8900097215442992,False,0.9628680827646982,False,0.5257929850913444,False,False
298,1574861275177582848,3.115208186563609,7.110009081774006,1.0,0.8605850034891368,False,0.9992681999389381,False,0.5982989534938313,False,False
299,1574861275244342528,3.1143575300114112,7.109759479686378,0.9886363636363636,0.8391818112834513,False,1.0217043431698942,False,-0.0588774178401434,False,False
300,1574861275311103232,3.1415348800024323,7.109729181542059,0.98989898989899,0.8499466808578238,False,1.0370401525444222,False,-0.4402419278610694,False,False
301,1574861275377947136,3.099532040065782,7.105304247101768,1.0,0.817689707540567,False,0.9938124108681247,False,-0.0779254855728607,False,False
302,1574861275444720640,3.0976283766840638,7.105904809962995,1.0,0.7933063457720279,False,0.9708769552365373,False,0.1756960240288877,False,False
303,1574861275511440896,3.1022668938674234,7.1069007935563135,1.0,0.7806324012940732,False,0.966968321143032,False,0.35323108075009774,False,False
304,1574861275578199296,3.077190726147106,7.108374522505267,1.0,0.7480041406701303,False,0.9822046458495872,False,0.47750562045493095,False,False
305,1574861275644958464,3.1560836660748643,7.1055073001335565,1.0,0.7999054473827502,False,0.9579038215285849,False,0.5644977982483141,False,False
306,1574861275711696128,3.1128218713229625,7.103664230453038,1.0,0.7952512794965662,False,0.9184167045501387,False,0.625392322703687,False,False
307,1574861275778573568,3.129582682836502,7.104351622860991,0.9855072463768116,0.8078721124537386,False,0.8991585869077433,False,-0.23484945700336995,False,False
308,1574861275845348352,3.0997101519987806,7.102327904286385,1.0,0.788406248202311,False,0.8609983214267201,False,0.06584924402751738,False,False
309,1574861275912063232,3.105880178121661,7.104724557064799,1.0,0.7806254631361349,False,0.8635137130921623,False,0.27633833474915237,False,False
310,1574861275978813440,3.1159050016057557,7.108098309186406,1.0,0.7846761667840476,False,0.9064179530514181,False,0.42368069825430604,False,False
311,1574861276045577216,3.1404981127564713,7.104442913284064,1.0,0.8108105237817227,False,0.8918727626851081,False,0.5268203527078998,False,False
312,1574861276112443904,3.0593888366503545,7.098649657680298,1.0,0.752263786128763,False,0.8110414180169778,False,0.5990181108254339,False,False
313,1574861276179190272,3.099805111739788,7.106867177365773,1.0,0.7495703821272859,False,0.8546734900790819,False,0.64955654150768,False,False
314,1574861276245939456,3.0763398246194877,7.102477676553827,1.0,0.725454605603061,False,0.8316852512493478,False,0.684933442985257,False,False
315,1574861276312699648,3.147843359795631,7.106031230105548,1.0,0.7763141241445707,False,0.8589296580761324,False,0.7096972740195839,False,False
316,1574861276379438080,3.0845282690538673,7.104843647030869,1.0,0.7519327411633108,False,0.8635179706034704,False,0.7270319557435897,False,False
317,1574861276446313472,3.1342687228707073,7.108538997456684,1.0,0.7819885662751535,False,0.9117951997403486,False,0.7391662329504076,False,False
318,1574861276513096704,3.1150856672600318,7.108159488122986,1.0,0.784854123246049,False,0.9409610809675493,False,0.7476602269951524,False,False
319,1574861276579822080,3.1683681964584007,7.108251071808802,1.0,0.8373384750585986,False,0.962494076040761,False,0.7536060228264877,False,False
320,1574861276646572544,3.1130751969599126,7.10849962949518,1.0,0.8216943928923494,False,0.9805983747368611,False,0.7577680799084315,False,False
321,1574861276713359360,3.104811405118883,7.105796909343534,1.0,0.8029146370833286,False,0.9603112640227023,False,0.7606815198657693,False,False
322,1574861276780191744,3.117863753569002,7.112784826972576,0.989247311827957,0.8021342584617872,False,1.031329099160679,False,0.09285116083609173,False,False
323,1574861276846945536,3.0430952302303362,7.1072540417803935,1.0,0.7307542677024562,False,1.0135927424781517,False,0.2952396765151705,False,False
324,1574861276913717760,3.045323229134007,7.107090095197632,1.0,0.6828990215310367,False,0.9991779370751366,False,0.4369116374904957,False,False
325,1574861276980438016,3.0554866907091736,7.105135091401429,1.0,0.6590289444738295,False,0.965245978262976,False,0.5360820101732372,False,False
326,1574861277047200512,3.083586184056296,7.107034108699086,0.9895833333333334,0.6689406089305483,False,0.9646524375037255,False,-0.04343506572993205,False,False
327,1574861277114097664,3.0312615253573805,7.102368676729687,1.0,0.6263077733484453,False,0.9073412435415704,False,0.19983931791893544,False,False
328,1574861277180812288,3.0511728993481197,7.103292860072507,1.0,0.6153282986599009,False,0.8784939766722609,False,0.37013138647313115,False,False
329,1574861277247563264,3.080645586174937,7.104141608902937,1.0,0.6355643120360995,False,0.8686515223979109,False,0.48933583446108203,False,False
330,1574861277314325760,3.106140999505266,7.105214303997411,1.0,0.6738832031150291,False,0.8748434987139913,False,0.572778948052643,False,False
331,1574861277381088000,3.0814491951661975,7.104528567834981,1.0,0.6773140631042037,False,0.8708152160811242,False,0.6311891275667172,False,False
332,1574861277447812352,3.0669440707779843,7.10929624819621,1.0,0.6659738930696862,False,0.9261380697388082,False,0.6720762532265738,False,False
333,1574861277514716416,3.051477448076874,7.106240989051081,1.0,0.6433831038927573,False,0.9276046760941865,False,0.7006972411885057,False,False
334,1574861277581450496,3.005481169899854,7.109903490221523,1.0,0.5839938914552696,False,0.9732961088018198,False,0.7207319327618442,False,False
335,1574861277648248320,3.059915292511063,7.111359585891575,0.9859154929577465,0.5939908938884854,False,1.0230374395130049,False,-0.14267883005207194,False,False
336,1574861277714947584,3.062210850921175,7.112525530631206,1.0,0.6031635470452247,False,1.0720752601831678,False,0.13036868289343062,False,False
337,1574861277781719040,3.045315409531098,7.11003097368037,0.9885057471264368,0.5935781089855529,False,1.075980199555136,False,-0.39456574001006656,False,False
338,1574861277848564480,3.031079533430359,7.111743139176358,1.0,0.5733816090384102,False,1.0995937988620703,False,-0.04595215407717485,False,False
339,1574861277915312896,3.0541490420196435,7.112757063168278,0.9880952380952381,0.5810995026636819,False,1.1284882893573183,False,-0.5435641716739672,False,False
340,1574861277982063360,3.108816816908877,7.1111785895588415,1.0,0.638292835342491,False,1.1294646856523816,False,-0.1502510562418776,False,False
341,1574861278048827392,3.0175679104490833,7.1119501646439,1.0,0.591881362473825,False,1.1395576489888224,False,0.12506812456056204,False,False
342,1574861278115571968,3.086906807202046,7.1083362395262535,1.0,0.6250831722611234,False,1.1025503080731691,False,0.3177915511222744,False,False
343,1574861278182488064,3.1029711846070858,7.110310330386138,1.0,0.6635434062955922,False,1.1007195343645542,False,0.45269794971546845,False,False
344,1574861278249198080,3.0727421659752445,7.1110995604557665,0.9875,0.6618273956705294,False,1.1090627841587823,False,-0.23159117540657953,False,False
345,1574861278315948544,3.10997241972667,7.111533165231847,1.0,0.6958971480582561,False,1.1201909410610733,False,0.06813004114529604,False,False
346,1574861278382687744,3.100279833694214,7.1158325241800355,1.0,0.7105634745287184,False,1.1804120452104356,False,0.27793489273157895,False,False
347,1574861278449437696,3.093278860999068,7.112347211836358,1.0,0.7141973662959509,False,1.1800628569397693,False,0.4247982888419955,False,False
348,1574861278516313600,3.1405138413062663,7.113277111196098,0.9903846153846154,0.7614902642530226,False,1.1911587018273633,False,-0.07141549090938963,False,False
349,1574861278583080192,3.1106608363723174,7.11600153481977,1.0,0.7663133438274328,False,1.2321505904854173,False,0.18025302029332205,False,False
350,1574861278649813248,3.105638748406575,7.111043385664212,1.0,0.7649317059334462,False,1.2003794625582056,False,0.3564209781351926,False,False
351,1574861278716612096,3.058981375282235,7.1120300208381275,1.0,0.7197625954885107,False,1.1901718523351448,False,0.47973854862451115,False,False
352,1574861278783316224,3.1289099969335243,7.1107508288487065,1.0,0.7543927487771088,False,1.1674265670425195,False,0.5660608479670296,False,False
353,1574861278850191616,3.048236114954029,7.110622333887994,1.0,0.7022055494324582,False,1.1499378500138702,False,0.6264864575067879,False,False
354,1574861278916938240,3.1325986147793023,7.109467654745604,1.0,0.7455973157351595,False,1.1236142447453699,False,0.6687843841846278,False,False
355,1574861278983687424,3.1297252974394074,7.110195459760808,1.0,0.7732494471316697,False,1.1140634237373925,False,0.6983929328591435,False,False
356,1574861279050475008,3.0960056482174645,7.113218314165472,1.0,0.760660833363505,False,1.144242059060824,False,0.7191189169312953,False,False
357,1574861279117222656,3.121279528770864,7.111857210905132,0.9861111111111112,0.7757926111352005,False,1.1487682241379435,False,-0.13162134325963573,False,False
358,1574861279184071424,3.0746775138889766,7.111824074664698,1.0,0.7422353365941283,False,1.1515324377526883,False,0.1381089236481452,False,False
359,1574861279250812928,3.156800012408989,7.111404629585942,1.0,0.7965459321407244,False,1.1483521850903269,False,0.3269201104835688,False,False
360,1574861279317604608,3.1118282437630818,7.113576806702798,1.0,0.7919582823006809,False,1.1726160678645043,False,0.45908794126836067,False,False
361,1574861279384312832,3.0450501709305167,7.104989574367029,1.0,0.725483143614344,False,1.0848780654843997,False,0.5516054228177426,False,False
362,1574861279451063296,3.1338132386136754,7.107019011286877,0.9866666666666667,0.7630423342268794,False,1.048210783116855,False,-0.21427085117749162,False,False
363,1574861279517815296,3.127516991943803,7.112583334781151,0.989010989010989,0.7833688697308162,False,1.0904015318863787,False,-0.6043379113557376,False,False
364,1574861279584705536,3.091612697591486,7.109559181861497,1.0,0.7635826636983706,False,1.0830550103906935,False,-0.19279267401913072,False,False
365,1574861279651442944,3.091371262456866,7.109380997356634,1.0,0.7495035902010628,False,1.0757394558007733,False,0.09528899211650331,False,False
366,1574861279718202368,3.0453943780785857,7.1071528520683795,1.0,0.6960909519123951,False,1.0434459668318672,False,0.2969461584114333,False,False
367,1574861279784945664,3.032555964282823,7.10888970351505,1.0,0.6465393307109399,False,1.0420217155565514,False,0.4381061748178981,False,False
368,1574861279851699200,3.060287384988889,7.108715243328954,1.0,0.6381252119607028,False,1.0388971688049846,False,0.5369181863024004,False,False
369,1574861279918568704,3.0320808761809905,7.1044054543961295,0.9863013698630136,0.6055132268155787,False,0.984151396371301,False,-0.24730913621985343,False,False
370,1574861279985320960,3.0761143379173324,7.1075796973675365,1.0,0.6244009767342753,False,0.9845397743370842,False,0.057127468576002025,False,False
371,1574861280052072192,3.0877775779122936,7.106767779588418,0.989247311827957,0.6486718474329957,False,0.9749101671487046,False,-0.39963667506674533,False,False
372,1574861280118826496,3.0840771243233975,7.106939142736368,1.0,0.6621557448541499,False,0.9702592440827223,False,-0.04950180861682923,False,False
373,1574861280185567744,3.0799294042437553,7.102774946120616,1.0,0.6676650325119066,False,0.9162205306447146,False,0.19559259789811895,False,False
374,1574861280252469248,3.0435900277168924,7.106367064053174,1.0,0.6370945676176345,False,0.9221999042560055,False,0.36715868245857347,False,False
375,1574861280319203584,3.0312576745599165,7.103008132146536,1.0,0.604011896285519,False,0.8854227349661442,False,0.48725494165090544,False,False
376,1574861280385944576,3.1170606428301806,7.106468836478892,0.9887640449438202,0.6621414939850158,False,0.901882578865492,False,-0.12865395029634843,False,False
377,1574861280452734976,3.0766087101428474,7.105801415952186,1.0,0.66450911895189,False,0.9052651657515174,False,0.14018609872243246,False,False
378,1574861280520893184,3.089538700089753,7.1073585653307,1.0,0.6784159876568105,False,0.9266226710960667,False,0.32837413303556523,False,False
379,1574861280586329856,3.102428906999412,7.106217596757462,1.0,0.7003626375788253,False,0.9276586241500091,False,0.460105757054772,False,False
380,1574861280653092608,3.116213571894253,7.1078095601012485,0.9893617021276596,0.7287845202414829,False,0.9477980478835316,False,-0.11042559901457805,False,False
381,1574861280719820032,3.1191582381688905,7.10569622507319,1.0,0.7514695372184615,False,0.9361231738758895,False,0.15294594461969477,False,False
382,1574861280786612224,3.1095765572398832,7.10515826811555,1.0,0.7582716174694073,False,0.9213902878900998,False,0.3373060251636627,False,False
383,1574861280853318912,3.094920994040818,7.106650662835988,1.0,0.7491487798591022,False,0.9292772684462033,False,0.46635808154444486,False,False
384,1574861280920209920,3.06038245775692,7.1050913110842275,1.0,0.7100418957956934,False,0.9157816020047348,False,0.5566945210109739,False,False
385,1574861280986961664,3.09182236307923,7.1024734302422905,1.0,0.712452413493393,False,0.8744091451249717,False,0.6199300286375812,False,False
386,1574861281053732352,3.0834914783754757,7.099414327232401,1.0,0.7062473155817021,False,0.8081421575368515,False,0.6641948839761924,False,False
387,1574861281120459776,3.1343319320428487,7.109088173160362,1.0,0.7500686510695002,False,0.8797294192398185,False,0.6951802827132203,False,False
388,1574861281187187200,3.067462707255071,7.102045897630113,1.0,0.7173934471559622,False,0.8439587861875372,False,0.7168700618291167,False,False
389,1574861281253938432,3.129115692268772,7.1035503856819515,1.0,0.7529292152762377,False,0.8372668239761147,False,0.7320529072102534,False,False
390,1574861281320836608,3.129147413077197,7.104619498392893,1.0,0.7778343044171585,False,0.8456204569758274,False,0.7426808989770722,False,False
391,1574861281387592960,3.0600617584439878,7.102892098600501,1.0,0.7298179409211395,False,0.8304020735617456,False,0.7501204932138269,False,False
392,1574861281454324992,3.1385310826602346,7.102138936935889,1.0,0.770546253278264,False,0.8105642739535136,False,0.7553282091795506,False,False
393,1574861281521068544,3.095554377365377,7.104265363080234,0.9852941176470589,0.7583410755707708,False,0.8226099331797428,False,-0.15717180627655772,False,False
394,1574861281587827200,3.122985192178233,7.104753475470184,1.0,0.7757846811766527,False,0.8369945060616434,False,0.12022359953631363,False,False
395,1574861281654702592,3.137371721396326,7.10332122492893,1.0,0.8016246231934947,False,0.8295971745573936,False,0.3144003836053005,False,False
396,1574861281721475072,3.0841483125517586,7.104303654268453,1.0,0.7692901297352512,False,0.8363999309835467,False,0.4503241324535821,False,False
397,1574861281788196352,3.1370588903994463,7.106232975975976,1.0,0.7967820693542879,False,0.864690258187679,False,0.5454707566473884,False,False
398,1574861281854947584,3.0662911148100966,7.105965084784474,0.9789473684210527,0.7489829041935473,False,0.8812265097892827,False,-0.6994610975955532,False,False
399,1574861281921718784,3.0755244243691364,7.104712370183864,1.0,0.7242708823722599,False,0.8775248239148901,False,-0.2593789043870178,False,False
400,1574861281988598784,3.0421255491118426,7.104816859524931,1.0,0.6753312541398973,False,0.8762079086198556,False,0.04867863085899157,False,False
401,1574861282055344384,3.061716298629328,7.102623860280229,0.9886363636363636,0.6596332734321131,False,0.8485420789783952,False,-0.44361164368454503,False,False
402,1574861282122067712,3.036248281241795,7.107682512726228,1.0,0.6245169594142443,False,0.8908671024868534,False,-0.08028428664927749,False,False
403,1574861282188812032,3.0662832800450266,7.105445694537991,1.0,0.6283899047858632,False,0.8932162507352981,False,0.17404486327539134,False,False
404,1574861282255564800,3.082846067431269,7.106187617354292,1.0,0.64679211419154,False,0.9039085261113908,False,0.3520752682226595,False,False
405,1574861282322450432,3.0814491697915054,7.10937638213363,1.0,0.6583502768184478,False,0.9502806333964665,False,0.47669655168574265,False,False
406,1574861282389197568,3.065622229393775,7.108828790962437,1.0,0.6514469650282234,False,0.9760631434859272,False,0.5639314501098962,False,False
407,1574861282455972608,3.0701222233926906,7.107657843365358,0.9848484848484849,0.6508778223260434,False,0.9798310007012382,False,-0.3189115199474944,False,False
408,1574861282523189760,3.02306921208131,7.110067561649244,0.9857142857142858,0.6059026413386294,False,1.011855414256914,False,-0.882964033333143,False,False
409,1574861282589447680,3.065567134108315,7.107888718914108,1.0,0.6146814243729782,False,1.0077011557893167,False,-0.38783095940332146,False,False
410,1574861282656323840,3.038638818940825,7.108252137904297,0.9863013698630136,0.5953153973979719,False,1.0092251296270995,False,-0.8946335382138818,False,False
411,1574861282723100672,3.039545106278463,7.108628015324361,1.0,0.5826177712204585,False,1.014875798693995,False,-0.3959996128198178,False,False
412,1574861282789816320,2.9987569838745856,7.10506990382286,0.9873417721518988,0.5350878422086739,False,0.9754395080809162,False,-0.8355367299931377,False,False
413,1574861282856567808,3.0543784375051333,7.106670946953461,1.0,0.5545111891116267,False,0.9673590907512928,False,-0.3546318470653085,False,False
414,1574861282923317248,2.9973401442800824,7.104024635265549,1.0,0.5140709582938128,False,0.9294305893752306,False,-0.01799842901583034,False,False
415,1574861282990079488,2.9912138004544415,7.105807392055192,1.0,0.47995886026706286,False,0.9246216526740831,False,0.21764496361879973,False,False
416,1574861283056967936,2.9791981898657616,7.102881470177198,1.0,0.4446971192919645,False,0.8855732951683613,False,0.3825953384630408,False,False
417,1574861283123694336,3.0075231298794143,7.103728411498288,1.0,0.4468482012280551,False,0.8685680345727615,False,0.49806060085402337,False,False
418,1574861283190436352,2.925207126856326,7.100327995380551,1.0,0.37036994979871635,False,0.8151957145142729,False,0.5788862845277204,False,False
419,1574861283257213184,2.9327981469590005,7.097266280447751,1.0,0.3240267059016647,False,0.740496969868594,False,0.6354642630992945,False,False
420,1574861283323947776,2.9530139114782537,7.098384541864254,0.9891304347826086,0.3107383169459118,False,0.7018452317673657,False,-0.002082112019993746,False,False
421,1574861283390817280,2.920121312419321,7.09756777969953,1.0,0.27027486442813686,False,0.6648284652474137,False,0.22878638551587152,False,False
422,1574861283457592320,2.991150379012037,7.0936964643285005,1.0,0.3092415107603718,False,0.5917053966702209,False,0.39039433379100946,False,False
423,1574861283524374272,2.911901451390878,7.089565090248289,1.0,0.2614398206980373,False,0.4901364576305103,False,0.5035198975836107,False,False
424,1574861283591079168,2.9560772335090046,7.096409433552343,1.0,0.26982960774827813,False,0.5025061002724276,False,0.5827077922384268,False,False
425,1574861283657817856,2.9524441898098495,7.092986895657267,1.0,0.27226060896595805,False,0.469426433742305,False,0.6381393184967936,False,False
426,1574861283724726272,2.9102273531291627,7.0926492970269095,0.9876543209876543,0.2339671929315087,False,0.44215359596993664,False,-0.09216834560364205,False,False
427,1574861283791476736,2.9907387251339346,7.095323202886441,1.0,0.28343615069296485,False,0.45567133426692147,False,0.16572602200732,False,False
428,1574861283858224896,2.9790953678547716,7.09007118258204,0.9873417721518988,0.3070338117305563,False,0.4010844937637623,False,-0.44232878561415495,False,False
429,1574861283924939264,2.9487592901239488,7.090447816894635,1.0,0.2948125750428014,False,0.36746682322171964,False,-0.07938628600001367,False,False
430,1574861283991721984,2.9458305425526614,7.091341170142421,1.0,0.2834830912076837,False,0.354829044632281,False,0.17467346372988524,False,False
431,1574861284058571264,3.0281074356883555,7.091767275063141,1.0,0.3534994096325697,False,0.35117901968793047,False,0.3525152885407822,False,False
432,1574861284125348096,2.9978666269565144,7.092297407630826,1.0,0.3738614884512228,False,0.35508905667614865,False,0.4770045659084239,False,False
433,1574861284192075008,3.0172948681909233,7.0897327932644085,0.9864864864864865,0.4065207466206732,False,0.32655018568671224,False,-0.27771629575832685,False,False
434,1574861284258813440,2.9838365272334038,7.0851147512849355,0.9864864864864865,0.3976846781468483,False,0.2502551893380392,False,-0.8060208989250455,False,False
435,1574861284325570816,2.971136320472218,7.0867980092819085,0.9848484848484849,0.3794675895127894,False,0.2173763019031555,False,-1.2778781642719328,False,False
436,1574861284392467712,2.998337476247384,7.087433538412723,1.0,0.3924852845589173,False,0.20211146368832675,False,-0.6642708510604581,False,False
437,1574861284459229440,2.940622489907278,7.087916748209009,1.0,0.3469200162433708,False,0.19731890041993883,False,-0.23474573181242592,False,False
438,1574861284525978112,2.9975144139051744,7.092089520117634,0.9885057471264368,0.36892223572953065,False,0.24485175054042418,False,-0.6501458303041384,False,False
439,1574861284592727552,3.0237857212207118,7.093978187609221,1.0,0.4092125325696694,False,0.3011573584352102,False,-0.2248582172830298,False,False
440,1574861284659479552,2.970625693219041,7.0944359906734835,1.0,0.3870533328255513,False,0.34615426813926903,False,0.07284311183176473,False,False
441,1574861284726193152,2.984497466893874,7.093926550206291,1.0,0.3846836452811092,False,0.37143939407482524,False,0.2812340422121347,False,False
442,1574861284793106432,3.0473457136772377,7.088175804977915,1.0,0.4425656343150487,False,0.31900769188527817,False,0.4271076934783661,False,False
443,1574861284859825152,2.9782005767719357,7.087436967933117,1.0,0.4175767488094146,False,0.2732952602448854,False,0.5292192493647511,False,False
444,1574861284926595328,2.999679181551323,7.0901657037721995,1.0,0.42043279226129293,False,0.2745739435143716,False,0.6006973384852206,False,False
445,1574861284993324544,2.975184947445833,7.089203592502928,1.0,0.3992268317365602,False,0.263735915555135,False,0.6507320008695169,False,False
446,1574861285060070400,2.98970573657119,7.092527248900581,1.0,0.39813927175473474,False,0.29668183612798155,False,0.6857562645385612,False,False
447,1574861285126942464,2.9245659631499867,7.091054468194071,0.9852941176470589,0.3356662775935646,False,0.3017831759306207,False,-0.2058721675252272,False,False
448,1574861285193691136,2.9753710178533566,7.088994491316399,1.0,0.34006654966247846,False,0.28023235465106616,False,0.08613334666222654,False,False
449,1574861285260438272,2.983812499091774,7.092106973646053,1.0,0.3511439766488818,False,0.30310401717144325,False,0.29053720659342575,False,False
450,1574861285327232256,2.9483596804060332,7.091803056792065,1.0,0.3253111107853556,False,0.3154078645747814,False,0.43361990854526516,False,False
451,1574861285393945344,2.9427199038012772,7.090722682377414,1.0,0.30188512917021826,False,0.31084521286777544,False,0.5337777999115527,False,False
452,1574861285460815616,2.9546877438069328,7.086565672756787,0.9866666666666667,0.2968249578063977,False,0.25695593597676436,False,-0.22675018721181533,False,False
453,1574861285527627520,2.897131143129968,7.092977495888143,1.0,0.23875523340104077,False,0.29742668699435065,False,0.07151873288160562,False,False
454,1574861285594350592,2.88153787972709,7.094555743137643,0.9894736842105263,0.18333378010596413,False,0.34500319926131595,False,-0.3754602686423166,False,False
455,1574861285661064448,2.9313454823562832,7.09623274177444,0.9879518072289156,0.1917251710107695,False,0.3987580339235006,False,-0.7831552919629127,False,False
456,1574861285727826944,2.9175131932058083,7.092757643009123,0.9875,0.18449479896399534,False,0.3940070132912411,False,-1.0966884445814555,False,False
457,1574861285794704128,2.8865243700230616,7.094419362623093,1.0,0.1500755453032546,False,0.4109462447105076,False,-0.5374380472771241,False,False
458,1574861285861444096,2.910500254072217,7.091539806812628,1.0,0.14869618751867858,False,0.38768704676048793,False,-0.14596276916408743,False,False
459,1574861285928188416,2.9131520785454983,7.087383419846645,1.0,0.15024290558865575,False,0.32071778087581126,False,0.12806992551502439,False,False
460,1574861285994968064,2.872886437714698,7.089812351213332,0.9855072463768116,0.11317900280314168,False,0.3034605149878338,False,-0.5829751350354431,False,False
461,1574861286061691904,2.9190053471258812,7.087982347425445,0.9878048780487805,0.13092610846168762,False,0.26906322963681295,False,-0.9375690760947536,False,False
462,1574861286128563456,2.9140345021131226,7.087349668713125,1.0,0.13863983504785432,False,0.23726950822705437,False,-0.4260544893364419,False,False
463,1574861286195314944,3.032373322137152,7.070610173218805,0.9838709677419355,0.25615051855723536,False,0.010872983740189001,False,-1.0727989291053608,False,False
464,1574861286262066688,3.154780969222204,7.045306040710939,0.9397590361445783,0.45437377128621925,False,-0.45619266952660326,False,-4.273600225659759,True,True
465,1574861286328822784,3.07451929046723,7.036857369462497,0.8433734939759037,0.5170922520059021,False,-0.8861715717306317,False,-12.518776875993302,True,True
466,1574861286395563520,3.060168547976026,7.059371313821503,0.8739495798319328,0.5473996738175289,False,-0.9125955236590796,False,-16.385574948969314,True,True
467,1574861286462327040,2.9928284438549957,7.069214346504042,0.9436619718309859,0.5048186316777689,False,-0.8110548765060788,False,-14.749398788009707,True,True
468,1574861286529197568,2.948830650649601,7.064876093795326,0.8780487804878049,0.43332955408451107,False,-0.7928821336669775,False,-17.691638742674954,True,True
469,1574861286595957504,2.9493848320421594,7.072084407290211,0.96875,0.38381221659461534,False,-0.6922546369617167,False,-14.100712266285838,True,True
470,1574861286662723072,2.9630309372568586,7.07184187730534,0.9868421052631579,0.36207804028482815,False,-0.6247730825948028,False,-10.459963779456833,True,True
471,1574861286729438720,2.96997259086111,7.076601059735609,0.9897959183673469,0.3534404562889003,False,-0.5194969767125986,False,-7.727423519761155,True,True
472,1574861286796203520,2.958384367274039,7.081445543686097,1.0,0.336415770301126,False,-0.3867244186051755,False,-5.178952599902914,True,True
473,1574861286863090432,3.03269032991797,7.083156552975373,1.0,0.3948939980396208,False,-0.2729175863157461,False,-3.3950229560021357,True,True
474,1574861286929812992,3.0073412730334685,7.082845789345325,1.0,0.41181372997512067,False,-0.19704261764190847,False,-2.146272205271623,True,True
475,1574861286996563968,2.975980146668973,7.087124454894538,1.0,0.39394683889338855,False,-0.09175110467960784,False,-1.2721466797602552,True,True
476,1574861287063320832,3.0630973013114406,7.087631140358756,1.0,0.4639725082532433,False,-0.011867932466203424,False,-0.6602588119022884,True,True
477,1574861287130064128,2.9742151878537544,7.088240822249576,1.0,0.42878590828723323,False,0.05148545970090134,False,-0.23193730440169788,True,True
478,1574861287196950528,2.973107227805722,7.088077014213869,1.0,0.4031056362027413,False,0.09383516809694295,False,0.06788775084870168,True,True
479,1574861287263716864,3.008457219029612,7.0895808820218615,0.9871794871794872,0.41861909447406587,False,0.14181988092293388,False,-0.5209255865143003,True,True
480,1574861287330445824,3.037008105904493,7.092050420908796,1.0,0.45652687197580205,False,0.20552561556615245,False,-0.1344040466301154,True,True
481,1574861287397218560,3.0623214770596454,7.094266713392834,1.0,0.5070435359902933,False,0.27714768366225967,False,0.13616103128881402,False,False
482,1574861287463947264,3.0468786005591437,7.091651268713016,1.0,0.5277750271714184,False,0.2953873503592653,False,0.32555658583206926,False,False
483,1574861287530822656,3.0133766353215816,7.091016282372137,1.0,0.5105481933141844,False,0.3004113534707271,False,0.45813347401233867,False,False
484,1574861287597584128,3.1648258564282323,7.090538345723025,1.0,0.6419684046509573,False,0.2980996390697536,False,0.550937295738518,False,False
485,1574861287664326144,3.1680711705113125,7.092065122367441,1.0,0.737037077498856,False,0.3151007329915906,False,0.6158999709468667,False,False
486,1574861287731106560,3.0636670527402865,7.0847005915384305,1.0,0.7046754427439107,False,0.2371898257607579,False,0.661373843592706,False,False
487,1574861287797834496,3.1107441461380123,7.091389529362079,1.0,0.7266218942443674,False,0.2642248951012963,False,0.6932055544447614,False,False
488,1574861287864751616,3.176631744451773,7.091174694155892,1.0,0.8044045820352321,False,0.28052949272498356,False,0.7154877520412001,False,False
489,1574861287931473664,3.288539541695983,7.08275901917094,0.9666666666666667,0.9648709571335063,False,0.18931216104138354,False,-1.3455109873407485,False,False
490,1574861287998215168,3.730787914003098,7.082861744423896,0.975,1.4961718558310741,False,0.12671278033329286,False,-2.2690610354832477,False,False
491,1574861288064979200,3.804188825777406,7.075990136625705,0.9607843137254902,1.937620571541482,False,-0.0009071811528835924,False,-3.801153305260703,True,True
492,1574861288131724032,3.7848154080999654,7.0589714882370185,0.975,2.2282808079333454,False,-0.29778638946584207,False,-3.9880106580272043,True,True
493,1574861288198597888,3.6971603399365804,7.0629073890513085,0.972972972972973,2.3487008752174496,False,-0.45760287309621456,False,-4.245090308337378,True,True
494,1574861288265340672,3.4715318158091417,7.066475451566911,0.9795918367346939,2.2192404133337216,False,-0.5259612984128019,False,-4.012704828048818,True,True
495,1574861288332098560,3.4506709850968975,7.070514575236258,0.9215686274509803,2.108855089556241,False,-0.5245544141352405,False,-7.464758404408937,True,True
496,1574861288398812928,3.778748362063008,7.078354099593566,1.0,2.3423972112494114,False,-0.4279652974315994,False,-4.995087019156379,True,True
497,1574861288465563648,3.534229962079554,7.079098436853708,1.0,2.2742264176066174,False,-0.35127559959438,False,-3.266317049479566,True,True
498,1574861288532353792,3.4938018701683777,7.084608847784273,1.0,2.1882063547560153,False,-0.23039243732347894,False,-2.0561780707058293,True,True
499,1574861288599196160,3.522582473816205,7.08463510487896,1.0,2.1552582950804204,False,-0.1454540141161659,False,-1.2090807855642087,True,True
500,1574861288665937152,3.747162114611209,7.092747162470954,1.0,2.344955477903027,False,0.012930767764995495,False,-0.616112685965079,True,True
501,1574861288732731136,3.879507679053305,7.0943662497868605,1.0,2.603124200774357,False,0.14354515300918405,False,-0.20103501624565587,True,True
502,1574861288799484928,3.7448507715137125,7.097532097256779,0.9473684210526315,2.6562719064390556,False,0.27358325681855994,False,-3.189316875388598,True,True
503,1574861288866242048,4.048410068805178,7.103219027521563,1.0,2.9810593671378194,False,0.43396298578124554,False,-2.0022779488421514,True,True
504,1574861288933104128,4.507155265154198,7.103407735943046,0.9565217391304348,3.6430136814697516,False,0.54853012650391,False,-3.8799545407371854,True,True
505,1574861288999813632,4.732858948226378,7.101634006562242,0.9545454545454546,4.320207414085359,False,0.6070962014933063,False,-5.317446511449057,True,True
506,1574861289066567424,4.850454054261569,7.102810613888211,0.8888888888888888,4.905649526810383,False,0.6624413751643008,False,-10.413956286416024,True,True
507,1574861289133341440,4.6855762146598625,7.151059255809734,0.8666666666666667,5.159258091926218,False,1.2895831746144313,False,-15.3659106473592,True,True
508,1574861289200061952,4.738831259793202,7.245145586959291,0.6615384615384615,5.3872365117623735,False,2.8759808226559542,False,-31.61133271663153,True,True
509,1574861289266942208,4.301173019956224,7.238877069698486,0.46629213483146065,5.132195539878587,False,3.9100135702656287,False,-55.14656202334972,True,True
510,1574861289333697536,4.215793539740842,7.189201282346172,0.484375,4.872780593334481,False,4.028032040857861,False,-70.49469822307856,True,True
511,1574861289400468224,2.902984521103466,7.115833640867088,0.5238095238095238,3.4474695140807583,False,3.215914433251711,False,-78.78170600221749,True,True
512,1574861289467225856,2.899497865333552,7.106979993401758,0.9696969696969697,2.4464485929463655,False,2.539460410983796,False,-56.80476513553096,True,True
513,1574861289533946880,2.873586886647683,7.0998669421394025,1.0,1.7211865707864369,False,1.9791977573788355,False,-39.53309173094178,True,True
514,1574861289600827136,2.9239446000832814,7.097979608829402,0.9878048780487805,1.26121072394534,False,1.5639975576103902,False,-28.202650693229145,True,True
515,1574861289667609088,2.8378211892543757,7.0973725054161445,1.0,0.8576365847016394,False,1.2659536911155618,False,-19.511611621330516,True,True
516,1574861289734338816,2.90669713200488,7.097746473981583,0.9880952380952381,0.6403859376227435,False,1.0618835931513457,False,-14.169525798751302,True,True
517,1574861289801100288,2.9781609997709224,7.09822439726685,1.0,0.5560134669185558,False,0.9248628781811049,False,-9.688424195196026,True,True
518,1574861289867816960,2.9427477208073265,7.0970686968296794,1.0,0.46340313156084445,False,0.8148544194944782,False,-6.551653072707347,True,True
519,1574861289934687488,2.9325526101620607,7.097613537631245,1.0,0.3889173180539272,False,0.7444929222108753,False,-4.35591328696527,True,True
520,1574861290001466624,2.9677918455546117,7.095334049393895,1.0,0.37016197017800484,False,0.6674411375900733,False,-2.8188954369458132,True,True
521,1574861290068203776,2.914066100559144,7.094434268449119,1.0,0.30613487378309157,False,0.6025319107363402,False,-1.742982941932179,True,True
522,1574861290135006464,2.9197374607610276,7.093802838340143,0.9841269841269841,0.26668880328368655,False,0.5493950571992879,False,-1.9786995657557254,True,True
523,1574861290201728512,2.966541269462642,7.097984044170505,1.0,0.28341724705444116,False,0.5631897572038911,False,-1.1548458320991037,True,True
524,1574861290268459520,2.9280923175314753,7.095973808113693,1.0,0.25870163537703,False,0.5483308856128318,False,-0.5781482185394685,True,True
525,1574861290335362048,2.979170355567331,7.092576573873377,1.0,0.28979069238921007,False,0.4964998413795003,False,-0.17445988904772858,True,True
526,1574861290402063872,2.953053408971899,7.094425082308826,0.9782608695652174,0.28681052637025817,False,0.48276097688694825,False,-1.2461799786423138,True,True
527,1574861290468830464,2.91490125950257,7.091189759437604,0.9861111111111112,0.24858007065920146,False,0.433688473580125,False,-1.5073305701611759,True,True
528,1574861290535570944,2.887707673154648,7.0959744558565125,1.0,0.19605626564709192,False,0.45768788640716135,False,-0.8248875351829283,False,False
529,1574861290602340864,2.9242256091488903,7.093546181871519,1.0,0.1938857309201793,False,0.44487427203339924,False,-0.3471774106981642,False,False
530,1574861290669235456,2.9876003658003314,7.093221647630045,1.0,0.252405928479787,False,0.43194699315634694,False,-0.012780323558829383,False,False
531,1574861290735939840,2.9404679938241554,7.096328171512513,1.0,0.24871810147628073,False,0.46078247110833476,False,0.22129763743870962,False,False
532,1574861290802688000,2.9251004466234245,7.09193681485678,0.9876543209876543,0.23157781393532367,False,0.42741398407923137,False,-0.3839575223443147,False,False
533,1574861290869468416,2.9655243389447654,7.09458093243212,1.0,0.2578761413767245,False,0.43630149483802944,False,-0.03852640171115083,False,False
534,1574861290936228864,2.9282586347907635,7.094712968013455,1.0,0.24098042598464156,False,0.44413294814778226,False,0.2032753827320754,False,False
535,1574861291003063552,2.897962372426424,7.092696285071293,0.9841269841269841,0.20045154582351607,False,0.4250211830359203,False,-0.6163187384907426,False,False
536,1574861291069814016,2.9090241879887806,7.093694489233496,0.989010989010989,0.18256100183166965,False,0.4238162125115468,False,-0.8857714324749902,False,False
537,1574861291136580096,2.965124543145776,7.092061581135656,1.0,0.22318561691559305,False,0.40305914849283286,False,-0.38979613880261677,False,False
538,1574861291203319040,3.0288554053419654,7.095981776521031,1.0,0.31199978433756137,False,0.4363366355620754,False,-0.04261343323196922,False,False
539,1574861291270072832,2.9338627009180134,7.094276888907922,1.0,0.28417612040397455,False,0.4388394897508894,False,0.20041446066750251,False,False
540,1574861291336952064,2.9209369273207706,7.095407520700012,1.0,0.2524540188807487,False,0.4543797296125431,False,0.3705339863971235,False,False
541,1574861291403729920,2.887854553540874,7.089613385197343,0.975609756097561,0.198907180003627,False,0.3945974555911844,False,-1.029843036591763,False,False
542,1574861291470471680,2.9125464937128616,7.092823123969186,0.9883720930232558,0.18481688524024073,False,0.3918931596097482,False,-1.2150403120446291,False,False
543,1574861291537188864,2.955883309822284,7.0926272445032,1.0,0.2160098347450445,False,0.3876113698987848,False,-0.6202843545013433,False,False
544,1574861291603938560,2.925416948602049,7.092424241707376,1.0,0.20898187284490402,False,0.38213846439014537,False,-0.2039551842210686,False,False
545,1574861291670820864,2.914798551019831,7.095255146563963,1.0,0.1940027098855837,False,0.41283078403879825,False,0.08747523497515602,False,False
546,1574861291737567488,2.8861407464550544,7.093473565865301,1.0,0.15636764810460857,False,0.41258873615497516,False,0.2914765284124948,False,False
547,1574861291804351744,2.898848867676639,7.094702778975575,0.9864864864864865,0.14206244351121083,False,0.42740976006547565,False,-0.40758592200549104,False,False
548,1574861291871066368,2.9117113695108343,7.0964302631302525,0.9878048780487805,0.14423439506710256,False,0.45885143212872603,False,-0.8147966269737711,False,False
549,1574861291937817600,2.897760597810014,7.095572981183303,0.9838709677419355,0.1325381682348754,False,0.4704059072698935,False,-1.3449184254515003,False,False
550,1574861292004602624,2.9207390215147226,7.094719171834772,0.9873417721518988,0.14611996162485028,False,0.4680816934783852,False,-1.4997798988353224,False,False
551,1574861292071449088,2.854158624393004,7.097700164176761,1.0,0.09255070595093547,False,0.5028084390669755,False,-0.8196020652548469,False,False
552,1574861292138195200,2.83355862825294,7.094164151164906,0.9880952380952381,0.03553633431007577,False,0.48399489675965657,False,-1.0851191094983192,False,False
553,1574861292204947200,2.8815261497118536,7.094957010607525,1.0,0.04106943803543154,False,0.4804944693394045,False,-0.5293395127189379,False,False
554,1574861292271689984,2.856723214058658,7.095254556302185,1.0,0.02144496400307168,False,0.48167278916314127,False,-0.14029379497337552,False,False
555,1574861292338471680,2.850501563453938,7.094299527167232,1.0,0.0018136045989729933,False,0.4708508745926535,False,0.13203820744853656,False,False
556,1574861292405315840,2.86690218370574,7.09417568329896,1.0,0.003609167798383688,False,0.46176523791205093,False,0.3226706091438612,False,False
557,1574861292472091136,2.822999665200801,7.093649681177079,0.9857142857142858,-0.036726025320729064,False,0.4489906092569053,False,-0.43385654296918036,False,False
558,1574861292538826496,2.8934743874390474,7.0931140802839145,1.0,0.0018052313793713009,False,0.4335166276143029,False,-0.07345571614853373,False,False
559,1574861292605572864,2.8800023824968664,7.09407992276331,1.0,0.016014089139641065,False,0.4344634494376651,False,0.17882486262591196,False,False
560,1574861292672313344,2.8795076132670663,7.091659243605706,1.0,0.025491558261440325,False,0.40560564153899437,False,0.3554212677680009,False,False
561,1574861292739217408,2.854439594456771,7.091409417521017,1.0,0.008377007219614863,False,0.3823585055376523,False,0.4790387513674862,False,False
562,1574861292805957376,2.8855274055188924,7.090879197451523,1.0,0.025848593222772862,False,0.35961938878836924,False,0.5655709898871121,False,False
563,1574861292872726272,2.844145705852886,7.0941710907418845,0.9761904761904762,-0.0011252266950262627,False,0.3838471908550107,False,-0.8571394986487689,False,False
564,1574861292939493888,2.8516175919648212,7.091907158036848,1.0,-0.01292823293264908,False,0.37319761807183716,False,-0.3697537851242665,False,False
565,1574861293006188800,2.8526703401917715,7.090223390289094,0.9895833333333334,-0.02019299141284746,False,0.34520909061931676,False,-0.6775201224381846,False,False
566,1574861293073071872,2.790609658107255,7.096003154321583,1.0,-0.08407297465371073,False,0.3961023008684077,False,-0.24402022177686672,False,False
567,1574861293139812864,2.801774505851971,7.095379501375701,0.9733333333333334,-0.11821168083102551,False,0.4241219970950618,False,-1.6018473134734967,False,False
568,1574861293206576384,2.7834068168466843,7.089294068528128,0.9878048780487805,-0.15950983895970527,False,0.36952292317117463,False,-1.6507796010013867,False,False
569,1574861293273341184,2.8716476925415235,7.091741457961934,0.9887640449438202,-0.1048214728648828,False,0.36114989084079896,False,-1.6252781301529207,False,False
570,1574861293340097536,2.8303529921684123,7.087943473995356,1.0,-0.10566112588450532,False,0.308971724816754,False,-0.9074508271771634,False,False
571,1574861293406938368,2.8527892867857116,7.092701220188944,0.9880952380952381,-0.08499332961527924,False,0.33046851128121046,False,-1.1466132428439315,False,False
572,1574861293473718272,2.813243851137482,7.090588528768647,1.0,-0.10799017427896737,False,0.3197516400884287,False,-0.5723854060608757,False,False
573,1574861293540481280,2.845388254708047,7.086047697836402,0.9861111111111112,-0.09363520595414712,False,0.2568736451039856,False,-1.0356743693541508,False,False
574,1574861293607197696,2.836408146011393,7.090271871132501,1.0,-0.09209424610344256,False,0.26437354145522135,False,-0.49472819461802,False,False
575,1574861293673937664,2.8763452368501867,7.089500149051051,1.0,-0.05318022836480481,False,0.26021219032588105,False,-0.11606587230275145,False,False
576,1574861293740713472,2.8466113040052585,7.08982014701364,1.0,-0.054109559188704845,False,0.26120167267856803,False,0.14899775331795956,False,False
577,1574861293807590656,2.840017753331797,7.089515351073281,1.0,-0.06100664665684169,False,0.2581772733606676,False,0.33454229125243423,False,False
578,1574861293874314752,2.8617532751285313,7.094324725831335,0.9883720930232558,-0.04524294817701992,False,0.3147113154123879,False,-0.2599705825536866,False,False
579,1574861293941097984,2.9112523221614874,7.090088819992751,0.9876543209876543,0.012685731541721207,False,0.3026275717098508,False,-0.7208452763389874,False,False
580,1574861294007816960,2.89770499615848,7.093782797318394,1.0,0.040401428229881825,False,0.3392176163018112,False,-0.27434782950739867,False,False
581,1574861294074579456,2.8524488283411293,7.090844831094559,1.0,0.0169279169197558,False,0.32900166290927224,False,0.03820038327469267,False,False
582,1574861294141437952,2.8948238904798034,7.092536222572908,1.0,0.04064147451251181,False,0.34247729469590976,False,0.25698413222217503,False,False
583,1574861294208212480,2.8850761660562383,7.0902457843704365,1.0,0.04800622796996871,False,0.32397796378637483,False,0.4101327564853989,False,False
584,1574861294274938624,2.8606332839209268,7.091032455122079,1.0,0.030005013950408867,False,0.32062201223335035,False,0.5173367934696463,False,False
585,1574861294341734656,2.8788030204745896,7.093861936835145,1.0,0.03461769301295889,False,0.35277884418003996,False,0.5923796193586242,False,False
586,1574861294408460032,2.879618406690543,7.092545361242955,1.0,0.03861904373810892,False,0.35923276917999464,False,0.6449095974808995,False,False
587,1574861294475339520,2.9083870137009082,7.094833685324112,1.0,0.06867460826782396,False,0.39165700778056883,False,0.681680582166506,False,False
588,1574861294542100992,2.9163736699857097,7.094423391351142,0.989010989010989,0.09727985081944733,False,0.40935037185873835,False,0.022828091985088433,False,False
589,1574861294608824832,2.9172205411194336,7.093018540946803,0.9879518072289156,0.11810582396709728,False,0.4046033433988419,False,-0.5043534395237568,False,False
590,1574861294675564544,2.903237860900121,7.095303957663563,0.9880952380952381,0.11943718296081027,False,0.42915145878728517,False,-0.8644450714865652,False,False
591,1574861294742354176,2.870341492994581,7.0924528188670255,1.0,0.08920398350185264,False,0.41156502980621357,False,-0.37486768611070087,False,False
592,1574861294809203456,2.8557019976769946,7.090295643875887,1.0,0.05417167238146474,False,0.3729474232889778,False,-0.03216351634760044,False,False
593,1574861294875946496,2.91027486244684,7.090884383759157,1.0,0.08134994639606721,False,0.35309487909472576,False,0.20772940248655145,False,False
594,1574861294942717952,2.8905297254875046,7.091965194640302,0.9885057471264368,0.08166871656359499,False,0.3523787658292882,False,-0.34041323629486814,False,False
595,1574861295009440512,2.854206087033779,7.0911455226919,0.9827586206896551,0.04747979926129452,False,0.3418814514005672,False,-1.0821469244245272,False,False
596,1574861295076230912,2.869146308915333,7.091992448555843,1.0,0.03770152905874621,False,0.3448617324564373,False,-0.5272589831672949,False,False
597,1574861295143090944,2.8587614943163007,7.086403193203351,0.9886363636363636,0.02101844064130104,False,0.27878603462912255,False,-0.846767973502941,False,False
598,1574861295209825792,2.829316164962994,7.090978436563052,0.9824561403508771,-0.018555449160703837,False,0.2883288965508503,False,-1.4554391268376674,False,False
599,1574861295276588544,2.8914124988499563,7.087187871612304,1.0,0.012571255859336541,False,0.24878233262985025,False,-0.7885635248564908,False,False
600,1574861295343358464,2.854609759662787,7.085275516087272,1.0,-0.0005059944366697375,False,0.19777824558427562,False,-0.3217506034696442,False,False
601,1574861295410091520,2.8365903669998307,7.090189652360743,0.9885057471264368,-0.02673116668592889,False,0.22200409025497297,False,-0.7110492404642142,False,False
602,1574861295476949248,2.872019591169233,7.086504529017564,0.9876543209876543,-0.011524075328475304,False,0.19402149212296324,False,-1.0366003368763477,False,False
603,1574861295543714816,2.8820721882717866,7.088002291812745,1.0,0.008644453809106304,False,0.1926991387371919,False,-0.49537637188356926,False,False
604,1574861295610445056,2.8585794188094296,7.08844073342102,1.0,0.0005059944366697375,False,0.19712035938299619,False,-0.11651959638862673,False,False
605,1574861295677222656,2.837160222182973,7.089903863320949,1.0,-0.025482908713668706,False,0.21805832524901864,False,0.14868014645786531,False,False
606,1574861295743976704,2.8195920419476592,7.087494202589939,0.9875,-0.060318771215385786,False,0.20332868971716117,False,-0.4444036376868971,False,False
607,1574861295810754304,2.8461044454733813,7.089698304190878,1.0,-0.05958672358022898,False,0.21989732885258267,False,-0.08083868245092626,False,False
608,1574861295877568512,2.800487953756708,7.090291663813087,1.0,-0.10229015058002842,False,0.23873149509650526,False,0.17365678621421415,False,False
609,1574861295944342016,2.7984973923302467,7.089968626923534,1.0,-0.1340683548405282,False,0.2479759231064634,False,0.35180361427981705,False,False
610,1574861296011098368,2.7705918390537527,7.089591583751723,1.0,-0.18275008251518365,False,0.24984891879737367,False,0.4765063939257667,False,False
611,1574861296077826560,2.7909779704608333,7.08886113877141,0.9880952380952381,-0.19751400902204666,False,0.242252118289391,False,-0.1778431880718896,False,False
612,1574861296144563200,2.8511904270700845,7.090607051460494,0.9888888888888889,-0.15080506530912482,False,0.2582260522884791,False,-0.5864451269535814,False,False
613,1574861296211450880,2.8129073137876595,7.088653203363883,1.0,-0.15437721586800593,False,0.24558030500569883,False,-0.1802677249376352,False,False
614,1574861296278218240,2.9054660856698757,7.088055230837364,1.0,-0.06918998358408321,False,0.22943590792668353,False,0.1040564564735317,False,False
615,1574861296344943104,2.872522310321348,7.09124406065293,1.0,-0.04076898430020619,False,0.2570231376207566,False,0.30308338346135316,False,False
616,1574861296411732480,2.787380336094845,7.087547373504242,1.0,-0.10153554412132813,False,0.23125248648202554,False,0.44240223235282355,False,False
617,1574861296478462208,2.844953045534736,7.08794868464172,0.9882352941176471,-0.08952927052857704,False,0.21810708646085675,False,-0.19299090672883903,False,False
618,1574861296545316096,2.8557020976720766,7.090619222082515,1.0,-0.07094151070713414,False,0.24147295275942007,False,0.09515022921969826,False,False
619,1574861296612091904,2.887953379742735,7.086963643032364,1.0,-0.027376065372463673,False,0.2132486673127494,False,0.2968490243836836,False,False
620,1574861296678811904,2.826403214359189,7.090138597524909,1.0,-0.05519125589395008,False,0.23221076328758605,False,0.4380381809984733,False,False
621,1574861296745592320,2.8392063707566675,7.092988540498344,0.9879518072289156,-0.06253251678822568,False,0.28023975696223136,False,-0.2137063772143551,False,False
622,1574861296812313600,2.8946972940741027,7.0936305770647134,0.984375,-0.01510076317671087,False,0.32168979477823706,False,-0.8927551052917931,False,False
623,1574861296879194368,2.857079337459671,7.091788053827449,1.0,-0.017536794934097728,False,0.32823494526165786,False,-0.3946847097743719,False,False
624,1574861296945937408,2.8509014105661934,7.090580955089521,0.9882352941176471,-0.025094822055637764,False,0.3180957816036261,False,-0.7789517662178528,False,False
625,1574861297012724480,2.88787829197244,7.088207871436314,1.0,0.004645480511718089,False,0.2820582189256435,False,-0.31502237242260217,False,False
626,1574861297079479040,2.8536163801796786,7.091979643166325,1.0,-0.006995138685082312,False,0.3028293058783158,False,0.00972820323404101,False,False
627,1574861297146197504,2.8814865042931537,7.090314774341055,0.967741935483871,0.011259847915464572,False,0.29706571573006446,False,-1.7725556948057688,False,False
628,1574861297213093376,2.881894197730061,7.0935278770285635,0.9722222222222222,0.024424576538150264,False,0.33221552196843174,False,-2.7410420205170594,False,False
629,1574861297279812352,2.836083890905286,7.087651136799774,1.0,-0.009759589088636392,False,0.28515256609690987,False,-1.6884855504320697,False,False
630,1574861297346612224,2.824574850140879,7.092571364226616,0.9777777777777777,-0.04459186650160726,False,0.31221148521347547,False,-2.3360935398388656,False,False
631,1574861297413358848,2.854063548366989,7.069989790074428,0.967032967032967,-0.041037646255390595,False,0.05576669245376431,False,-3.4587981523414113,True,True
632,1574861297480099328,2.9196464577020014,7.0327111696642906,0.9382716049382716,0.02358182536037568,False,-0.5783636114660577,False,-6.036463505115539,True,True
633,1574861297546818048,2.8259875436516877,7.025619001093357,0.9285714285714286,-0.019914527838890216,False,-1.108744994347419,False,-8.445129756149838,True,True
634,1574861297613723904,2.8967117096219277,7.060781570110788,0.9130434782608695,0.016640233213489206,False,-1.0511986105141262,False,-11.098554646330138,True,True
635,1574861297680466688,2.8799114475422605,7.06809256288212,0.8365384615384616,0.026312441047479377,False,-0.92175737433372,False,-17.722053057988976,True,True
636,1574861297747205120,2.895639258651532,7.076379542018176,0.9285714285714286,0.04798309968866253,False,-0.7300874261756887,False,-16.625042443161252,True,True
637,1574861297813948160,2.850952892887104,7.079418115744399,0.9887640449438202,0.020817877172405425,False,-0.5588625527066542,False,-12.107262119664824,True,True
638,1574861297880728064,2.8797253372870717,7.082510027147579,1.0,0.02906047587476816,False,-0.4012987697170057,False,-8.244839619835496,True,True
639,1574861297947598336,2.8663681977955533,7.087189220565746,0.9900990099009901,0.02217609353305566,False,-0.23394058304703197,False,-6.157954645509251,True,True
640,1574861298014313472,2.941702908092372,7.087412094698042,0.9876543209876543,0.0887271421994873,False,-0.11407186542826164,False,-4.849434120407887,True,True
641,1574861298081109248,2.8554053082421795,7.0912969882672465,1.0,0.053556807729477164,False,0.01721315729333449,False,-3.164360020355631,True,True
642,1574861298147814144,2.857946177395185,7.088059405525399,1.0,0.03134472597754687,False,0.06962981553987518,False,-1.9848081503190789,True,True
643,1574861298214596864,2.8836316307529786,7.093760924617415,1.0,0.04012998937328059,False,0.17585244577244732,False,-1.1591218412934696,True,True
644,1574861298281437952,2.8551756508648087,7.096261604202551,1.0,0.019321229412917373,False,0.280704488571567,False,-0.5811414249755339,True,True
645,1574861298348226304,2.8776159562967645,7.088144770440741,1.0,0.026014450563576125,False,0.2551147867130856,False,-0.17655513355298358,True,True
646,1574861298414947072,2.9044333716550326,7.089318236157083,0.9876543209876543,0.056105816915694606,False,0.2515126041408959,False,-0.6624544620384861,True,True
647,1574861298481705472,2.897475749913772,7.092109860838127,0.9895833333333334,0.0705783061496819,False,0.28303540159979673,False,-0.8824105962781291,True,True
648,1574861298548444672,2.9042393778276505,7.092290282904316,1.0,0.08711673119378002,False,0.30730163679485806,False,-0.38744355346481635,True,True
649,1574861298615330048,2.861440736755106,7.093053921065994,1.0,0.0581473257119273,False,0.33360069526638664,False,-0.040966623495495076,False,False
650,1574861298682091520,2.8377065862908055,7.092619419260798,1.0,0.015383634115159786,False,0.34671121473154065,False,0.2015672274830298,False,False
651,1574861298748814592,2.9543755279113815,7.093428198377691,0.98989898989899,0.0959781261683957,False,0.3657517736159731,False,-0.25793067613485277,False,False
652,1574861298815608064,2.893525801185636,7.092801238937724,1.0,0.09474684544836813,False,0.37143429064445166,False,0.049692390635474794,False,False
653,1574861298882366208,2.8994505709802403,7.092937988857182,0.9878048780487805,0.09949791948155486,False,0.3770797404770405,False,-0.49470180812510645,False,False
654,1574861298949215744,2.8347025591666744,7.0968038473126125,1.0,0.04148311373861848,False,0.42817633938371635,False,-0.11604740175769354,False,False
655,1574861299015937536,2.8243808121427363,7.096000468167324,0.9852941176470589,-0.008905801000930103,False,0.45414661690748254,False,-0.767134733932624,False,False
656,1574861299082737920,2.880691156706382,7.095478689757975,1.0,0.009168892981433653,False,0.465962637069152,False,-0.306750449822942,False,False
657,1574861299149438208,2.8513051873254187,7.092588761246508,1.0,-0.006018313069530277,False,0.438990694432441,False,0.01551854905384463,False,False
658,1574861299216224256,2.8728270628621346,7.088832713780613,1.0,0.003739899574110438,False,0.3743047137641725,False,0.2411068482675722,False,False
659,1574861299282943232,2.8540359090464364,7.091515284168681,1.0,-0.007231594765223711,False,0.36173891739433056,False,0.3990186577171677,False,False
660,1574861299349820672,2.8215946564311114,7.088720213876153,1.0,-0.0456456273427435,False,0.31885651487339955,False,0.5095569243319029,False,False
661,1574861299416572928,2.8708640560172864,7.094741097441318,1.0,-0.025858921294378404,False,0.36226450520338205,False,0.5869337109622222,False,False
662,1574861299483342080,2.8293832757133095,7.08652792692193,0.984375,-0.051306023562013,False,0.292489123905138,False,-0.33230704356819357,False,False
663,1574861299550108672,2.8415889453134824,7.086822005037892,1.0,-0.05755566590152249,False,0.24723268831788736,False,-0.0023710665678591354,False,False
664,1574861299616823040,2.874956196499449,7.085426938107069,0.9555555555555556,-0.03031916239227209,False,0.19854011117182005,False,-2.540210919600253,False,False
665,1574861299683722752,2.8411813394662517,7.087011816899047,1.0,-0.043251018104858124,False,0.18378316648286525,False,-1.547903779790296,False,False
666,1574861299750438656,2.8598261286911586,7.0857068538586105,1.0,-0.03463973586425437,False,0.1575390648295187,False,-0.8532887819233216,False,False
667,1574861299817228288,2.8569249618280175,7.086238926079854,0.9868421052631579,-0.03136032721453362,False,0.1456569025177413,False,-1.1867673404030763,False,False
668,1574861299883959296,2.8530741233416594,7.08552968835388,0.9878048780487805,-0.03271292391058485,False,0.12869011738631506,False,-1.36022361985206,False,False
669,1574861299950716160,2.865671507872566,7.084630750747528,0.9879518072289156,-0.021725311962727548,False,0.10585067482685846,False,-1.4724896378097423,False,False
670,1574861300017561856,2.846619224668361,7.082974313537203,1.0,-0.032083613880068806,False,0.06966253896057731,False,-0.8004988825369386,False,False
671,1574861300084342784,2.852080865845033,7.081943410772439,1.0,-0.0341602105147656,False,0.03175881392739939,False,-0.3301053538459899,False,False
672,1574861300151090944,2.800796820145931,7.083994010495051,1.0,-0.0841989795686394,False,0.030233609586799794,False,-0.0008298837623119512,False,False
673,1574861300217825536,2.80977310063173,7.0845547442108705,0.9875,-0.11072222667560998,False,0.03600420706651607,False,-0.5490606588410258,False,False
674,1574861300284562944,2.8982116504397504,7.084212970691833,1.0,-0.04550415162776687,False,0.035875640642298416,False,-0.154098597258844,False,False
675,1574861300351514368,2.9447344191562244,7.082374278794495,1.0,0.044222944161329394,False,0.013362491982403243,False,0.12237484584867171,False,False
676,1574861300418197760,2.8704089174512735,7.081492283306385,1.0,0.03661789249302308,False,-0.013152793109470665,False,0.31590625602393274,False,False
677,1574861300484948480,2.8817041108377333,7.082451373786901,1.0,0.04199512443741169,False,-0.020017225445032528,False,0.4513782431466523,False,False
678,1574861300551720192,2.870155502157079,7.0844875847135595,1.0,0.03481833972468467,False,9.601353376859541e-06,False,0.5462086341325468,False,False
679,1574861300618448640,2.8712395708362033,7.0798566803160625,1.0,0.030821608481695895,False,-0.042446265861536,False,0.6125899078226499,False,False
680,1574861300685353984,2.921174234447248,7.08333346748301,1.0,0.07533067904378213,False,-0.02976537767869812,False,0.6590567994057451,False,False
681,1574861300752091904,2.8323279772619023,7.0803894949921045,0.9863013698630136,0.022316429205433152,False,-0.05679098797916105,False,-0.16181210704752597,False,False
682,1574861300818820352,2.8747742925380253,7.08378010594501,1.0,0.025418973170343986,False,-0.03435985315665058,False,0.11697538899663586,False,False
683,1574861300885571840,2.8439554093843977,7.0828387257885375,1.0,-0.0016062425836770224,False,-0.030138345675267242,False,0.3121266362275445,False,False
684,1574861300952324864,2.885507521080121,7.083199421640639,1.0,0.018841480367963164,False,-0.022784544793111223,False,0.44873250928917596,False,False
685,1574861301019223296,2.838917564706086,7.083534592692862,0.9876543209876543,-0.010983208635054887,False,-0.01354941769170178,False,-0.22475311204898363,False,False
686,1574861301085979904,2.890082608989382,7.08760666538186,0.9883720930232558,0.01661192167176249,False,0.04257477202920331,False,-0.6514773648646814,False,False
687,1574861301152743424,2.8820483868107387,7.0845321024134975,1.0,0.028317102833242607,False,0.04436690030792866,False,-0.22579029147538215,False,False
688,1574861301219442688,2.842712871806877,7.084374638456642,0.9761904761904762,-0.0007546991276083375,False,0.04370109107418197,False,-1.4110923956025103,False,False
689,1574861301286224640,2.893969042169466,7.087187778080816,1.0,0.02745378255125444,False,0.07754172816421206,False,-0.7575208129918694,False,False
690,1574861301352963584,2.804453907587453,7.08613651921282,0.9864864864864865,-0.03760455629798048,False,0.08840989815070086,False,-1.1418840609885321,False,False
691,1574861301419853568,2.9407530665213724,7.0898899989574025,0.9882352941176471,0.04598083248156352,False,0.14179192417714426,False,-1.3019913120677835,False,False
692,1574861301486631936,2.8780867248271944,7.087443376260191,1.0,0.04512216639286114,False,0.14932237345905652,False,-0.6811500545175766,False,False
693,1574861301553314816,2.8327000201181085,7.086954373062691,0.9891304347826086,0.0015229339328233717,False,0.14863021298730236,False,-0.9237121343518312,False,False
694,1574861301620102656,2.8885272976490093,7.089237561222767,0.987012987012987,0.023892760553101217,False,0.17598955834964902,False,-1.225418114934378,False,False
695,1574861301686835968,2.862829974433233,7.088612569787438,1.0,0.015206673375024751,False,0.18751922605511337,False,-0.6275488165241836,False,False
696,1574861301753723136,2.879270255641819,7.088057631191845,1.0,0.02470150087637858,False,0.18882242538160626,False,-0.20904030763702908,False,False
697,1574861301820445696,2.828932270574972,7.089105941563819,0.9759036144578314,-0.016340998407642183,False,0.2025189834894461,False,-1.4172382871023972,False,False
698,1574861301887231232,2.8693285322846065,7.090891030815135,1.0,-0.006800395698689794,False,0.23387603318340097,False,-0.7618229370417878,False,False
699,1574861301953950976,2.8743072231521163,7.0903863573970085,1.0,0.004594706528117267,False,0.2496713920646173,False,-0.30303219199936593,False,False
700,1574861302020715776,2.8795195305537935,7.092121045194167,1.0,0.01750928055629922,False,0.2818829482203608,False,0.018121329530343268,False,False
701,1574861302087572224,2.819358425476145,7.09122833133917,0.9838709677419355,-0.030445560805926683,False,0.29354424424031395,False,-0.7618758558986249,False,False
702,1574861302154312192,2.8807940047186014,7.088766782991513,0.9859154929577465,-0.005811503389647368,False,0.27168816173893706,False,-1.1805042821144027,False,False
703,1574861302221098752,2.7963802040171295,7.08976958070321,1.0,-0.06853907013838953,False,0.2686181881386138,False,-0.5961091335501778,False,False
704,1574861302287812608,2.8337606791715517,7.09100202085509,1.0,-0.07703509124467701,False,0.281499018354276,False,-0.18703252955526195,False,False
705,1574861302354616320,2.834037640989457,7.091066621225627,1.0,-0.08271991970235479,False,0.29130341172133606,False,0.09932109324120222,False,False
706,1574861302421443584,2.842368700496645,7.09279687650639,0.9891304347826086,-0.07880667371848943,False,0.3192672367456613,False,-0.3773823309206629,False,False
707,1574861302488188416,2.7947298663350146,7.093819892993153,0.9873417721518988,-0.12119917573299242,False,0.35131776972336987,False,-0.8225046326637476,False,False
708,1574861302554945792,2.778059845046357,7.09505431096401,1.0,-0.16666666535772418,False,0.3888070743736072,False,-0.34550937893472855,False,False
709,1574861302621698560,2.8249390138106403,7.0933416903123625,1.0,-0.15408182084022648,False,0.3941638951836066,False,-0.011612701324419786,False,False
710,1574861302688449792,2.8459264863837435,7.092664514681338,1.0,-0.1253894520624544,False,0.3896554007945427,False,0.22211497300280095,False,False
711,1574861302755341568,2.8467972965030803,7.0897029549694475,1.0,-0.10447981139332622,False,0.3503827436215225,False,0.38572434503184627,False,False
712,1574861302822105600,2.815476014482339,7.092083831768221,1.0,-0.11951601888181673,False,0.3519270704184912,False,0.5002509054521688,False,False
713,1574861302888821248,2.805031727040575,7.090911521534645,1.0,-0.13993600640102133,False,0.33871158175128696,False,0.5804194977464129,False,False
714,1574861302955596032,2.781170689364073,7.092506715381511,1.0,-0.1768353150199747,False,0.3489143928000764,False,0.6365375123523931,False,False
715,1574861303022321664,2.835244804727052,7.09061720252693,1.0,-0.15143644127946676,False,0.3330134383821227,False,0.6758201225765516,False,False
716,1574861303089100800,2.8043232647172194,7.091757621680147,0.9838709677419355,-0.16295148058682468,False,0.33579037070868395,False,-0.30148670076627454,False,False
717,1574861303155948288,2.8074023438677886,7.092652552254782,1.0,-0.16809496977761534,False,0.3486480498893752,False,0.019203173393504927,False,False
718,1574861303222688256,2.8023086367738244,7.095795286867545,0.9782608695652174,-0.17652105587914962,False,0.395974594333991,False,-1.1106158349334412,False,False
719,1574861303289441792,2.8457049408881403,7.092620668431195,1.0,-0.14130680294521766,False,0.39038817791866287,False,-0.5471872205235324,False,False
720,1574861303356232448,2.84481054778072,7.090190265187397,1.0,-0.11750415031666075,False,0.35683851641158776,False,-0.15278719043658248,False,False
721,1574861303422941696,2.7914845219902653,7.09028484569968,1.0,-0.15136196293297716,False,0.33450717836579646,False,0.12329283062428245,False,False
722,1574861303489811456,2.796439434891811,7.092769636549699,1.0,-0.17036827805126623,False,0.34917767761423335,False,0.31654884536689254,False,False
723,1574861303556567040,2.818654157479725,7.090629540625345,0.9846153846153847,-0.16262705674402744,False,0.3333482029052576,False,-0.5066009955591898,False,False
724,1574861303623331584,2.790973933676275,7.0858281778686605,0.9880952380952381,-0.18343171532538943,False,0.26371415671813764,False,-0.8660183607113408,False,False
725,1574861303690080768,2.779314484644628,7.087052431444251,1.0,-0.2090408306293795,False,0.22990029946955437,False,-0.3759689885680391,False,False
726,1574861303756813056,2.823106635269073,7.084548384678227,1.0,-0.1854796836006311,False,0.17569333443075644,False,-0.032934428067727964,False,False
727,1574861303823730944,2.823458763675453,7.084296220059682,0.9883720930232558,-0.16865328352165546,False,0.13467326962370918,False,-0.5172042860778001,False,False
728,1574861303890482176,2.8187293475319577,7.083614115250331,1.0,-0.16135532750222667,False,0.09764084315680717,False,-0.1317991363245791,False,False
729,1574861303957215488,2.7911679152548863,7.0858278758607,1.0,-0.18235773182810225,False,0.09871532185714725,False,0.1379844685026756,False,False
730,1574861304023950592,2.8358263946870994,7.08655395378475,0.9882352941176471,-0.15475115006629742,False,0.1083220974647449,False,-0.4060833414239334,False,False
731,1574861304090689280,2.7853540270999715,7.086026725294093,1.0,-0.18324273182109926,False,0.10861720164103762,False,-0.05401447506685858,False,False
732,1574861304157590528,2.8303531534386766,7.085455715729501,1.0,-0.16055585437066586,False,0.10186021836896587,False,0.19243373138306152,False,False
733,1574861304224311296,2.816425966072991,7.089118529092496,1.0,-0.15786928990004143,False,0.14179894557722517,False,0.3649474758980471,False,False
734,1574861304291062784,2.811217619394449,7.0853255011150775,0.9883720930232558,-0.16092294495545192,False,0.12349945033871015,False,-0.23868695330177603,False,False
735,1574861304357822464,2.810398325773539,7.084123969385359,0.9883720930232558,-0.16383668064793688,False,0.0960369252623785,False,-0.6612310537416315,False,False
736,1574861304424598784,2.805190106469687,7.084795131123714,0.9885057471264368,-0.17081042514610556,False,0.08499808624798795,False,-0.9486855556545778,False,False
737,1574861304491446784,2.8615475480279287,7.086143435513584,1.0,-0.12230049354507781,False,0.09371369424243661,False,-0.43383602502832347,False,False
738,1574861304558194176,2.8114429737722837,7.082637293344224,0.972972972972973,-0.13581129271695744,False,0.05705663548988521,False,-1.7571680652381638,False,False
739,1574861304624943616,2.7791721096915913,7.087862029444944,1.0,-0.175841417076432,False,0.09511321629217957,False,-0.9997737817368152,False,False
740,1574861304691732736,2.8122583731454855,7.084039459035449,1.0,-0.1725174513427101,False,0.07513594371829548,False,-0.46959778328587126,False,False
741,1574861304758482176,2.8433303980165365,7.08728986157513,1.0,-0.14075385901746126,False,0.10079105013257736,False,-0.09847458437022891,False,False
742,1574861304825212160,2.84712973748481,7.084024513453977,0.9879518072289156,-0.11491995044950572,False,0.0789281635656545,False,-0.5892653129724651,False,False
743,1574861304892084480,2.8397249644727,7.083633993093802,0.9833333333333333,-0.10385130097724354,False,0.05886168250892393,False,-1.2205399940005932,False,False
744,1574861304958813440,2.8445414074453295,7.088873314979912,0.9875,-0.09154027538969135,False,0.10870954376644724,False,-1.4028577360078365,False,False
745,1574861305025592832,2.8763692198812527,7.081526205304172,1.0,-0.05276972797450477,False,0.05400382751961463,False,-0.7517565512755838,False,False
746,1574861305092317696,2.8092783553669163,7.086426429908952,0.9875,-0.08919045916631047,False,0.07546887664604753,False,-1.0747093261003162,False,False
747,1574861305159097856,2.8333847596106336,7.083172130744229,1.0,-0.09184719983498646,False,0.05080769383092735,False,-0.5220526643403288,False,False
748,1574861305225941248,2.851241833423553,7.0813400656618555,1.0,-0.07678959785562027,False,0.011202528803217055,False,-0.13519300110836302,False,False
749,1574861305292725248,2.836673546446121,7.087002832514315,1.0,-0.08005088706704581,False,0.052537292765320806,False,0.13560876315402684,False,False
750,1574861305359458560,2.838600977643926,7.086161813398677,1.0,-0.08050779206690273,False,0.0712152601565443,False,0.3251699981377182,False,False
751,1574861305426265600,2.870729548722439,7.088832154216531,1.0,-0.050389865262518374,False,0.11685508579444236,False,0.4578628626262745,False,False
752,1574861305492953344,2.8854561712401647,7.083303013973973,1.0,-0.015355702990376223,False,0.08137418289485504,False,0.5507478677682915,False,False
753,1574861305559817984,2.8543644190967985,7.088507585277102,1.0,-0.020287294808671304,False,0.12000815974849041,False,0.6157673713676666,False,False
754,1574861305626563840,2.866087223283383,7.086055976636402,0.984375,-0.012633533782718748,False,0.11715417020294076,False,-0.3121234812843825,False,False
755,1574861305693312512,2.8129709080285825,7.088346740537455,0.989010989010989,-0.05759689629404565,False,0.14309262262933706,False,-0.6728347524305612,False,False
756,1574861305760092928,2.8175893987688765,7.0850536468095475,1.0,-0.08469581381557705,False,0.12108971600206274,False,-0.24074046277152109,False,False
757,1574861305826823424,2.8806593898475907,7.081496645721051,0.9891304347826086,-0.0439142110724496,False,0.062309464073510415,False,-0.615425420129583,False,False
758,1574861305893724672,2.8602416923237257,7.086210498680266,1.0,-0.03471027692360654,False,0.07864950514321058,False,-0.20055393016083178,False,False
759,1574861305960464896,2.852634857397304,7.083940201439484,1.0,-0.03547403766953511,False,0.06240088309481573,False,0.08985611281731716,False,False
760,1574861306027187712,2.910449082199698,7.078976343663653,1.0,0.018763000556226914,False,-0.009508219896412868,False,0.2931431429019892,False,False
761,1574861306093942528,2.864646579784343,7.0809059940243815,1.0,0.01333684534310512,False,-0.036312186304228604,False,0.435444063961278,False,False
762,1574861306160716288,2.8710065144248653,7.081819622469407,1.0,0.015563770921302712,False,-0.043933112611935894,False,0.5350547087027986,False,False
763,1574861306227561984,2.8558407155260497,7.073954802564411,1.0,0.0027549412042406265,False,-0.14518054212954004,False,0.6047821600218354,False,False
764,1574861306295257600,2.8887291202893732,7.078526856209121,1.0,0.02494636708608041,False,-0.16029679149359505,False,0.6535913759451704,False,False
765,1574861306361101312,2.8157213851846903,7.0787600240860336,0.9864864864864865,-0.028685236218634197,False,-0.16803464517844474,False,-0.15410552873260433,False,False
766,1574861306427815168,2.847992497874711,7.076492228536312,1.0,-0.03565455806686015,False,-0.20110728501828187,False,0.12236999381706716,False,False
767,1574861306494576128,2.94005651130354,7.076651820005815,1.0,0.04668593321342081,False,-0.2223118885082823,False,0.31590285960182796,False,False
768,1574861306561342208,2.8929796841834463,7.074897176129769,1.0,0.059724933545101576,False,-0.2585532835767767,False,0.45137586565116516,False,False
769,1574861306628189184,2.911636355264492,7.078874804707589,1.0,0.08652707157361188,False,-0.2354144209499039,False,0.546206969885692,False,False
770,1574861306694946560,2.941374447037094,7.079549780512389,1.0,0.13346165149283126,False,-0.210985775400129,False,0.6125887428498745,False,False
771,1574861306761721344,2.894768649838084,7.078173120509259,1.0,0.1221627551876071,False,-0.2106743202190341,False,0.659055983924807,False,False
772,1574861306828437760,2.9379986210923748,7.0785049936918565,1.0,0.15520846161721696,False,-0.20640905317454658,False,0.6915830526772274,False,False
773,1574861306895216128,2.9237666176865194,7.079087425507754,1.0,0.16485743170149694,False,-0.19632051380179422,False,0.714352000803954,False,False
774,1574861306962061568,2.910912007757441,7.077292109447731,1.0,0.15943359257184944,False,-0.21115271288497564,False,0.7302902644926534,False,False
775,1574861307028814336,2.9133737599366745,7.0739937855257065,1.0,0.15796910422527144,False,-0.26175885865235254,False,0.7414470490747429,False,False
776,1574861307095628800,2.978671800637116,7.073999057163228,1.0,0.218805602799927,False,-0.2971188721969621,False,0.7492567982822103,False,False
777,1574861307162312960,2.914038658503327,7.075999407639191,1.0,0.20015941873900497,False,-0.29747627637934976,False,0.7547236227274143,False,False
778,1574861307229092096,2.9406620944758584,7.080207548065731,1.0,0.2123294304924639,False,-0.24640748996592957,False,0.7585503998390526,False,False
779,1574861307295965440,2.9133975010623443,7.071718986380655,1.0,0.19501868248558696,False,-0.31417875487423513,False,0.7612291438172316,False,False
780,1574861307362698752,2.9311755350280237,7.077552940459766,1.0,0.19974359906295155,False,-0.2904726042520897,False,0.763104264601943,False,False
781,1574861307429466624,2.9595799426874243,7.077511110850347,1.0,0.22996062683604254,False,-0.27438841783012896,False,0.7644168491512457,False,False
782,1574861307496230400,2.9218472697691316,7.075145051998459,1.0,0.2153656077930662,False,-0.29198396683683703,False,0.7653356583357391,False,False
783,1574861307562947072,2.932635862505768,7.074051629797614,1.0,0.21536992248971848,False,-0.3176353159441541,False,0.7659788247648799,False,False
784,1574861307629824512,2.9500893085496287,7.078408365619228,1.0,0.23190787692893197,False,-0.2824601455287935,False,0.7664290412653108,False,False
785,1574861307696575744,2.979954231929397,7.077161488682177,1.0,0.27177768525293944,False,-0.27304339695974733,False,0.7667441928156031,False,False
786,1574861307763343104,2.91225380209209,7.072734976471933,1.0,0.2355489505979426,False,-0.3204337223656463,False,0.7669647989007847,False,False
787,1574861307830099456,3.0026397419691158,7.072620473886448,1.0,0.29581809031813106,False,-0.3550033281406505,False,0.7671192231604487,False,False
788,1574861307896820736,2.983429094623267,7.076947250312289,1.0,0.31980682783316405,False,-0.32643629718521444,False,0.7672273201422182,False,False
789,1574861307963727360,2.982530699472689,7.0753527243831185,1.0,0.33574782823842547,False,-0.32588488326534387,False,0.7673029880294475,False,False
790,1574861308030438656,2.897313495064347,7.076891575552278,1.0,0.2661739981134685,False,-0.30673234869023003,False,0.767355955550485,False,False
791,1574861308097231616,2.911058571022672,7.07349905601324,1.0,0.23049403922961925,False,-0.33469791204437144,False,0.7673930328152251,False,False
792,1574861308163945216,2.92923232988792,7.077893967682154,1.0,0.2227354075190047,False,-0.3006771308223362,False,0.7674189869005478,False,False
793,1574861308230702080,2.951154026191069,7.074412041685059,1.0,0.23807240184296335,False,-0.3193252480848429,False,0.7674371547602782,False,False
794,1574861308297590272,2.9284090699990344,7.072059596390571,1.0,0.22726032665704618,False,-0.3610673900838125,False,0.7674498722620665,False,False
795,1574861308364327680,2.941208246438735,7.073822476336085,1.0,0.23181747599070704,False,-0.36878827662658076,False,0.7674587745133276,False,False
796,1574861308431090432,2.9131402896985694,7.074421876292171,1.0,0.20841663907662486,False,-0.3668831154855236,False,0.7674650060891964,False,False
797,1574861308497812992,2.9397954409973397,7.073595149978317,1.0,0.21728844009591888,False,-0.3756315669844873,False,0.7674693681923277,False,False
798,1574861308564564736,2.9298377767574166,7.073056044443008,0.9886363636363636,0.21406507251065535,False,-0.3883299643090847,False,0.0595418724487718,False,False
799,1574861308631319040,2.944223966299232,7.075450447174946,1.0,0.22543781149335587,False,-0.36801870462348213,False,0.2719231746440258,False,False
800,1574861308698216448,2.974262952171422,7.073498493550877,1.0,0.2618568712092766,False,-0.377605220519336,False,0.42059008618070365,False,False
801,1574861308764961536,2.9255714277373848,7.072977257510399,1.0,0.24122114782567863,False,-0.3906723414731989,False,0.5246569242563736,False,False
802,1574861308831724800,3.0100366632996938,7.077113004043811,1.0,0.30679627642699064,False,-0.3493832123143926,False,0.5975037109093609,False,False
803,1574861308898447872,2.9901411963587434,7.07384028469651,1.0,0.3338504261481325,False,-0.36039217628368414,False,0.6484964615664152,False,False
804,1574861308965216256,3.0357102872737065,7.0774630355664385,1.0,0.3959592850287999,False,-0.32391840430045327,False,0.6841913870263577,False,False
805,1574861309032062464,2.9532396601349444,7.074111108925768,1.0,0.3613049906543086,False,-0.33926406435147527,False,0.7091778348483267,False,False
806,1574861309098815488,2.9381371895753423,7.075325411874749,1.0,0.32273930256757866,False,-0.33519740084404187,False,0.726668348323719,False,False
807,1574861309165577984,3.005271628904734,7.077268708780706,1.0,0.35934471691906467,False,-0.3086519088238978,False,0.7389117077564796,False,False
808,1574861309232341760,3.134905993645063,7.07293943824188,1.0,0.5077806828169893,False,-0.34286623552862,False,0.7474820593593983,False,False
809,1574861309299101696,3.062626413269344,7.079448507776982,1.0,0.5432100920963323,False,-0.28743708338363094,False,0.7534813054814828,False,False
810,1574861309365948928,3.1376567108269615,7.073066761002147,1.0,0.6390924023024289,False,-0.32646313557515894,False,0.757680777766942,False,False
811,1574861309432708352,3.033513776827733,7.074511605554295,1.0,0.6075477523104765,False,-0.3361612535393675,False,0.7606204083667496,False,False
812,1574861309499437056,3.170272018290973,7.077926688468588,1.0,0.7150276459623134,False,-0.3013024344599581,False,0.7626781497866287,False,False
813,1574861309566235136,3.1091532474970336,7.076174873289943,1.0,0.7323612611116954,False,-0.29826493729663944,False,0.7641185687805303,False,False
814,1574861309632943616,3.2961506787134636,7.075993678531363,1.0,0.921651222824676,False,-0.29834838936778585,False,0.7651268620762615,False,False
815,1574861309699828480,3.1229973546283425,7.077107807515963,1.0,0.8901133066386293,False,-0.28481981835823433,False,0.7658326673832547,False,False
816,1574861309766612480,3.175286421640902,7.076630910159274,1.0,0.9175740473858833,False,-0.2811656608873458,False,0.7663267310981546,False,False
817,1574861309833318912,3.2482742861219247,7.08068502245583,1.0,1.0059433424265332,False,-0.2291671798677729,False,0.76667257569858,False,False
818,1574861309900103168,3.2760415984369393,7.08188242135262,1.0,1.0941078678088363,False,-0.17816576532658024,False,0.7669146669188962,False,False
819,1574861309966814208,3.3685765286658493,7.0828297432502865,1.0,1.2434881862984728,False,-0.13091202773560728,False,0.7670841307730945,False,False
820,1574861310033716736,3.4113791266396625,7.080477924864368,1.0,1.3886044609177732,False,-0.12651522608336396,False,0.7672027554710332,False,False
821,1574861310100476928,3.2517650700879415,7.0838548751831185,1.0,1.338971708499679,False,-0.08225499658958553,False,0.7672857927595904,False,False
822,1574861310167190784,3.6904838951098156,7.089672640189872,1.0,1.7198594179893734,False,0.019675771695777167,False,0.7673439188615989,False,False
823,1574861310233964800,3.5547743127732456,7.090958825761113,1.0,1.857913137966409,False,0.10671255552042039,False,0.7673846071329817,False,False
824,1574861310300738560,3.2062633727101386,7.083058444779407,1.0,1.6243806752163168,False,0.07129184987634657,False,0.7674130889229636,False,False
825,1574861310367443200,3.324487738134229,7.083955144684806,1.0,1.572910594923013,False,0.057432759759234696,False,0.7674330261759417,False,False
826,1574861310434313472,3.2104504735598436,7.086784193081884,1.0,1.4288456439252113,False,0.08223211035083013,False,0.7674469822530217,False,False
827,1574861310501103104,3.2822313060637094,7.088591110952423,1.0,1.396003444505086,False,0.12162731840949492,False,0.7674567515070008,False,False
828,1574861310567860480,3.2376163217825504,7.085530576056893,1.0,1.3307468462792669,False,0.1118802341957876,False,0.7674635899847815,False,False
829,1574861310634602240,3.3573882042248155,7.089070965830215,1.0,1.3985359479339907,False,0.14823291479634088,False,0.7674683769192188,False,False
830,1574861310701352448,3.6215685661070633,7.088068978663771,0.9696969696969697,1.696265821705798,False,0.16146039179969573,False,-1.120343070135276,False,False
831,1574861310768187648,3.5071553833814666,7.079827146710997,1.0,1.796284703618328,False,0.07020912024653425,False,-0.5539962851647983,False,False
832,1574861310834959360,3.517651044158274,7.07616061554749,1.0,1.8762412329761373,False,-0.03838072453230584,False,-0.15755353568549166,False,False
833,1574861310901728256,3.780454480836454,7.076730894553554,1.0,2.1811838435415076,False,-0.10743896896419895,False,0.11995638895005524,False,False
834,1574861310968479232,3.7724992396107035,7.074609679780182,1.0,2.3871070853542853,False,-0.18164830548656144,False,0.31421333619491965,False,False
835,1574861311035224064,4.145069373144066,7.06399359629464,1.0,2.8842164662820404,False,-0.36305973710971107,False,0.4501931992663063,False,False
836,1574861311102104064,4.061538092778642,7.062673891794619,0.9574468085106383,3.153057702466274,False,-0.5061417541578038,False,-2.1055948681149395,False,False
837,1574861311168839168,4.489151714694596,7.041087338378508,0.9361702127659575,3.7463564276429655,False,-0.8695507595876418,False,-5.220133501047426,True,True
838,1574861311235599360,4.627366479107771,7.083690063002765,0.8064516129032258,4.292606555315148,False,-0.6043897818737848,False,-15.481505392800212,True,True
839,1574861311302355968,4.489020987492669,7.168870189795229,0.7261904761904762,4.543916777136217,False,0.6200086540106503,False,-27.664565049275886,True,True
840,1574861311369106176,3.636239578577677,7.197034747815451,0.5436893203883495,3.9119313321654534,False,1.8205590080458827,False,-47.56214343324527,True,True
841,1574861311435976448,3.5494039000517836,7.181065849281387,0.6527777777777778,3.387275690612993,False,2.466200893906499,False,-54.69446776537792,True,True
842,1574861311502756608,3.692573318857915,7.164143951188535,0.5596330275229358,3.1556516703836857,False,2.711784864615182,False,-65.48981604786434,True,True
843,1574861311569454848,2.7168976269373566,7.082177704046965,0.5166666666666667,2.0691854556774163,False,1.884101687165846,False,-75.72327339621742,True,True
844,1574861311636224000,2.680601625955902,7.078898486287008,1.0,1.2742732319752814,False,1.2647328593524294,False,-52.77604751342232,True,True
845,1574861311702942720,2.678599049001932,7.081447581852369,0.9876543209876543,0.7159374868294984,False,0.8622613224155329,False,-37.482099127947016,True,True
846,1574861311769866752,2.7235862237510857,7.080913788842633,1.0,0.36772212728572923,False,0.5740215524134626,False,-26.00722552563302,True,True
847,1574861311836573440,2.7077950469610794,7.078902668299312,1.0,0.10901123147411841,False,0.3477277653583519,False,-17.974814004013215,True,True
848,1574861311903313920,2.7404618785985804,7.082919115183149,1.0,-0.041138701441884924,False,0.2383033492644789,False,-12.352125938879347,True,True
849,1574861311970097664,2.7184886704960203,7.083510714944552,1.0,-0.16706049192373912,False,0.16892091505396892,False,-8.416244293285652,True,True
850,1574861312036841984,2.7451597038144806,7.079464474918964,1.0,-0.22993831219558872,False,0.07100864396469767,False,-5.661127141370085,True,True
851,1574861312103728640,2.753003617307192,7.0756468983670056,1.0,-0.2665216697590266,False,-0.04408592401367364,False,-3.7325451350291603,True,True
852,1574861312170471936,2.7950899982951567,7.07757709923251,1.0,-0.2522584934469135,False,-0.10111300241555737,False,-2.382537730590522,True,True
853,1574861312237218560,2.781186560951946,7.08007902703058,1.0,-0.2554460196286303,False,-0.11052053349713949,False,-1.4375325474834753,True,True
854,1574861312303946240,2.7412968639603172,7.0792686305674835,0.9753086419753086,-0.2954677341189873,False,-0.12698872431788258,False,-2.314248384271118,True,True
855,1574861312370726400,2.77435167043993,7.07614791783655,0.9875,-0.29216768298410606,False,-0.1765740664149462,False,-2.1684536091972038,True,True
856,1574861312437436416,2.808815166789527,7.078829259619923,0.9836065573770492,-0.257207840306802,False,-0.17858439882265273,False,-2.3089505203931515,True,True
857,1574861312504343552,2.795932962055251,7.079369994821718,1.0,-0.24494021121149612,False,-0.1733972761801177,False,-1.3860215003453344,True,True
858,1574861312571101184,2.8210918642875997,7.079739399245698,0.9743589743589743,-0.21251799086223438,False,-0.1652613422090681,False,-2.337352938388375,True,True
859,1574861312637824000,2.7776404822115337,7.075733116929436,1.0,-0.23098712923010417,False,-0.20842346468925335,False,-1.4059031929419745,False,False
860,1574861312704611072,2.7983747683325713,7.083252299857538,0.9818181818181818,-0.22427241063469283,False,-0.1469392694915581,False,-1.8865772498746542,False,False
861,1574861312771331072,2.7984221667534466,7.078724312325146,0.9841269841269841,-0.21952720360490388,False,-0.15911989061466247,False,-2.079215581315472,False,False
862,1574861312838256896,2.8147913012103287,7.080147583147547,0.9888888888888889,-0.2006978727129084,False,-0.1502893020376655,False,-1.9174058022240936,False,False
863,1574861312904938752,2.785682555883748,7.076010377769894,1.0,-0.21509419817449052,False,-0.19456179470737484,False,-1.1119401976269798,False,False
864,1574861312971731200,2.770876779927878,7.080284664931814,0.9836065573770492,-0.239198227384956,False,-0.1734268998436483,False,-1.5693911322939764,False,False
865,1574861313038439936,2.8029459425401932,7.078321445715157,1.0,-0.22568956954096905,False,-0.18257425688191342,False,-0.8683299286759071,False,False
866,1574861313105224960,2.790103153317379,7.082590634244183,1.0,-0.22840042861367787,False,-0.13691394574860233,False,-0.37758708614323094,False,False
867,1574861313172098304,2.8672389027195626,7.076553051589805,1.0,-0.1572216567434474,False,-0.17858104820812054,False,-0.03406709637036226,False,False
868,1574861313238825472,2.7904474842688836,7.081101449553298,1.0,-0.1801466795995205,False,-0.15227955358119652,False,0.20639689647061818,False,False
869,1574861313305610496,2.7444945944185974,7.0747700123582025,1.0,-0.2397287506567648,False,-0.21108143237953286,False,0.37472169145933676,False,False
870,1574861313372352000,2.822010312602987,7.073736623377444,0.975,-0.20799985477956237,False,-0.2648450972808855,False,-1.0648981603231786,False,False
871,1574861313439091968,2.793677078072439,7.072909293226192,0.9838709677419355,-0.21263178629057672,False,-0.31256909090664853,False,-1.5199894987960856,False,False
872,1574861313505938176,2.8722335300213797,7.076330363858199,0.9836065573770492,-0.14145182902946754,False,-0.3042553635812694,False,-1.855025643112362,False,False
873,1574861313572734720,2.8114827112917196,7.079183713309073,1.0,-0.1491795812788677,False,-0.2636386854047996,False,-1.0682740862487516,False,False
874,1574861313639463680,2.83197968405225,7.073306832265079,1.0,-0.13517071681511122,False,-0.3068765481843365,False,-0.517547996444236,False,False
875,1574861313706253056,2.770057538340751,7.0776010969574035,1.0,-0.18402791829165446,False,-0.284773783106096,False,-0.13203973358107035,False,False
876,1574861313772967424,2.806333792721267,7.07611243792655,0.9876543209876543,-0.18386079332606708,False,-0.2874562909444054,False,-0.6312936820581606,False,False
877,1574861313839822336,2.7804663663578264,7.080419534969752,1.0,-0.2082499228951696,False,-0.23680828476331636,False,-0.21166171351081997,False,False
878,1574861313906599168,2.803765220403732,7.07400486968657,1.0,-0.2032495941725396,False,-0.279582585789995,False,0.08208066447233005,False,False
879,1574861313973326080,2.8093297287019583,7.078499116324499,1.0,-0.1944776957631586,False,-0.25471651454240013,False,0.28770032906053505,False,False
880,1574861314040063488,2.804940702334743,7.075722676170978,0.9873417721518988,-0.1924954146219464,False,-0.27116941210088286,False,-0.35694677067689523,False,False
881,1574861314106820608,2.8151555088628895,7.077812417622298,1.0,-0.18143057970695023,False,-0.25720169734600806,False,-0.019618875543959514,False,False
882,1574861314173604608,2.8356762235635853,7.076201628006739,0.987012987012987,-0.15424441174059975,False,-0.26706814311514654,False,-0.5925528337688585,False,False
883,1574861314240479744,2.7945952965119143,7.07873829952649,1.0,-0.17413308024731558,False,-0.2430395259146045,False,-0.18454311970830614,False,False
884,1574861314307221760,2.830163062035292,7.074093466412856,0.9821428571428571,-0.15435918584770106,False,-0.2828640028478151,False,-1.0113986114906488,False,False
885,1574861314373954816,2.7859952384230167,7.080529173726447,1.0,-0.1823608901834433,False,-0.2322566203023658,False,-0.4777351641135709,False,False
886,1574861314440718336,2.8350785436053534,7.075661612720971,1.0,-0.155461855292637,False,-0.2561921650174298,False,-0.10417075094960024,False,False
887,1574861314507452160,2.793526589232721,7.079012115172032,0.9775280898876404,-0.17599775580478522,False,-0.23208711410679697,False,-1.2426282084985334,False,False
888,1574861314574363392,2.816995714181198,7.081725164588432,1.0,-0.16813885658297004,False,-0.18212749157378982,False,-0.6395958820190716,False,False
889,1574861314641102592,2.7986440129861396,7.080628545631031,1.0,-0.18002354450279837,False,-0.16052920557887582,False,-0.21747325348348762,False,False
890,1574861314707814912,2.8263241535856607,7.08077163619492,1.0,-0.1621193913754574,False,-0.14366539226094077,False,0.07801258649143503,False,False
891,1574861314774603776,2.750094916572704,7.076970339760065,0.9846153846153847,-0.2218040514945168,False,-0.17821816243034486,False,-0.6735763767720054,False,False
892,1574861314841324544,2.771296281477685,7.077536476395682,1.0,-0.24349770001214893,False,-0.1955009715291854,False,-0.24125959981053668,False,False
893,1574861314908217600,2.7902418455098013,7.077945632737004,1.0,-0.24073472662076004,False,-0.20260920856245648,False,0.06136214406250529,False,False
894,1574861314974938880,2.767979594588855,7.079479181424114,1.0,-0.2598913142251772,False,-0.1888830943012277,False,0.27319736477365314,False,False
895,1574861315041716224,2.813971930556867,7.079120873889249,1.0,-0.22972900027940255,False,-0.18364443403930658,False,0.4214820192714197,False,False
896,1574861315108450304,2.781554705300002,7.074739427267771,1.0,-0.23932660417206988,False,-0.2334098389426772,False,0.5252812774198747,False,False
897,1574861315175248128,2.7689572007875274,7.080979340675903,1.0,-0.2579794701994015,False,-0.1921488450756081,False,0.5979407581237794,False,False
898,1574861315242106368,2.7809372389244937,7.077739094549711,1.0,-0.25968690446408665,False,-0.2027814874402653,False,0.6488023946165358,False,False
899,1574861315308825856,2.808209825459952,7.075103381523355,1.0,-0.23504477974229315,False,-0.24236729390816972,False,0.6844055401614791,False,False
900,1574861315375604224,2.8004447186179284,7.077001360275011,1.0,-0.22515174972289362,False,-0.24693119326682939,False,0.7093277420429301,False,False
901,1574861315442318080,2.7758239269832705,7.081410845840603,0.9827586206896551,-0.24155171691339514,False,-0.19635151616467117,False,-0.3473282395880683,False,False
902,1574861315509097984,2.775313280432797,7.075226087176012,0.9883720930232558,-0.25351546701170774,False,-0.23636989826187427,False,-0.7372799541420545,False,False
903,1574861315575960576,2.7925491864075056,7.077895046781057,1.0,-0.2455612496491817,False,-0.23183436138483635,False,-0.28585210396954336,False,False
904,1574861315642759936,2.806943380035638,7.0771971884381415,1.0,-0.22635661834289555,False,-0.23716998362333214,False,0.030147391151191406,False,False
905,1574861315709436672,2.8225958785423133,7.079882382948835,1.0,-0.19808461244316045,False,-0.20815852748241007,False,0.2513470377357057,False,False
906,1574861315776217344,2.7941085300213797,7.076059122622533,1.0,-0.2052823704655254,False,-0.23447580096896098,False,0.406186790344875,False,False
907,1574861315842944256,2.795450065001615,7.079207564955661,1.0,-0.20904986624662403,False,-0.21450211679633052,False,0.5145746171712888,False,False
908,1574861315909716992,2.8047823635051383,7.0788592212650645,1.0,-0.20284593998866893,False,-0.20476864686570864,False,0.5904460959497739,False,False
909,1574861315976591360,2.7985963224743653,7.080186039962314,1.0,-0.20436368361899748,False,-0.1817744441891734,False,0.6435561310947365,False,False
910,1574861316043350272,2.80331805456593,7.072387384754284,1.0,-0.2009528597923756,False,-0.2607843939818499,False,0.6807331556961873,False,False
911,1574861316110094080,2.797820782419121,7.077916590690827,1.0,-0.20377325366191998,False,-0.24866177684158108,False,0.7067570729172306,False,False
912,1574861316176824320,2.8027282849329613,7.076991153905962,0.9875,-0.20109829100752788,False,-0.2514617996809027,False,-0.05374978916535067,False,False
913,1574861316243590656,2.7546382861170287,7.07662836756883,1.0,-0.2447850128390356,False,-0.25784605512471714,False,0.1926190115141401,False,False
914,1574861316310475008,2.788057162975251,7.076396709373203,1.0,-0.24370555617479142,False,-0.2651401439920816,False,0.3650771719897837,False,False
915,1574861316377191168,2.776057425039556,7.076811394558196,1.0,-0.2543181715336671,False,-0.2651888516991742,False,0.48579788432274335,False,False
916,1574861316443936256,2.800785038284874,7.081791021390302,1.0,-0.23832071410608946,False,-0.2044955732842395,False,0.5703023829558151,False,False
917,1574861316510733312,2.801944755546313,7.078077587714301,0.9868421052631579,-0.22602380838049224,False,-0.207296216991996,False,-0.19025352498768527,False,False
918,1574861316577468160,2.7514008754046677,7.074483624818407,0.9855072463768116,-0.26529991246743356,False,-0.2530856402387308,False,-0.8058015503873376,False,False
919,1574861316644323840,2.707513882264027,7.076781140034363,1.0,-0.3343705643666007,False,-0.25711965799990344,False,-0.33381722134127373,False,False
920,1574861316711096832,2.7652450216317987,7.075882579508493,1.0,-0.3280270628960796,False,-0.27090156484126493,False,-0.003428191008996818,False,False
921,1574861316777813248,2.727666669366659,7.075367627561471,1.0,-0.35918735103687977,False,-0.2868288238966483,False,0.22784413022360164,False,False
922,1574861316844572672,2.7567397106377243,7.078358502937034,1.0,-0.3534565207293562,False,-0.26150368476179725,False,0.3897347550864067,False,False
923,1574861316911312896,2.7402205059922133,7.080047823858038,1.0,-0.36509479802129685,False,-0.2231745389956592,False,0.5030581924903841,False,False
924,1574861316978222080,2.7212828639075974,7.07912823138871,1.0,-0.3911826144354001,False,-0.2075587194011341,False,0.5823845986731314,False,False
925,1574861317044937984,2.77002983674256,7.080050150447926,1.0,-0.3632624903888839,False,-0.1853846900943173,False,0.6379130830010822,False,False
926,1574861317111731456,2.7789822140179288,7.080976298275431,1.0,-0.3352371575962927,False,-0.15856834345932025,False,0.6767830220306247,False,False
927,1574861317178473728,2.791326255337563,7.0803991034553455,0.9848484848484849,-0.3039250056785241,False,-0.1468358872252684,False,-0.23991541960297985,False,False
928,1574861317245224448,2.7601712080613705,7.086507868326722,1.0,-0.311521968883238,False,-0.06412576868505243,False,0.062303070207813525,False,False
929,1574861317312135680,2.791761574718487,7.08150371393375,1.0,-0.2869119634868234,False,-0.06725517718317608,False,0.27385601307534585,False,False
930,1574861317378824192,2.771462494481449,7.080459199126459,1.0,-0.2889157725936809,False,-0.08218379417133581,False,0.4219430730826092,False,False
931,1574861317445576960,2.747363968171105,7.082522887409265,1.0,-0.31314874678790694,False,-0.06746680572143463,False,0.5256040150877305,False,False
932,1574861317512348928,2.8034248338854377,7.083571992068472,1.0,-0.2770012441014251,False,-0.044370908762862836,False,0.5981666744913061,False,False
933,1574861317579105280,2.752505057991228,7.079544288331924,1.0,-0.2999380440311058,False,-0.07732229491945779,False,0.6489605360738044,False,False
934,1574861317645826304,2.801414415838387,7.079376911882678,1.0,-0.2696583691705953,False,-0.10242944874402851,False,0.6845162391815395,False,False
935,1574861317712717824,2.767101014989457,7.080430659035017,1.0,-0.2809702071351052,False,-0.10715383540509325,False,0.7094052313569587,False,False
936,1574861317779476992,2.750601502185673,7.080612033537536,1.0,-0.30451969668632345,False,-0.10824901397524528,False,0.7268275258797335,False,False
937,1574861317846238208,2.8223941778257773,7.0814349895714255,1.0,-0.25298985321913103,False,-0.09897955386513195,False,0.7390231320456945,False,False
938,1574861317912944128,2.796166242359088,7.078807053299435,1.0,-0.24176661664699248,False,-0.12453904979339214,False,0.7475600563618809,False,False
939,1574861317979739136,2.8019642308573345,7.082260634651003,1.0,-0.2284174897634528,False,-0.100313700471176,False,0.7535359033831838,False,False
940,1574861318046572800,2.773449173094476,7.081049963264184,1.0,-0.24608751410165527,False,-0.09812029398685188,False,0.7577189962981234,False,False
941,1574861318113357056,2.805577869354803,7.079852307716221,1.0,-0.22801865224016687,False,-0.11119051717883743,False,0.7606471613385904,False,False
942,1574861318180098048,2.822568155923853,7.082089840425509,1.0,-0.1992742998483258,False,-0.09305259150323351,False,0.7626968768668758,False,False
943,1574861318246812672,2.8043193457840085,7.083580120856702,1.0,-0.19644169427892183,False,-0.062181826891598437,False,0.7641316777367033,False,False
944,1574861318313597440,2.806088209999268,7.0811991703349975,1.0,-0.19278309510657027,False,-0.06960837754486862,False,0.7651360383455733,False,False
945,1574861318380446720,2.7795915018482806,7.083026704109842,0.9878048780487805,-0.21532435768848937,False,-0.05251988599078697,False,0.006108745271980917,False,False
946,1574861318447214592,2.86329702991005,7.084760429259301,1.0,-0.15180283336185435,False,-0.019414876612124578,False,0.234519985620263,False,False
947,1574861318513937920,2.792576556505709,7.083954207139271,1.0,-0.17433647638559613,False,-0.006073382305740001,False,0.39440785386405125,False,False
948,1574861318580732672,2.785607175176731,7.082109836666492,1.0,-0.19671263443775647,False,-0.01922673962206437,False,0.5063293616347353,False,False
949,1574861318647447296,2.7748780304093636,7.080325654040948,1.0,-0.22254045366386757,False,-0.05019249231050782,False,0.5846744170741772,False,False
950,1574861318714312448,2.788896176350048,7.082223139582361,1.0,-0.22733950562408536,False,-0.04872836880418123,False,0.6395159558818189,False,False
951,1574861318781071616,2.7761562606394516,7.081552933673278,1.0,-0.242768301909294,False,-0.05587675439255384,False,0.6779050330471726,False,False
952,1574861318847820800,2.798287774866457,7.084126248369014,1.0,-0.232601646823995,False,-0.029498625466476722,False,0.704777387062888,False,False
953,1574861318914598656,2.834706547363396,7.081386121154532,1.0,-0.19098280436294934,False,-0.044450240345256374,False,0.7235880348738841,False,False
954,1574861318981341952,2.7856034018817213,7.083007580424653,1.0,-0.2083686387420114,False,-0.03514240645870023,False,0.736755488341586,False,False
955,1574861319048223232,2.8840352631584016,7.0817468269957615,1.0,-0.12728697524215504,False,-0.04400201957560868,False,0.7459727057689866,False,False
956,1574861319114950400,2.781036215964801,7.08248274960687,1.0,-0.16810838975822381,False,-0.0412290506511867,False,0.7524247579681854,False,False
957,1574861319181764096,2.840817260754718,7.083414856436455,1.0,-0.14004839582358553,False,-0.02792077526674547,False,0.7569411945076108,False,False
958,1574861319248451840,2.7795518526703664,7.084738622771943,1.0,-0.1784476307751369,False,-0.002461432829658531,False,0.7601027000852039,False,False
959,1574861319315191040,2.825089381854295,7.08257587601253,1.0,-0.16218604191636152,False,-0.011014947990885003,False,0.7623157539895468,False,False
960,1574861319381956352,2.806697895805036,7.080098123780235,1.0,-0.1682265382111875,False,-0.04721900737554373,False,0.7638648917225683,False,False
961,1574861319448825856,2.778008550748782,7.083277643348412,1.0,-0.1996344139562262,False,-0.03378708130401519,False,0.7649492881356788,False,False
962,1574861319515598336,2.807588294168438,7.080600484628593,1.0,-0.19359685872895027,False,-0.05703312696145997,False,0.7657083656248377,False,False
963,1574861319582354176,2.810853433795941,7.085626339995712,1.0,-0.18627726296014943,False,-0.012014220472148878,False,0.7662397198672811,False,False
964,1574861319649106688,2.808961759721218,7.0820202843929785,1.0,-0.18294566801542056,False,-0.024477431143281016,False,0.766611667836964,False,False
965,1574861319715838976,2.7889830389955277,7.083971985554633,1.0,-0.1995408642923195,False,-0.00940035975821659,False,0.7668720314157466,False,False
966,1574861319782733568,2.8318768505756577,7.080756741092317,1.0,-0.1705210366462754,False,-0.038056848429245727,False,0.767054285920899,False,False
967,1574861319849481728,2.810236135331975,7.082651154643029,0.9873417721518988,-0.17070899977533047,False,-0.03501370354602777,False,-0.02139900087464051,False,False
968,1574861319916217344,2.768221160794723,7.082532695070423,1.0,-0.21064445198533926,False,-0.034328136231784066,False,0.21526456331764876,False,False
969,1574861319982937856,2.802300769867477,7.085016195727497,1.0,-0.20631314632400624,False,-0.003561537347996468,False,0.3809290582522259,False,False
970,1574861320049724928,2.8386127292746393,7.08354145698069,1.0,-0.16888024036198596,False,-9.601353376859541e-06,False,0.4968942047064621,False,False
971,1574861320116564992,2.794531776828728,7.081509545318752,1.0,-0.1844383371537285,False,-0.02230274534526078,False,0.578069807224409,False,False
972,1574861320183347968,2.8014460250608217,7.082890387298022,1.0,-0.18877862861332695,False,-0.02106834954430628,False,0.6348927289869627,False,False
973,1574861320250073856,2.7818831214953303,7.082149522803771,1.0,-0.2103502111699041,False,-0.029239237673174455,False,0.6746687742207687,False,False
974,1574861320316840704,2.764825511435801,7.080945146642355,1.0,-0.24161024854639052,False,-0.04964642608835285,False,0.7025120058844329,False,False
975,1574861320383617280,2.786264258651532,7.083106292229341,1.0,-0.2431817714079972,False,-0.03757592967468386,False,0.7220022680489886,False,False
976,1574861320450447616,2.7942707428615923,7.080051057463707,1.0,-0.23669670557720618,False,-0.06638567607816438,False,0.7356454515641915,False,False
977,1574861320517187840,2.81680583335643,7.0812684583954635,1.0,-0.2108080095057258,False,-0.07170609260448181,False,0.7451956800248288,False,False
978,1574861320583951616,2.732293193358503,7.080218280201226,0.984375,-0.27275096693672857,False,-0.08823748115397413,False,-0.22152366522435515,False,False
979,1574861320650721536,2.777422895716093,7.079649596655923,1.0,-0.2733563481854988,False,-0.10674464314372697,False,0.07517729827284851,False,False
980,1574861320717479936,2.820348109511293,7.079391582195472,0.9883720930232558,-0.2331139003899731,False,-0.12284618560721645,False,-0.4415260776393966,False,False
981,1574861320784313600,2.811348087461249,7.075415883203657,1.0,-0.2134705702952245,False,-0.18260157288559115,False,-0.07882439041771047,False,False
982,1574861320851104000,2.8143916302172314,7.079147967480978,1.0,-0.19683686714689816,False,-0.17891695821072232,False,0.1750667906374698,False,False
983,1574861320917836288,2.791627029455582,7.07560229011343,1.0,-0.20675985690255097,False,-0.21957785057561513,False,0.3527906173761329,False,False
984,1574861320984619008,2.76167895858284,7.080374556867941,1.0,-0.24207796168848641,False,-0.18984189190484946,False,0.47719729609319705,False,False
985,1574861321051354880,2.780058634514286,7.073271695052932,1.0,-0.24938821513659634,False,-0.25564729685505627,False,0.564281971195105,False,False
986,1574861321118105088,2.8160975020103423,7.0792739902840705,1.0,-0.22036312062033975,False,-0.228512096037106,False,0.6252412437664361,False,False
987,1574861321184935936,2.8786250903308956,7.0777368618744445,0.9893617021276596,-0.14080856750877813,False,-0.2282629909579311,False,0.005169241683586784,False,False
988,1574861321251724288,2.794484528839051,7.080717583866889,1.0,-0.16483292765493718,False,-0.19173821911735503,False,0.23386233310840093,False,False
989,1574861321318470912,2.8353160225278935,7.08181424644855,1.0,-0.14296730025899831,False,-0.15279689704570357,False,0.3939474971057847,False,False
990,1574861321385224704,2.844644329702017,7.076755325949174,1.0,-0.11882396905725295,False,-0.1872323448083319,False,0.506007111903921,False,False
991,1574861321451937024,2.7864898680606847,7.079004735559975,1.0,-0.1570176393656405,False,-0.18390523555147528,False,0.5844488422626395,False,False
992,1574861321518828288,2.8160973700619443,7.077802905262185,1.0,-0.15570384258510125,False,-0.19623277856818577,False,0.6393580535137194,False,False
993,1574861321585564160,2.7871982758754426,7.07767839181482,1.0,-0.1821624239676936,False,-0.20638052078905644,False,0.6777945013895076,False,False
994,1574861321652343040,2.7776128653209566,7.076544195952845,1.0,-0.20976439591719473,False,-0.2273156466956102,False,0.7047000149025409,False,False
995,1574861321719060480,2.784218169755353,7.0776252005512434,0.9863013698630136,-0.22282808518753386,False,-0.22878720474568148,False,-0.12986185619975968,False,False
996,1574861321785823488,2.830467922371529,7.074631848809203,0.9868421052631579,-0.1881568726691615,False,-0.2663217155536424,False,-0.6803684923965785,False,False
997,1574861321852721920,2.7849305886667093,7.0740601358215285,1.0,-0.20702789203941155,False,-0.29956800767570035,False,-0.2460140807477078,False,False
998,1574861321919446784,2.8067058939079383,7.077504588589149,1.0,-0.1996082561057183,False,-0.28083474028202376,False,0.05803400740650856,False,False
999,1574861321986221824,2.807042196087622,7.076040976409507,1.0,-0.19409590714276928,False,-0.2855704460014411,False,0.2708676691144554,False,False
1000,1574861322052961536,2.796019986346917,7.077954681639422,1.0,-0.20067941347948975,False,-0.2655474878295872,False,0.4198512323100136,False,False
1001,1574861322119721472,2.7553110641207406,7.075310380624246,1.0,-0.24385442644461228,False,-0.2837791058676984,False,0.5241397265468904,False,False
1002,1574861322186561536,2.820510380995237,7.0763013143767495,1.0,-0.21230882345012453,False,-0.2844566372906582,False,0.5971416725127136,False,False
1003,1574861322253321728,2.805538212533154,7.079215413660233,0.9876543209876543,-0.20441113861030485,False,-0.24939298596961904,False,-0.1208666977924935,False,False
1004,1574861322320101376,2.770120929208218,7.075470067624941,0.9873417721518988,-0.2324361587134613,False,-0.2705235451491673,False,-0.6429436894740153,False,False
1005,1574861322386825984,2.7664797864712733,7.073390646602359,1.0,-0.2555031953178111,False,-0.31067382028320406,False,-0.21981671870192507,False,False
1006,1574861322453598720,2.819908651627755,7.072563605726534,1.0,-0.22103302418330775,False,-0.34886491331007524,False,0.0763721608385242,False,False
1007,1574861322520474112,2.8402947551226743,7.074405298878062,1.0,-0.17759064796700177,False,-0.35313892547412523,False,0.28370437651686636,False,False
1008,1574861322587241216,2.8444107429282903,7.078413335818129,1.0,-0.14328160639747334,False,-0.30725205980114756,False,0.42883692749167357,False,False
1009,1574861322653955328,2.797286382713493,7.0751177564893055,1.0,-0.16390965246275271,False,-0.31532138947062277,False,0.5304297131740755,False,False
1010,1574861322720735488,2.7682448972213756,7.074573097995593,1.0,-0.20586242160237364,False,-0.3276121207617884,False,0.6015446631517385,False,False
1011,1574861322787446784,2.746105472669105,7.0744216350503795,1.0,-0.2562036665184421,False,-0.3380627483637292,False,0.6513251281361025,False,False
1012,1574861322854226944,2.7499206279009303,7.077193529308397,1.0,-0.28782816058242744,False,-0.3115744782017567,False,0.6861714536251389,False,False
1013,1574861322921103104,2.754828308350883,7.074872926342907,0.9833333333333333,-0.30531589949216753,False,-0.32133282652859224,False,-0.3277342573822612,False,False
1014,1574861322987822336,2.769768570643983,7.071953217233555,1.0,-0.3034033065350932,False,-0.36377000642993873,False,0.0008298837623119512,False,False
1015,1574861323054598144,2.792366993487862,7.072014396794162,1.0,-0.28065534207919557,False,-0.39272993748833845,False,0.23082478256350855,False,False
1016,1574861323121350400,2.803761297930595,7.070145478458789,1.0,-0.2539371036488849,False,-0.43579365780927865,False,0.3918212117243185,False,False
1017,1574861323188098048,2.773342466077177,7.072344084628561,1.0,-0.2640523352334415,False,-0.4391258957193137,False,0.5045187121368994,False,False
1018,1574861323254955520,2.782563945845186,7.073651514977019,0.9841269841269841,-0.2623968107832118,False,-0.42551413265533117,False,-0.40544840790736586,False,False
1019,1574861323321729536,2.765636825718549,7.072505790639808,1.0,-0.2772742505363925,False,-0.4299581965269891,False,-0.053570021605265916,False,False
1020,1574861323388475136,2.8117203116368596,7.07182295209074,1.0,-0.2440301800374643,False,-0.4413963704164731,False,0.19274484880621326,False,False
1021,1574861323455218176,2.8221012992467815,7.072747321548556,1.0,-0.21092465700103522,False,-0.4381302535317244,False,0.3651652580942487,False,False
1022,1574861323521954816,2.8532761367621147,7.07353199370438,0.987012987012987,-0.1582165725781243,False,-0.42627476483574117,False,-0.32320394022211274,False,False
1023,1574861323588858112,2.8207517212410402,7.072682670832963,1.0,-0.15213368636414754,False,-0.42833355580758675,False,0.004001105774392831,False,False
1024,1574861323655580928,2.806468392618077,7.0749271011997585,0.9855072463768116,-0.16140731458692653,False,-0.4024035095023806,False,-0.6698233088538805,False,False
1025,1574861323722354432,2.7686881545577844,7.075452407661628,1.0,-0.20369085478720692,False,-0.37784627779905855,False,-0.23863245226781696,False,False
1026,1574861323789097728,2.7974685645434563,7.073163781960201,1.0,-0.20602353207799176,False,-0.38856638501646834,False,0.06320114734241832,False,False
1027,1574861323855822080,2.7897945504490305,7.0733836588821974,1.0,-0.2149265646024372,False,-0.3933890245948299,False,0.2744846670695646,False,False
1028,1574861323922733056,2.76158402202365,7.072674637562368,0.9850746268656716,-0.24788459746902236,False,-0.4054115047040967,False,-0.5074360979420975,False,False
1029,1574861323989446656,2.7847920487224394,7.072193891860191,1.0,-0.24896854848617692,False,-0.4196900142268623,False,-0.1249614046295827,False,False
1030,1574861324056241152,2.767033910911745,7.069888123123052,1.0,-0.26655090528822983,False,-0.4578042024618714,False,0.14277088068915464,False,False
1031,1574861324122954752,2.8074895185279996,7.065533272446466,1.0,-0.24053198009622362,False,-0.5375922593610377,False,0.33018348041230305,False,False
1032,1574861324189715456,2.7419182859213693,7.072262518745255,1.0,-0.2844391876809372,False,-0.5113796262592172,False,0.4613723002184931,False,False
1033,1574861324256579072,2.7662028101177416,7.070589190904961,0.9875,-0.2921677156824338,False,-0.5134372931920468,False,-0.2255191300544761,False,False
1034,1574861324323315456,2.7815032852254036,7.070178701916266,1.0,-0.2830824189757896,False,-0.5198836412363528,False,0.07238047289174078,False,False
1035,1574861324390100224,2.7965898695988542,7.071905080013271,1.0,-0.26243007941004615,False,-0.5033426180979088,False,0.2809101949540949,False,False
1036,1574861324456815360,2.771672313063168,7.072704953619976,1.0,-0.27157967715313847,False,-0.48200931081362536,False,0.4268810003977382,False,False
1037,1574861324523621888,2.8104023587362303,7.072084880816728,1.0,-0.24129257246390212,False,-0.47463788623006153,False,0.5290605642083207,False,False
1038,1574861324590352896,2.766000834132788,7.072713192828488,1.0,-0.26215643174811604,False,-0.46181551999392223,False,0.6005862588756963,False,False
1039,1574861324657231360,2.763285833067216,7.069797748819912,1.0,-0.27933325360242833,False,-0.4883941860909626,False,0.6506542451428637,False,False
1040,1574861324723950080,2.7711854554743565,7.075292933264881,1.0,-0.28387313511832646,False,-0.43998456808727393,False,0.6857018355298672,False,False
1041,1574861324790716928,2.8167465287385074,7.072053195051794,1.0,-0.24388769381436531,False,-0.4456069794719105,False,0.7102351488007926,False,False
1042,1574861324857467904,2.835300174811027,7.072597744734546,1.0,-0.19832065027930537,False,-0.44290179388626916,False,0.7274084680904358,False,False
1043,1574861324924236032,2.8017983298056475,7.073047769463947,1.0,-0.19816248358398886,False,-0.43552003788026583,False,0.739429791593186,False,False
1044,1574861324991097856,2.776425433867961,7.071286945877684,1.0,-0.22208937886854319,False,-0.45182634389092907,False,0.747844718045125,False,False
1045,1574861325057848576,2.7743397698503762,7.0766649009899165,0.9880952380952381,-0.24081410861325903,False,-0.3976557049518949,False,0.012093638811651982,False,False
1046,1574861325124572928,2.820633019183946,7.070907958798878,1.0,-0.21006441678485516,False,-0.4299431210247965,False,0.23870941109804658,False,False
1047,1574861325191362560,2.7817128847389485,7.070806459696137,1.0,-0.22541154070009117,False,-0.45378211064133395,False,0.3973404516985228,False,False
1048,1574861325258099968,2.810877261759446,7.072487098730076,1.0,-0.20852496635618922,False,-0.4499737320516048,False,0.5083821801188331,False,False
1049,1574861325324944128,2.7451834280863427,7.070017537665539,1.0,-0.25894096854927223,False,-0.47742457316338754,False,0.586111390013078,False,False
1050,1574861325391721984,2.790265458133019,7.070271888691531,1.0,-0.25152264462069307,False,-0.49353830906087526,False,0.6405218369390494,False,False
1051,1574861325458451456,2.75948257701524,7.074431703036838,1.0,-0.27549270702154743,False,-0.4540882994110931,False,0.6786091497872109,False,False
1052,1574861325525218304,2.8060132163659475,7.071956774249042,1.0,-0.24818985101538743,False,-0.45665545905477295,False,0.7052702687809425,False,False
1053,1574861325591978752,2.765763312355212,7.071498557531785,1.0,-0.26720954859756896,False,-0.46404049954989957,False,0.7239330520765499,False,False
1054,1574861325658825984,2.7361123117882786,7.072645817444025,1.0,-0.30861391229461543,False,-0.45521900328824805,False,0.7369970003834475,False,False
1055,1574861325725573120,2.797116321950963,7.074832850547976,0.9878048780487805,-0.2798033776689382,False,-0.4223727250445618,False,-0.013588581301507145,False,False
1056,1574861325792341760,2.7597871397157383,7.074398014386816,1.0,-0.2950006854908698,False,-0.40468322926525935,False,0.22073185701882597,False,False
1057,1574861325859097600,2.772452013487119,7.074183745341649,1.0,-0.29364043380587507,False,-0.3949136287070713,False,0.38475616384304995,False,False
1058,1574861325925829632,2.7853500614585314,7.075356151214109,1.0,-0.28046898738284204,False,-0.37377722455920726,False,0.49957317862002054,False,False
1059,1574861325992725760,2.7609192628611687,7.070506017461755,1.0,-0.2943940687015529,False,-0.41812992591490084,False,0.5799450889638815,False,False
1060,1574861326059474176,2.7735046454290613,7.072000718733993,1.0,-0.29221856633256227,False,-0.4309486873365517,False,0.6362054262045795,False,False
1061,1574861326126229760,2.773318746379025,7.071319252173393,1.0,-0.2908718305280345,False,-0.44823241788448204,False,0.6755876622730913,False,False
1062,1574861326192946432,2.7656724397095718,7.073793881200865,1.0,-0.29717302460259604,False,-0.4301525184962643,False,0.7031552275210403,False,False
1063,1574861326259737088,2.794373600961033,7.071266483447136,1.0,-0.27439313776464147,False,-0.44831862305111736,False,0.7224525231946045,False,False
1064,1574861326326565888,2.745757127394344,7.075966840490732,1.0,-0.30450518095182877,False,-0.40371326374565303,False,0.7359606301661226,False,False
1065,1574861326393316864,2.7819069140595727,7.07751741292066,1.0,-0.29133625735942437,False,-0.35358002468460853,False,0.7454163050461575,False,False
1066,1574861326460098048,2.740968263657502,7.075521686435268,1.0,-0.3209022077850286,False,-0.3428249723099815,False,0.7520352774621959,False,False
1067,1574861326526822400,2.7638598296663623,7.074000769579009,0.9879518072289156,-0.3199115075991229,False,-0.35384426856332085,False,0.0060915903102553015,False,False
1068,1574861326593605632,2.770860918677843,7.076412285173838,0.9873417721518988,-0.3125853705118719,False,-0.3321489439311093,False,-0.5540728878020911,False,False
1069,1574861326660363264,2.7577371310091996,7.075492874440563,1.0,-0.31989020462577944,False,-0.3281745828290268,False,-0.15760715753157584,False,False
1070,1574861326727222784,2.7601671841834468,7.077274640361944,1.0,-0.3227014202620638,False,-0.303663599597967,False,0.11991885365779172,False,False
1071,1574861326793963776,2.7271084931987546,7.0755970218397435,1.0,-0.3559882025631861,False,-0.3069647470167141,False,0.3141870614903167,False,False
1072,1574861326860731136,2.7848633651399846,7.081183799451945,1.0,-0.32457350876028906,False,-0.24114387209658258,False,0.4501748069730981,False,False
1073,1574861326927459840,2.765423086981875,7.080779859922758,0.9864864864864865,-0.3210004295584902,False,-0.19999536910061577,False,-0.2964971270130596,False,False
1074,1574861326994238720,2.7531700432077546,7.08085235670772,1.0,-0.33010748440716803,False,-0.17030730670582434,False,0.02269587502072084,False,False
1075,1574861327061098752,2.7825955689140565,7.081384425414206,0.9836065573770492,-0.3086054563439651,False,-0.14303699704691367,False,-0.7751458814405905,False,False
1076,1574861327127822336,2.708645878473344,7.0768701609789115,1.0,-0.3636120217470471,False,-0.17899998260560432,False,-0.3123582530785393,False,False
1077,1574861327194573056,2.7623241675946213,7.081567534933538,1.0,-0.35126322309019375,False,-0.14688881926680092,False,0.01159308677492652,False,False
1078,1574861327261364736,2.659265662156569,7.078324738043607,0.9846153846153847,-0.44025397216793744,False,-0.16395744998752299,False,-0.7200700265735799,False,False
1079,1574861327328096256,2.7055904873808783,7.078423428880683,0.9651162790697675,-0.45866057970711516,False,-0.1747019403913443,False,-2.446987305752467,False,False
1080,1574861327394971392,2.6352186814159038,7.079410317988348,1.0,-0.5382135967068815,False,-0.170187807583917,False,-1.4826472500968506,False,False
1081,1574861327461743360,2.637981038235277,7.0788972866731665,1.0,-0.5912837246600141,False,-0.1732844164618563,False,-0.8076092111379237,False,False
1082,1574861327528476928,2.6799443933656284,7.0787953977791,0.9891304347826086,-0.5886778390712974,False,-0.1766945946116374,False,-1.0122335439860788,False,False
1083,1574861327595224320,2.653455799571225,7.077835276939325,1.0,-0.6119483138344876,False,-0.1907905519470463,False,-0.47831961686036956,False,False
1084,1574861327661982208,2.662131056577833,7.078383375445675,1.0,-0.620018936637572,False,-0.19397357003549304,False,-0.1045798678723777,False,False
1085,1574861327728816384,2.7042607670608385,7.078912058068791,1.0,-0.5857557967731576,False,-0.1897543105622423,False,0.15703795641923965,False,False
1086,1574861327795599104,2.6440006812149943,7.078768774101969,1.0,-0.6188604138175134,False,-0.18854820063320293,False,0.34017043342334413,False,False
1087,1574861327862371072,2.6799248115748804,7.077399782479604,1.0,-0.6080000727533007,False,-0.20439900321335414,False,0.46836316732620803,False,False
1088,1574861327929092864,2.6615176059666137,7.079918055240931,1.0,-0.617836334799655,False,-0.18478381168619382,False,0.558098081058222,False,False
1089,1574861327995852288,2.6521775095383124,7.0799136413841905,1.0,-0.633570279084958,False,-0.17110700533106254,False,0.6209125206706594,False,False
1090,1574861328062734336,2.6315972789205615,7.078400111606873,0.9782608695652174,-0.664081207419601,False,-0.17999098714705752,False,-0.689419291839433,False,False
1091,1574861328129452800,2.670394763773903,7.080240575376758,1.0,-0.6486831440449051,False,-0.16376501397626558,False,-0.2523496403577152,False,False
1092,1574861328196238848,2.676259906159442,7.0793925203059525,0.9666666666666667,-0.6323480185790771,False,-0.1627490047773384,False,-2.022997162019971,False,False
1093,1574861328262976768,2.6395166612738494,7.0756377919611495,1.0,-0.6557230112318877,False,-0.2078273322604363,False,-1.1858541494840755,False,False
1094,1574861328329733120,2.641859746043407,7.076284944104577,1.0,-0.669865729416742,False,-0.23149003394553863,False,-0.5998540407089719,False,False
1095,1574861328396486144,2.6909787255208184,7.078420298082797,0.9789473684210527,-0.6332316073346739,False,-0.22201292976058293,False,-1.5011884557450192,False,False
1096,1574861328463379712,2.7202617309178225,7.080092395510882,0.9868421052631579,-0.5798457753995911,False,-0.19498745180762667,False,-1.640297112078258,False,False
1097,1574861328530116096,2.6665004432624113,7.076338729423632,0.9882352941176471,-0.5934077181047898,False,-0.22184619675618936,False,-1.650880447830596,False,False
1098,1574861328596823808,2.693816425204457,7.07464234719356,1.0,-0.5770226376284445,False,-0.26133498042531267,False,-0.9253724495515178,False,False
1099,1574861328663605504,2.7028438847366067,7.072553513786171,0.9888888888888889,-0.5570007043864657,False,-0.3144507982934396,False,-1.109715609989321,False,False
1100,1574861328730348800,2.6224234750660473,7.068870930262918,0.989010989010989,-0.6191735247878906,False,-0.39654158667805267,False,-1.231149242524009,False,False
1101,1574861328797242368,2.648849088530439,7.068024491065168,1.0,-0.637659570296077,False,-0.46432760472841944,False,-0.6315606058369437,False,False
1102,1574861328863965696,2.630346778263479,7.066661950990403,1.0,-0.6681284025867591,False,-0.5283942192027917,False,-0.21184856015597045,False,False
1103,1574861328930723328,2.6404587309212992,7.071414720414648,0.9893617021276596,-0.6798767881163218,False,-0.5152800391798611,False,-0.5807936210620932,False,False
1104,1574861328997472768,2.6749658102622424,7.068652783751434,0.9883720930232558,-0.6554095617283672,False,-0.5397823881296703,False,-0.9007057211738604,False,False
1105,1574861329064198144,2.6655622465291318,7.07108817287229,0.9880952380952381,-0.6471911913592054,False,-0.527234058781778,False,-1.141891668641631,False,False
1106,1574861329131109888,2.689439204819918,7.067677181793319,0.9888888888888889,-0.6188179319754851,False,-0.5600478292832716,False,-1.2612790633524096,False,False
1107,1574861329197840128,2.653538975039013,7.07068831625556,1.0,-0.6329675806243997,False,-0.5462961852438794,False,-0.6526514804168103,False,False
1108,1574861329264568576,2.6555137995514277,7.067401432614442,1.0,-0.6410014380550384,False,-0.5767541247052863,False,-0.22661217236189546,False,False
1109,1574861329331355648,2.657908188235883,7.068888557367759,1.0,-0.6443567576094091,False,-0.5799389497038414,False,0.07161534327653571,False,False
1110,1574861329398105856,2.6346407243129106,7.067891101547155,0.9852941176470589,-0.66874846254445,False,-0.594332466107021,False,-0.6357708124086451,False,False
1111,1574861329464973056,2.650776397992376,7.063748358422426,1.0,-0.6705361446068752,False,-0.6549293660054123,False,-0.21479570475615675,False,False
1112,1574861329531749120,2.6448358485539982,7.065520321593592,0.9891304347826086,-0.6774154418058342,False,-0.6757378116369057,False,-0.5972640895188372,False,False
1113,1574861329598459136,2.687836321038406,7.068864505642413,0.9848484848484849,-0.6414934370795088,False,-0.6495208453294029,False,-1.1317483976875986,False,False
1114,1574861329665228800,2.6680557448288287,7.065462183112228,1.0,-0.6350876296241428,False,-0.6726608555712417,False,-0.5619800144514518,False,False
1115,1574861329731955200,2.6541246676638375,7.065271218822446,1.0,-0.6438014992432688,False,-0.6911877038768156,False,-0.1631421461861169,False,False
1116,1574861329798832640,2.6839855131896395,7.066383304051144,0.9879518072289156,-0.6216118310113229,False,-0.6905944341729697,False,-0.6345326062435774,False,False
1117,1574861329865583104,2.6667734114014086,7.0626694427976755,1.0,-0.6223853542222761,False,-0.7354702983565464,False,-0.21392896044063708,False,False
1118,1574861329932341248,2.6241253106698097,7.0642607181249275,1.0,-0.6633305055367059,False,-0.747477537164812,False,0.08049359162144423,False,False
1119,1574861329999099136,2.6643829263313696,7.064712297810276,1.0,-0.6538531088558481,False,-0.7503755152892496,False,0.2865893780648735,False,False
1120,1574861330065843456,2.7202023781819658,7.069722572944521,1.0,-0.5943370556799284,False,-0.69130296504669,False,0.43085642857527856,False,False
1121,1574861330132618240,2.6483343817003226,7.065874349183892,1.0,-0.6207616615872406,False,-0.6968819058774959,False,0.5318433639325806,False,False
1122,1574861330199461376,2.614717893570439,7.064153320486714,1.0,-0.6711062593720848,False,-0.7217753944118349,False,0.6025342186826828,False,False
1123,1574861330266257408,2.687598863543384,7.066197061739751,1.0,-0.6373019703397031,False,-0.7142770733753699,False,0.6520178170077451,False,False
1124,1574861330332974592,2.665693033283268,7.066751516053775,1.0,-0.6343919734679883,False,-0.7022665864764932,False,0.6866563358352933,False,False
1125,1574861330399727104,2.723570429603013,7.0661900782973905,1.0,-0.577523457881557,False,-0.7007060720566661,False,0.7109032990145909,False,False
1126,1574861330466472960,2.744486679018395,7.0627180394239275,1.0,-0.5178999942954389,False,-0.7419558009706977,False,0.7278761732400992,False,False
1127,1574861330533348608,2.770995463564826,7.067164613290695,1.0,-0.4510498469242673,False,-0.7166039065828769,False,0.7397571851979596,False,False
1128,1574861330600113664,2.7462796807057477,7.066863703078468,1.0,-0.42766982414754146,False,-0.7025272303781656,False,0.7480738935684389,False,False
1129,1574861330666823168,2.775871406603161,7.066325811602224,1.0,-0.3832693880718429,False,-0.6992332326588476,False,0.753895589427779,False,False
1130,1574861330733599232,2.8154761263189445,7.064804371864003,1.0,-0.3146686166057296,False,-0.715481643803034,False,0.7579707765293217,False,False
1131,1574861330800352768,2.734378899416627,7.065760475905071,1.0,-0.343477449033105,False,-0.7151956844988248,False,0.7608234075004245,False,False
1132,1574861330867237632,2.707043001803011,7.066177767189105,1.0,-0.3895409396838851,False,-0.7099065766764746,False,0.7628202491801735,False,False
1133,1574861330933975552,2.6247624697641943,7.065209223702869,1.0,-0.4997357876496807,False,-0.7180157493996537,False,0.7642180383560209,False,False
1134,1574861331000721664,2.662075601974205,7.06522677584049,0.9775280898876404,-0.5415227045361295,False,-0.7234781190811127,False,-0.6347560559845986,False,False
1135,1574861331067465216,2.688449495598039,7.066173051180419,0.9886363636363636,-0.5457876155957893,False,-0.7157617933909275,False,-0.9220159244750535,False,False
1136,1574861331134235648,2.682624008154542,7.068227481358186,1.0,-0.5542919663955723,False,-0.6853062491902551,False,-0.41516728320267493,False,False
1137,1574861331201097216,2.63526606329624,7.067297947748915,0.9875,-0.6051106790458707,False,-0.6753231845393021,False,-0.8390968384492798,False,False
1138,1574861331267849984,2.6226013690273096,7.065466636223092,1.0,-0.6526819750055423,False,-0.6906681865937682,False,-0.35712392298461726,False,False
1139,1574861331334579968,2.6791610377799553,7.071271198413887,1.0,-0.6323987447207569,False,-0.6306220909190902,False,-0.019742882159351115,False,False
1140,1574861331401355008,2.7178712952814426,7.070209831991287,1.0,-0.5815274072035077,False,-0.6015333632255071,False,0.21642384641832135,False,False
1141,1574861331468098048,2.7025786807521173,7.069304661165884,0.9878048780487805,-0.5604052903446656,False,-0.5922099619459031,False,-0.377989789077077,False,False
1142,1574861331534937856,2.67679432347072,7.069959715785739,1.0,-0.5700472281325173,False,-0.5776950814884758,False,-0.03434898842407752,False,False
1143,1574861331601729024,2.685319259862419,7.074004564794598,0.9878048780487805,-0.568720284836175,False,-0.5182070617057198,False,-0.5535307734667977,False,False
1144,1574861331668466688,2.673699320416554,7.0726629564935175,1.0,-0.5787998484869374,False,-0.4929265832506724,False,-0.15722767749688663,False,False
1145,1574861331735228416,2.6857347273530974,7.072326421512972,0.99,-0.5744535161485964,False,-0.4793343481477833,False,-0.5027943936277806,False,False
1146,1574861331801965824,2.724516161899285,7.069739350398439,0.9886363636363636,-0.5346705759402101,False,-0.5013695442189301,False,-0.8296427608252763,False,False
1147,1574861331868820992,2.7511198291228447,7.067285733090662,1.0,-0.481618905589277,False,-0.5467164508394217,False,-0.3505060686477894,False,False
1148,1574861331935622656,2.7276031224918276,7.0704719407769225,1.0,-0.46676184355420824,False,-0.5396029551254609,False,-0.015110384123553151,False,False
1149,1574861332002349312,2.6839142710165627,7.0718417578487,1.0,-0.4977515649835333,False,-0.5179183621029493,False,0.2196665950433984,False,False
1150,1574861332069074432,2.7238315710836583,7.072719330376399,1.0,-0.48162777339570767,False,-0.4920370046918498,False,0.3840104804602414,False,False
1151,1574861332135872000,2.733444703504762,7.070711714834699,1.0,-0.4612338913377425,False,-0.498403258482586,False,0.49905120025204536,False,False
1152,1574861332202582784,2.699566867826674,7.075555294230787,1.0,-0.47905314131659255,False,-0.4437913833369782,False,0.5795797041063265,False,False
1153,1574861332269487616,2.7526634618552284,7.0730441625048535,0.9861111111111112,-0.44122430444155514,False,-0.43618673795918067,False,-0.2292987922371369,False,False
1154,1574861332336237312,2.7764611497336733,7.0690792331707595,1.0,-0.3921988172002738,False,-0.47921645598940943,False,0.06973470936387131,False,False
1155,1574861332402954752,2.7135137900770814,7.071855831913545,0.9782608695652174,-0.4175156433667408,False,-0.4754761771563686,False,-1.0752437597541984,False,False
1156,1574861332469722112,2.720740648577562,7.071572722393032,0.9876543209876543,-0.4283908866707686,False,-0.47631054945687573,False,-1.2915365003793458,False,False
1157,1574861332536446464,2.758129030235381,7.075789905802421,0.9791666666666666,-0.4005827909531048,False,-0.42546536005281677,False,-1.9717043598978283,False,False
1158,1574861332603315712,2.7644059826943486,7.074016045794327,1.0,-0.3751705048521031,False,-0.4115062440078445,False,-1.1499491879985804,False,False
1159,1574861332670099968,2.836368810351894,7.072717950720102,1.0,-0.2892062208976764,False,-0.41756534716226995,False,-0.5747205676691346,False,False
1160,1574861332736847616,2.852484541356104,7.068904907442778,1.0,-0.21376360390168392,False,-0.4683074135514381,False,-0.17206053343853167,False,False
1161,1574861332803612928,2.8025936473187083,7.068531608168312,1.0,-0.20821908829775654,False,-0.5083793064918007,False,0.10980149052293185,False,False
1162,1574861332870379264,2.800880081981653,7.070710290967575,1.0,-0.205961313951011,False,-0.5098602340379701,False,0.30710490729591483,False,False
1163,1574861332937226240,2.8458554322966547,7.073740411280548,1.0,-0.1617724120068561,False,-0.47394406433620806,False,0.4452172990370075,False,False
1164,1574861333003955968,2.8523934786195615,7.071669773641162,1.0,-0.12464620811138785,False,-0.4740545144408286,False,0.5418959732557816,False,False
1165,1574861333070744064,2.9271621534545362,7.072144595942811,1.0,-0.027823996136703753,False,-0.4683412929181052,False,0.6095710452089327,False,False
1166,1574861333137463040,3.032203731151017,7.074069962742291,1.0,0.13946517070361641,False,-0.4408618709048512,False,0.65694359557612,False,False
1167,1574861333204225280,3.056179460069957,7.068245897337828,1.0,0.2792815603035115,False,-0.49265171752868836,False,0.6901043808331557,False,False
1168,1574861333271120128,2.921763911478254,7.071272410526692,1.0,0.2498112897755041,False,-0.4919957806571477,False,0.71331693051309,False,False
1169,1574861333337813248,3.2385344593362784,7.073837939142546,1.0,0.5292821572555255,False,-0.460249578542591,False,0.729565715289067,False,False
1170,1574861333404596992,3.0010802794387836,7.076364889815857,1.0,0.49995394133445104,False,-0.4072106551555488,False,0.7409398646322325,False,False
1171,1574861333471350784,3.2118120220138575,7.06680072185774,1.0,0.679065881484638,False,-0.48672002079511434,False,0.7489017691724391,False,False
1172,1574861333538099200,3.114994898055419,7.071913489222452,1.0,0.7127222515438136,False,-0.4800255320905518,False,0.7544751023506114,False,False
1173,1574861333604950784,3.2766511402021727,7.072133640350547,1.0,0.8894305679723215,False,-0.47265461053470176,False,0.758376435575309,False,False
1174,1574861333671725056,3.0770286381127856,7.068903217877915,1.0,0.8240092994190081,False,-0.5068905024353942,False,0.7611073688326111,False,False
1175,1574861333738470912,3.114143828616259,7.071419878605886,1.0,0.8133763633725912,False,-0.5001645324463561,False,0.7630190221126949,False,False
1176,1574861333805222144,3.3927542034960334,7.076255180881507,1.0,1.0698814242313406,False,-0.43648904150959955,False,0.7643571794087581,False,False
1177,1574861333871964672,3.1689067023060766,7.076134198769111,1.0,1.037367751976173,False,-0.3933915947483778,False,0.7652938895159979,False,False
1178,1574861333938728192,3.2131338235504026,7.078322536094881,1.0,1.056507788824653,False,-0.3365362459539197,False,0.7659495865911026,False,False
1179,1574861334005562112,3.1665201340077007,7.074526303420125,1.0,1.0257452353717906,False,-0.3430331878968268,False,0.7664085745436389,False,False
1180,1574861334072347648,3.3484397505503476,7.079505385012908,1.0,1.1765572914546676,False,-0.28686032273076195,False,0.7667298661104144,False,False
1181,1574861334139074560,3.6984430193369606,7.075523129981584,1.0,1.6137095902938892,False,-0.2961035766559206,False,0.7669547702071664,False,False
1182,1574861334205850624,3.4567501530471096,7.077902979288839,1.0,1.6907427567033193,False,-0.27355119801465216,False,0.7671122030749113,False,False
1183,1574861334272627968,3.77773552622158,7.079699869271875,1.0,2.048759044306907,False,-0.23585116206987855,False,0.7672224060823235,False,False
1184,1574861334339474944,3.8909336194088886,7.082462755107345,1.0,2.4066113315971567,False,-0.17576728662984467,False,0.7672995481874982,False,False
1185,1574861334406192896,3.8998266356781306,7.081257487590351,1.0,2.6655329416098086,False,-0.14840701077567248,False,0.7673535476611435,False,False
1186,1574861334472937472,3.84371431038613,7.083196261385774,1.0,2.79361873255046,False,-0.1056111501948181,False,0.767391347292663,False,False
1187,1574861334539723520,3.9488465788136384,7.078815248300361,1.0,2.9828783226720295,False,-0.12908122783083426,False,0.7674178070347543,False,False
1188,1574861334606473984,4.73687223419053,7.0774384719417975,1.0,3.8619147441309676,False,-0.16230029785351374,False,0.7674363288542135,False,False
1189,1574861334673325568,4.795849769577021,7.070113147755727,1.0,4.533113999645482,False,-0.2748871883425018,False,0.767449294127812,False,False
1190,1574861334740099584,4.520366282367571,7.051624843305378,1.0,4.741967693268617,False,-0.5791659459944725,False,0.7674583698193724,False,False
1191,1574861334806821120,4.541658660794723,7.037506544812033,0.7647058823529411,4.908337116179401,False,-0.9643360643715091,False,-13.890861943310442,True,True
1192,1574861334873562112,5.156392371883012,7.141703032963672,0.8181818181818182,5.607178206083334,False,0.03673828000469533,False,-20.820248283839067,True,True
1193,1574861334940312832,3.1861971095478383,7.155716710430409,0.47368421052631576,4.229855974765927,False,0.9083894383447487,False,-47.13229221422274,True,True
1194,1574861335007187968,3.847794512874563,7.157181389096459,0.5714285714285714,3.892510331912803,False,1.536407248056074,False,-59.461455685019196,True,True
1195,1574861335073946880,2.8255801010796358,7.088317971179944,0.5637583892617449,2.687949426408248,False,1.1362189300477048,False,-68.56970626668398,True,True
1196,1574861335140731904,2.610190103523089,7.079462527655716,0.8229166666666666,1.6407019934310862,False,0.7480935072625988,False,-58.80046824802732,True,True
1197,1574861335207464448,2.6047601181204465,7.075272171184335,1.0,0.9024845654844896,False,0.4253036202499364,False,-40.93008390968924,True,True
1198,1574861335274223360,2.5481493337581784,7.074542157337426,0.9733333333333334,0.3321008028857997,False,0.19044805959263802,False,-30.082091895012166,True,True
1199,1574861335341097472,2.5903701038137217,7.0761657130497255,1.0,-0.02716898767092761,False,0.04584869789382879,False,-20.827220462578627,True,True
1200,1574861335407845888,2.5800127394781223,7.076520839306317,0.9439252336448598,-0.2884701346811888,False,-0.051040031789694,False,-17.84214999245369,True,True
1201,1574861335474575360,2.5756791137071655,7.075558534040179,0.9770114942528736,-0.4754865002709599,False,-0.1305976146399421,False,-13.691396494718383,True,True
1202,1574861335541358592,2.6069527048402117,7.073940615192335,0.9863013698630136,-0.5767701813152678,False,-0.20601871090092516,False,-10.207129412934401,True,True
1203,1574861335608114688,2.5742464147422344,7.073122572068615,0.9886363636363636,-0.6786538341024775,False,-0.2687896496397588,False,-7.6226772743399485,True,True
1204,1574861335674868992,2.5700274814354596,7.0738545941078455,1.0,-0.7539692971225038,False,-0.30380217677066573,False,-5.105630228108059,True,True
1205,1574861335741722112,2.569085305966146,7.066563093852208,0.989247311827957,-0.8075827134103071,False,-0.41723199880270334,False,-4.0135670627455795,True,True
1206,1574861335808445952,2.5648745147401555,7.063558483833596,0.9894736842105263,-0.8491012972883,False,-0.5332745909451453,False,-3.235020325581355,True,True
1207,1574861335875229952,2.575263458757035,7.0639759478684425,0.9879518072289156,-0.8683220946257478,False,-0.609413362410719,False,-2.7848473318202442,True,True
1208,1574861335941974784,2.606117786486457,7.068667577288933,0.989010989010989,-0.8525460769768463,False,-0.605495304751761,False,-2.4037414478056416,True,True
1209,1574861336008723968,2.606770712036041,7.062853333154116,0.978021978021978,-0.8408843001889147,False,-0.6736583344138883,False,-2.821559508456803,True,True
1210,1574861336075603968,2.6226846525724894,7.059032163546672,0.9876543209876543,-0.8176446091729848,False,-0.7679722512999001,False,-2.513957524471157,True,True
1211,1574861336142322176,2.6009330783070532,7.061344689725379,0.9891304347826086,-0.8219836928545423,False,-0.8057903534321946,False,-2.2066773633193284,True,True
1212,1574861336209102592,2.558395802826939,7.060060590716395,0.9887640449438202,-0.8653197435800332,False,-0.847922824977396,False,-2.014406563775503,True,True
1213,1574861336275854592,2.579221228403804,7.060491598069076,1.0,-0.8759255205198536,False,-0.872159349021198,False,-1.1798407307129526,True,True
1214,1574861336342610432,2.61074817455832,7.063913675673028,0.9545454545454546,-0.8534817676483868,False,-0.8473921127988733,False,-3.42736684443208,True,True
1215,1574861336409479680,2.5840416484834754,7.0573942388048785,0.9666666666666667,-0.8630721986044849,False,-0.9095606596248142,False,-4.245509204872056,True,True
1216,1574861336476239104,2.624453788265627,7.063746507502563,0.989247311827957,-0.8315001055991383,False,-0.8756116737421075,False,-3.411482346480386,True,True
1217,1574861336542945024,2.6283480874122547,7.066311899911005,1.0,-0.8057102842620123,False,-0.8205619983917458,False,-2.157793778606403,True,True
1218,1574861336609744128,2.642675039532091,7.062405362521034,0.9809523809523809,-0.7740844330038318,False,-0.8296680960132229,False,-2.466838225494288,True,True
1219,1574861336676478720,2.61288147993596,7.064133503628714,0.9801980198019802,-0.7801719691744755,False,-0.8149673973716536,False,-2.730164445024735,True,True
1220,1574861336743314432,2.603525508661802,7.063654956116076,1.0,-0.7932968447567783,False,-0.8105128744834097,False,-1.6808712475874337,True,True
1221,1574861336810109440,2.647713196882996,7.062798744432358,1.0,-0.7606220080426952,False,-0.8178363517274174,False,-0.9463660093813225,True,True
1222,1574861336876819456,2.648805321368952,7.063028295774923,1.0,-0.7367149724281326,False,-0.8201633691635011,False,-0.4322123426370448,True,True
1223,1574861336943590656,2.6360458706698178,7.065562717034496,0.9895833333333334,-0.7320680143435692,False,-0.7908845944253288,False,-0.7212411126971386,True,True
1224,1574861337010342656,2.6390972224402565,7.067249419895747,1.0,-0.7259243735481713,False,-0.7498198314090866,False,-0.274624914958123,True,True
1225,1574861337077236224,2.639667180187277,7.062497041578823,1.0,-0.7210838620641598,False,-0.779030537834221,False,0.03800642345921791,True,True
1226,1574861337143992064,2.592827634067126,7.06603160748802,0.98989898989899,-0.7620700538328293,False,-0.7563734157690114,False,-0.37242323895153495,True,True
1227,1574861337210724608,2.6231675502526617,7.0652301825979675,1.0,-0.7620171522061385,False,-0.750286939568095,False,-0.030452403336193493,False,False
1228,1574861337277475328,2.6496522368613973,7.068581230873308,0.9893617021276596,-0.7368892279567482,False,-0.7051598175988436,False,-0.45381631128823546,False,False
1229,1574861337344249600,2.5978699312050426,7.063834225498487,1.0,-0.768356870725211,False,-0.7314613488381294,False,-0.08742755397189308,False,False
1230,1574861337410956032,2.597707618902303,7.065088804883726,0.9900990099009901,-0.7905379910550117,False,-0.7345726173528264,False,-0.4477661994047329,False,False
1231,1574861337477848064,2.652656287010711,7.06011089567429,0.9888888888888889,-0.7540078573222263,False,-0.7974569324301715,False,-0.7753912348865625,False,False
1232,1574861337544605184,2.645160418995474,7.062183300845805,0.9888888888888889,-0.735538151236371,False,-0.8162026287414335,False,-1.004728759723857,False,False
1233,1574861337611349504,2.6333862067324483,7.062197010844358,1.0,-0.7337639349298938,False,-0.8291574204567088,False,-0.47306626787680967,False,False
1234,1574861337678099968,2.611876210075828,7.059760079646763,0.9797979797979798,-0.7528999866571798,False,-0.8679445541513234,False,-1.3594457221896135,False,False
1235,1574861337744842240,2.657991327834508,7.061379941633179,1.0,-0.7226069773693853,False,-0.8753410625750505,False,-0.7213681416028577,False,False
1236,1574861337811749376,2.618544855662091,7.061840538315746,0.9873417721518988,-0.738772417534931,False,-0.8749015656560849,False,-1.0632947001412794,False,False
1237,1574861337878477568,2.6483424098769337,7.05912653692001,0.989010989010989,-0.7218588092030994,False,-0.9076916142540309,False,-1.198654605630359,False,False
1238,1574861337945216256,2.6192652135940424,7.059528210399105,1.0,-0.737566251725447,False,-0.9257461736805878,False,-0.6088143600113565,False,False
1239,1574861338011972096,2.631411352866841,7.055663846994067,0.979381443298969,-0.7370545297042872,False,-0.9855109169159596,False,-1.4804187309849697,False,False
1240,1574861338078987520,2.607447549160304,7.061570453660211,0.9711538461538461,-0.7593989994696445,False,-0.9553141907931685,False,-2.603103718845669,False,False
1241,1574861338145595136,2.644752733828837,7.063024543230281,1.0,-0.7396981809068314,False,-0.9164436194128445,False,-1.5919287392620944,False,False
1242,1574861338212347392,2.6291989536345923,7.061394753210544,0.9879518072289156,-0.7406428487743683,False,-0.9091097786194969,False,-1.6346832213967801,False,False
1243,1574861338279100672,2.600066489111088,7.0597886201729985,0.9743589743589743,-0.7689034443087941,False,-0.9235631484217531,False,-2.5114161431243733,False,False
1244,1574861338345829376,2.6210105170005797,7.056552967088162,1.0,-0.768844041914032,False,-0.9731398324550598,False,-1.5277474362571664,False,False
1245,1574861338412602880,2.593405651129577,7.0639152679805814,0.9876543209876543,-0.7949545816177688,False,-0.9180590327483095,False,-1.6082890739314233,False,False
1246,1574861338479463168,2.609711346225138,7.06535701051977,1.0,-0.797784374215868,False,-0.8619201839453631,False,-0.8955584878220992,False,False
1247,1574861338546223616,2.637502281751821,7.065976260636593,1.0,-0.7734368301734164,False,-0.8150711320650437,False,-0.39664707754557926,False,False
1248,1574861338612951808,2.6200725448176607,7.066326395944859,0.9900990099009901,-0.7729060221104543,False,-0.7780068376844976,False,-0.6642198659063178,False,False
1249,1574861338679746048,2.65023031432188,7.06254321585246,0.9880952380952381,-0.7439637815602953,False,-0.7981983393138314,False,-0.9763515699543441,False,False
1250,1574861338746449920,2.675923573686761,7.065065503478261,1.0,-0.6993630973480005,False,-0.7815726751840287,False,-0.45320223503816454,False,False
1251,1574861338813349120,2.6550109627985807,7.065113201861226,1.0,-0.6879546740303671,False,-0.7693530206143894,False,-0.08699770059681115,False,False
1252,1574861338880105728,2.638590609572989,7.06392560133264,0.9887640449438202,-0.6955249869888792,False,-0.7752822475203398,False,-0.5306307998697177,False,False
1253,1574861338946840064,2.661394992024833,7.063278051103076,1.0,-0.6792199359769824,False,-0.7873296886339299,False,-0.1411976959789307,False,False
1254,1574861339013614848,2.633702924239322,7.065449951609825,1.0,-0.6940411344411017,False,-0.7692762110816644,False,0.1314054767446387,False,False
1255,1574861339080367104,2.6075147179904703,7.068224400245144,1.0,-0.7292259888084327,False,-0.7228039162575155,False,0.3222276976511327,False,False
1256,1574861339147107840,2.6145475542501795,7.0655228407943955,0.9883720930232558,-0.7471926634033469,False,-0.7232192747423732,False,-0.2685907980746115,False,False
1257,1574861339213947392,2.5969278260330237,7.064882140710173,0.978494623655914,-0.776461801113812,False,-0.7313234693044919,False,-1.2975092287219818,False,False
1258,1574861339280739072,2.6278494838628763,7.0675765156482155,1.0,-0.7676558349658461,False,-0.7041380569583144,False,-0.6780125961754925,False,False
1259,1574861339347475712,2.6207493773995414,7.065966778190369,0.98,-0.7682181121400105,False,-0.7047392831760049,False,-1.4903227200126548,False,False
1260,1574861339414230784,2.605235135173142,7.062946496104956,1.0,-0.7833094897961788,False,-0.7419929816982558,False,-0.8129820400789681,False,False
1261,1574861339480976128,2.615984313494754,7.069298342669686,1.0,-0.783689966305332,False,-0.6906087499842686,False,-0.33884356412540595,False,False
1262,1574861339547826944,2.615236274890901,7.068979467871135,1.0,-0.7846649718928348,False,-0.6585285187562827,False,-0.006946630957880122,False,False
1263,1574861339614616832,2.634696226846512,7.06987949947567,1.0,-0.7669116309073342,False,-0.6250963224403099,False,0.22538122225936028,False,False
1264,1574861339681349888,2.6480930074023097,7.066929646153479,1.0,-0.7417925358860247,False,-0.6376677347588927,False,0.3880107195114332,False,False
1265,1574861339748097536,2.625470729340628,7.070271486781078,1.0,-0.7456409185608132,False,-0.6057134235422685,False,0.5018513675878981,False,False
1266,1574861339814826496,2.6656020190092535,7.073506548533922,0.9885057471264368,-0.7103154617439239,False,-0.5438932919104092,False,-0.1345278607239071,False,False
1267,1574861339881739264,2.640070826689751,7.06635749298059,1.0,-0.7097752197577591,False,-0.587803116076041,False,0.13607436142312754,False,False
1268,1574861339948478720,2.60918093133294,7.073358716153059,1.0,-0.7386613219840481,False,-0.5331589170486913,False,0.3254959169260887,False,False
1269,1574861340015198464,2.6612404526794267,7.063616144997049,1.0,-0.7095617769708445,False,-0.6137202462807105,False,0.45809100577816614,False,False
1270,1574861340081947392,2.628241134573712,7.06923643735591,0.9770114942528736,-0.7204547785187484,False,-0.6015727807446195,False,-0.8812277959560499,False,False
1271,1574861340148743680,2.6353531607672633,7.071876036429591,1.0,-0.7213421336867184,False,-0.5608792070660895,False,-0.38661559323937245,False,False
1272,1574861340215612160,2.5999278952847553,7.07077243571632,1.0,-0.7555242438807452,False,-0.5458522989382795,False,-0.04038705133769819,False,False
1273,1574861340282358272,2.6499730716,7.073680579338637,0.9891304347826086,-0.7320402417650732,False,-0.4998681702057802,False,-0.47517803212591164,False,False
1274,1574861340349086976,2.591672047664566,7.069589952798657,1.0,-0.7708342916830802,False,-0.5175651481280679,False,-0.10238075855826641,False,False
1275,1574861340415856896,2.602124336780486,7.069087448634521,1.0,-0.788087903773509,False,-0.5360811541665879,False,0.15857733293907605,False,False
1276,1574861340482608384,2.6156479170527884,7.0690052096804115,1.0,-0.7873535492004237,False,-0.5500452760571326,False,0.3412479969872388,False,False
1277,1574861340549458432,2.6312728924925923,7.071134708381553,1.0,-0.7720368116410964,False,-0.5338505720895506,False,0.46911746182095737,False,False
1278,1574861340616238592,2.6122601124835056,7.071122177594447,1.0,-0.7793273013459205,False,-0.5226670943360432,False,0.5586260872045695,False,False
1279,1574861340682962688,2.6463555461852892,7.068801170253474,0.9859154929577465,-0.7521295300950585,False,-0.5431437287747637,False,-0.25615292194216877,False,False
1280,1574861340749724416,2.5833767977214896,7.067597250790757,1.0,-0.7927554943823562,False,-0.5721593700906321,False,0.0509368185703536,False,False
1281,1574861340816477440,2.6375814624442637,7.0659788879632135,1.0,-0.7698416005916711,False,-0.6122065216835124,False,0.2658996369291377,False,False
1282,1574861340883240960,2.6575558966796318,7.0611506735544065,1.0,-0.7348786231077845,False,-0.69912040203348,False,0.4163736097802958,False,False
1283,1574861340950107648,2.5505277910206106,7.068073579407893,1.0,-0.8118001414904789,False,-0.6755341350089672,False,0.5217053907760927,False,False
1284,1574861341016842752,2.6453899440485262,7.0644850410820865,1.0,-0.7757753041764991,False,-0.7027865672126263,False,0.5954376374731458,False,False
1285,1574861341083607552,2.5910864486441607,7.059878020704685,0.9887640449438202,-0.8020036164279127,False,-0.7780466461488718,False,-0.052926063220770946,False,False
1286,1574861341150357248,2.6011230355065122,7.06433590860312,0.9807692307692307,-0.8108550374955654,False,-0.776364020286843,False,-1.0048406943820443,False,False
1287,1574861341217108224,2.585878036743263,7.062132189145673,1.0,-0.831493741726046,False,-0.8020609058879581,False,-0.4731446221375247,False,False
1288,1574861341283987200,2.620776856922187,7.064564035342917,0.9902912621359223,-0.8128786134976341,False,-0.790391958736159,False,-0.7057912388575024,False,False
1289,1574861341350743552,2.6485719512825643,7.064028579867919,1.0,-0.7735156849073425,False,-0.7887536639152987,False,-0.2638100032703707,False,False
1290,1574861341417484032,2.609723259502037,7.06592031473456,0.9876543209876543,-0.7827658601944494,False,-0.7645368375835542,False,-0.7235328708406524,False,False
1291,1574861341484235008,2.609786495489902,7.062086311525753,1.0,-0.7891810747894425,False,-0.7943413631676306,False,-0.276229145658585,False,False
1292,1574861341550983680,2.5880350319333063,7.061892406044828,0.9886363636363636,-0.8142784875160134,False,-0.8175692405257694,False,-0.6710470872468762,False,False
1293,1574861341617857792,2.626131712701957,7.059248944373966,0.99,-0.7957548865099188,False,-0.8660662074919507,False,-0.862467980452778,False,False
1294,1574861341684599552,2.594933311589816,7.058438667632151,0.974025974025974,-0.8123449076327909,False,-0.9098955434110244,False,-1.9916106920229992,False,False
1295,1574861341751341824,2.639789846319473,7.061041919938685,0.987012987012987,-0.7814620252671481,False,-0.9088289855952685,False,-1.9729471053041863,False,False
1296,1574861341818098176,2.591494029743235,7.055243724857662,1.0,-0.8055981896149628,False,-0.9787923442791088,False,-1.1508191097830494,False,False
1297,1574861341884829184,2.6343163402657765,7.06281722107318,1.0,-0.7819247778334667,False,-0.9354066548900005,False,-0.5753295129182444,False,False
1298,1574861341951734528,2.641337333326593,7.059455674477549,0.9761904761904762,-0.758701886058269,False,-0.9460312897006272,False,-1.6557698506125094,False,False
1299,1574861342018466304,2.613906483145802,7.057380314410212,0.9880952380952381,-0.768433125323406,False,-0.9787778937547795,False,-1.6704365592486943,False,False
1300,1574861342085233408,2.6158220099948397,7.0645479952995585,0.963855421686747,-0.773430273226704,False,-0.9142894612278447,False,-3.1907926310737533,False,False
1301,1574861342151986176,2.613645234339608,7.056460715322486,1.0,-0.7789904965654347,False,-0.9677732769780084,False,-2.0033109778217373,False,False
1302,1574861342218724608,2.6461539062740345,7.058747093480138,1.0,-0.7520847950789719,False,-0.9773291877618671,False,-1.172073820545335,False,False
1303,1574861342285563648,2.5694892079071847,7.056586532500683,1.0,-0.8058809159406526,False,-1.0103667242292327,False,-0.5902078104518305,False,False
1304,1574861342352366336,2.5972287562210625,7.056219698363412,1.0,-0.8172584845719103,False,-1.037966602805671,False,-0.1829016033864188,False,False
1305,1574861342419105024,2.634712100752567,7.056891894045885,1.0,-0.789712051263034,False,-1.0490889801503578,False,0.10221274155941085,False,False
1306,1574861342485842432,2.6205079222784358,7.055227299510014,0.967391304347826,-0.7838862117573064,False,-1.0771746503021675,False,-1.7296600973366925,False,False
1307,1574861342552630016,2.6615333822584213,7.057662071849636,1.0,-0.740941686059967,False,-1.067142167544924,False,-0.9805182042058037,False,False
1308,1574861342619356672,2.661264258651532,7.052343032230732,1.0,-0.7111354786743015,False,-1.1249859985642428,False,-0.45611887901418624,False,False
1309,1574861342686225152,2.6100911576216004,7.0580975488473445,0.9871794871794872,-0.7387511788623937,False,-1.0952993972292995,False,-0.8877302274182941,False,False
1310,1574861342752991744,2.648251352622577,7.051666109178921,0.979381443298969,-0.7219302073719231,False,-1.1529512480539985,False,-1.675659838169817,False,False
1311,1574861342819724544,2.658853933532768,7.054322659481924,1.0,-0.7001109219970182,False,-1.1609104727794728,False,-0.9427180227889724,False,False
1312,1574861342886481408,2.6368690240476504,7.055102686444808,1.0,-0.7056653452562496,False,-1.1569693721078147,False,-0.42965875202240433,False,False
1313,1574861342953241856,2.6482394185133686,7.057132847208621,0.967741935483871,-0.6987814299077225,False,-1.1294524549420517,False,-2.0801265634852713,False,False
1314,1574861343020120832,2.681250618851145,7.056123093354744,1.0,-0.6626887491935478,False,-1.1225047283824714,False,-1.2258447305097953,False,False
1315,1574861343086860544,2.6169934253181983,7.05469574453212,0.9882352941176471,-0.6982994419743828,False,-1.135048075041924,False,-1.3607637807326907,False,False
1316,1574861343153605120,2.6194551266853936,7.049667965167407,1.0,-0.7208947760147754,False,-1.205143019622361,False,-0.722290782583007,False,False
1317,1574861343220362240,2.599927845788443,7.056174276688039,1.0,-0.7552111404018862,False,-1.1748639344335436,False,-0.27535968387822396,False,False
1318,1574861343287111680,2.654678738535516,7.049223296330311,1.0,-0.7273630446668689,False,-1.2384369312990398,False,0.037492085215114976,False,False
1319,1574861343353987072,2.678151736366838,7.0525520819112675,1.0,-0.6856316790050447,False,-1.2423429377207902,False,0.2564883235804799,False,False
1320,1574861343420732416,2.6252729681389972,7.0529132040888936,1.0,-0.7065156724872504,False,-1.2406731974604777,False,0.40978569043620766,False,False
1321,1574861343487473920,2.6345220995703094,7.054255261069349,1.0,-0.7123720849093413,False,-1.2231377721661139,False,0.5170938472352263,False,False
1322,1574861343554216960,2.646240840971108,7.0544049663773745,0.9883720930232558,-0.7053695472820736,False,-1.2090372934384777,False,-0.13218449336574595,False,False
1323,1574861343620976384,2.6644896907706563,7.056421034570885,0.9885057471264368,-0.6831792922655463,False,-1.1745806728620813,False,-0.5783529633914579,False,False
1324,1574861343687843840,2.6479821500722016,7.055463993930806,1.0,-0.6832849221455773,False,-1.1621323075437713,False,-0.17460321044413954,False,False
1325,1574861343754617600,2.6359152263585526,7.05142661521543,0.9876543209876543,-0.6947907481183146,False,-1.2026549538174625,False,-0.6610881158623044,False,False
1326,1574861343821342464,2.6618064415270215,7.0575183807724695,0.9777777777777777,-0.6783161723681662,False,-1.1567307164859726,False,-1.6169153356400414,False,False
1327,1574861343888096512,2.6356896970833033,7.055704401895533,0.9857142857142858,-0.6915262837573419,False,-1.1467055231407484,False,-1.791566704317905,False,False
1328,1574861343954846976,2.6564557146325445,7.05425251026837,1.0,-0.6811001847592197,False,-1.1573939466157561,False,-1.0238528290926365,False,False
1329,1574861344021736192,2.648504614728817,7.058462597360576,1.0,-0.6813345776643297,False,-1.1135331337969716,False,-0.4864531164349646,False,False
1330,1574861344088481792,2.647281751324719,7.0521432673441,0.9883720930232558,-0.682657161213205,False,-1.159895840812876,False,-0.8346673679348704,False,False
1331,1574861344155239168,2.660009742668735,7.057039554403897,1.0,-0.6715248066145522,False,-1.1326387042378965,False,-0.3540232936245214,False,False
1332,1574861344222000640,2.6058404535088604,7.056822061207198,0.9883720930232558,-0.7150507133126276,False,-1.1162110741845557,False,-0.7419664919675601,False,False
1333,1574861344288734464,2.6443134070792005,7.057199079285612,0.9903846153846154,-0.7090705871648367,False,-1.1001139352493206,False,-0.8881508374760878,False,False
1334,1574861344355573248,2.6768931305945722,7.056050146249808,1.0,-0.674019328645211,False,-1.102857366621801,False,-0.39146172230338044,False,False
1335,1574861344422347008,2.6657681806370985,7.058425804685955,0.9759036144578314,-0.6600229316621093,False,-1.075806220560802,False,-1.5449332773688524,False,False
1336,1574861344489097728,2.6742455209985936,7.054627848864639,0.9791666666666666,-0.642194245248964,False,-1.1031871184747346,False,-2.149082103790497,False,False
1337,1574861344555849984,2.6264839777557514,7.056641714220927,1.0,-0.6749621903079793,False,-1.097794325512126,False,-1.27411360872346,False,False
1338,1574861344622605056,2.630706770412201,7.0580021800852215,1.0,-0.6938991895342849,False,-1.0774282639393455,False,-0.6616356621765364,False,False
1339,1574861344689363712,2.6968519267832134,7.05857948962737,1.0,-0.6444909135461698,False,-1.0561316353733547,False,-0.23290109959368527,False,False
1340,1574861344756232448,2.6333863289068917,7.060419240637335,0.9882352941176471,-0.6700307528019097,False,-1.018787927160362,False,-0.6657032390913906,False,False
1341,1574861344822984192,2.6870724630684233,7.055918857735902,1.0,-0.6370478136578251,False,-1.0475302461270826,False,-0.2357484034340971,False,False
1342,1574861344889731840,2.653867288545156,7.0531543118273285,0.9882352941176471,-0.6454174622511489,False,-1.1013639645488742,False,-0.6676963517796881,False,False
1343,1574861344956493056,2.6661521129618517,7.055001506363265,0.9787234042553191,-0.6396378978345171,False,-1.1165207241955477,False,-1.5626305680815273,False,False
1344,1574861345023224064,2.627097180070912,7.056703610573958,0.9878048780487805,-0.6725918154280863,False,-1.1063730132418466,False,-1.6233278792270103,False,False
1345,1574861345090105600,2.6517222406528944,7.0544233411968715,0.9882352941176471,-0.6723304252514737,False,-1.1270778782249748,False,-1.6390019848347042,False,False
1346,1574861345156849920,2.5823951857204457,7.055868190543295,1.0,-0.737826074294985,False,-1.1239511066763128,False,-0.9170575254543936,False,False
1347,1574861345223591168,2.6188654204891555,7.055445840817084,0.975609756097561,-0.7491220907260182,False,-1.1269129914416434,False,-1.9311570948878019,False,False
1348,1574861345290341120,2.6242123248115985,7.058971743942957,1.0,-0.751963786187867,False,-1.0859873382917289,False,-1.1215661024915848,False,False
1349,1574861345357139456,2.6060068840457857,7.054492202331417,0.9864864864864865,-0.7712003271156908,False,-1.1119681328211686,False,-1.3967157636383285,False,False
1350,1574861345423981056,2.6228784546486508,7.055701160247306,1.0,-0.768682225049586,False,-1.1154112470122892,False,-0.7474571706169305,False,False
1351,1574861345490748928,2.6005571629752513,7.055656693271843,1.0,-0.7880661562323757,False,-1.1183637090752918,False,-0.2929761555019796,False,False
1352,1574861345557472256,2.61332865893101,7.055814422517283,1.0,-0.7895355298564695,False,-1.1185068982523962,False,0.02516055507848604,False,False
1353,1574861345624245504,2.608702138291132,7.055607464711031,0.9904761904761905,-0.7949471349446745,False,-1.1211310153943965,False,-0.3454569697150108,False,False
1354,1574861345690968320,2.5993856490978424,7.053885899856825,0.97,-0.8075614544878641,False,-1.1439626658702953,False,-1.8805126648001491,False,False
1355,1574861345757825280,2.6132930463496926,7.055753123308245,1.0,-0.803215977054966,False,-1.1371737220138054,False,-1.0861150014302328,False,False
1356,1574861345824591616,2.62825698003505,7.0555416483229365,0.9871794871794872,-0.7859977070057532,False,-1.1350004337789172,False,-1.3287275131095129,False,False
1357,1574861345891362560,2.6302794907361426,7.05302946946304,0.9848484848484849,-0.7720288447110822,False,-1.1641155692107,False,-1.64377279420109,False,False
1358,1574861345958073344,2.620895746438735,7.056176375188041,1.0,-0.7711405527969072,False,-1.1461191275903386,False,-0.9203970920108866,False,False
1359,1574861346024862720,2.614484302724231,7.053510178372631,0.9797979797979798,-0.7765927810216315,False,-1.166036330124115,False,-1.672577299083472,False,False
1360,1574861346091730944,2.6465812031798213,7.053348721620595,0.9883720930232558,-0.750001584386963,False,-1.181947363724978,False,-1.6649542957888208,False,False
1361,1574861346158445056,2.62272819436912,7.049320234253787,0.9655172413793104,-0.7539854577626431,False,-1.2422131577739466,False,-3.0834271890182876,False,False
1362,1574861346225242368,2.635958768813045,7.054476757341351,0.9878048780487805,-0.7442398720780466,False,-1.2215145606701958,False,-2.687885513882703,False,False
1363,1574861346291974656,2.595843535247028,7.059022143154621,1.0,-0.7754220756602106,False,-1.151593810019707,False,-1.6512759957880205,False,False
1364,1574861346358728448,2.632665726626055,7.056871913060871,0.9882352941176471,-0.7623652458645067,False,-1.1288716966211418,False,-1.65856566642743,False,False
1365,1574861346425481984,2.6167085637634795,7.05244627007218,0.9861111111111112,-0.7683428599629438,False,-1.1669376663456903,False,-1.7960005516107571,False,False
1366,1574861346492339712,2.6366552970898454,7.054154714535194,1.0,-0.7536301811115516,False,-1.1727490820196085,False,-1.0269565221976398,False,False
1367,1574861346559108096,2.631704154444611,7.054245389640721,1.0,-0.7480218877873848,False,-1.1757112750642507,False,-0.4886257016084715,False,False
1368,1574861346625836032,2.6620794151795324,7.057958237101802,0.9887640449438202,-0.7153193621024324,False,-1.1325060205852746,False,-0.8117704005778846,False,False
1369,1574861346692600320,2.629796637226731,7.053614208684712,0.9775280898876404,-0.7230114459501309,False,-1.155238488338009,False,-1.7379479632383323,False,False
1370,1574861346759334656,2.6421129899174605,7.056745031851275,0.9887640449438202,-0.7167277171568329,False,-1.132970308805655,False,-1.686295983718785,False,False
1371,1574861346826223872,2.5994648236502367,7.054998031836135,0.9876543209876543,-0.7527328541550071,False,-1.1386875376089634,False,-1.7192730571545563,False,False
1372,1574861346892979712,2.6005334488532665,7.061417737764869,1.0,-0.7769240627394773,False,-1.0644002209106718,False,-0.9732472760783131,False,False
1373,1574861346959732224,2.595593998537151,7.056819985910971,1.0,-0.798537413616391,False,-1.0684694444366345,False,-0.45102922932491973,False,False
1374,1574861347026473472,2.5742423664920744,7.055362682244462,0.9880952380952381,-0.833894731918624,False,-1.0890899604374928,False,-0.8271181243473701,False,False
1375,1574861347093232896,2.621960375801308,7.062866074019306,0.9879518072289156,-0.8134380720817254,False,-1.012019216433135,False,-1.0993157909564408,False,False
1376,1574861347160107008,2.560034186663974,7.05636357351341,0.9797979797979798,-0.8577856474319911,False,-1.0373687660694118,False,-1.7978203883453507,False,False
1377,1574861347226845696,2.5791816945084407,7.058638644996954,1.0,-0.8706891065853151,False,-1.0273685773366386,False,-1.0282304079118576,False,False
1378,1574861347293616896,2.6196094855885463,7.057386315105735,1.0,-0.841421305691412,False,-1.0356408156243992,False,-0.4895174216084194,False,False
1379,1574861347360356352,2.555696672785358,7.060442600539332,0.9777777777777777,-0.8814831571319424,False,-1.0041594754629726,False,-1.496815849662315,False,False
1380,1574861347427105024,2.6064698445642156,7.063090415122323,1.0,-0.8614252901998113,False,-0.9498320000503275,False,-0.817527230833751,False,False
1381,1574861347493989888,2.58223302447544,7.05792431772198,0.9902912621359223,-0.8703461070425889,False,-0.9748041805292901,False,-0.9468590649448423,False,False
1382,1574861347560732672,2.5809822900579236,7.059981813819457,1.0,-0.8777755916103722,False,-0.9671932012484861,False,-0.4325574815315087,False,False
1383,1574861347627484928,2.603525413929619,7.0575947580654415,1.0,-0.8616194702086755,False,-0.9909760559522992,False,-0.07254637314218892,False,False
1384,1574861347694226944,2.5724535612305517,7.058776250022255,0.9883720930232558,-0.8797468384279391,False,-0.9932155641846072,False,-0.5449326476299412,False,False
1385,1574861347760947456,2.593817172996628,7.064044548092154,1.0,-0.8721966742215224,False,-0.9305354525904078,False,-0.15120898941105715,False,False
1386,1574861347827848448,2.5797555363532925,7.060304288221508,1.0,-0.8802331827189771,False,-0.9322724629586746,False,0.12439757134214557,False,False
1387,1574861347894566912,2.5516597891095345,7.0650405736879485,0.9891304347826086,-0.9124759081044981,False,-0.875728584656479,False,-0.35982879624999337,False,False
1388,1574861347961349120,2.5963224774356357,7.065549840019898,0.9775280898876404,-0.8927335636894552,False,-0.8299372825957753,False,-1.421588840208804,False,False
1389,1574861348028101888,2.5698848989738305,7.066204870574081,0.978021978021978,-0.9039601866945078,False,-0.7898951650763951,False,-2.1340526831390054,False,False
1390,1574861348094855168,2.539901291581193,7.066495499532987,1.0,-0.9402245011160945,False,-0.7583214145327669,False,-1.263593014267425,False,False
1391,1574861348161627392,2.5490358650968443,7.059459000311487,0.9803921568627451,-0.9569556673416438,False,-0.8220310623549575,False,-1.8757984682334696,False,False
1392,1574861348228437248,2.5573390024339817,7.064366235936609,0.9868421052631579,-0.9608013105222731,False,-0.8067832647772155,False,-1.9025241208201777,False,False
1393,1574861348295246336,2.542149410782962,7.06470527182179,0.9770114942528736,-0.9778834789960125,False,-0.7919752077109798,False,-2.5336583845749114,False,False
1394,1574861348361960192,2.522337241264955,7.067844075291406,0.9770114942528736,-1.0086105234472906,False,-0.7433313396880772,False,-2.975452369203204,False,False
1395,1574861348428730368,2.5011396963318866,7.06118007083977,0.989010989010989,-1.0502014491883223,False,-0.790549269873657,False,-2.537164973973727,False,False
1396,1574861348495481344,2.5280283368214627,7.063129056672179,0.9901960784313726,-1.0538415088507562,False,-0.799833616038525,False,-2.1565352289398136,False,False
1397,1574861348562351616,2.5381164856060727,7.062652766403649,1.0,-1.0468323047017942,False,-0.812141097049105,False,-1.2793307963279656,False,False
1398,1574861348629136896,2.4936438845168936,7.065963894105589,0.9759036144578314,-1.0840580303509406,False,-0.7803765831310555,False,-2.166441629186053,False,False
1399,1574861348695869440,2.525424047353818,7.063274767336444,0.979381443298969,-1.08000835077397,False,-0.7909357696392915,False,-2.570757819407257,False,False
1400,1574861348762597632,2.5464273110989484,7.063637081811756,0.9878048780487805,-1.057275637314948,False,-0.7939087151718226,False,-2.329016955154989,False,False
1401,1574861348829358080,2.5346891868637833,7.063846943355358,0.9891304347826086,-1.052483127002091,False,-0.7934304807687216,False,-2.0772189647980106,False,False
1402,1574861348896201728,2.5249334830080774,7.0631160487383156,1.0,-1.0583706661439822,False,-0.8020090975725199,False,-1.2238094114287263,False,False
1403,1574861348962971904,2.494510522582636,7.060736382157444,0.989247311827957,-1.0913138533292532,False,-0.8370345573455514,False,-1.2962924910700553,False,False
1404,1574861349029722624,2.52973011058616,7.058960049224643,1.0,-1.081007976197854,False,-0.8832150534508738,False,-0.6771608798191392,False,False
1405,1574861349096438528,2.530414777901785,7.059393442751955,0.9886363636363636,-1.0731452264607537,False,-0.9102560948919839,False,-0.9516993011592643,False,False
1406,1574861349163241216,2.562824517311257,7.062841662444873,0.9885057471264368,-1.0369371698843306,False,-0.887133213743909,False,-1.152013328846916,False,False
1407,1574861349230103040,2.5182607229468426,7.060931065359753,0.9879518072289156,-1.0538100929364431,False,-0.8942472447751368,False,-1.3267424341061322,False,False
1408,1574861349296826624,2.530632300490593,7.061997697508522,1.0,-1.0539006330179745,False,-0.8862193108157572,False,-0.6984758399444209,False,False
1409,1574861349363605504,2.5224320476927002,7.059694182235601,0.9896907216494846,-1.061732714155144,False,-0.9086915072439439,False,-0.9009354954846319,False,False
1410,1574861349430355968,2.5254321384972576,7.060378301420603,1.0,-1.0643729641011583,False,-0.9160790979970979,False,-0.4004109829093798,False,False
1411,1574861349497099520,2.54562036506942,7.064531982941078,0.9759036144578314,-1.04709534601548,False,-0.8705955775606332,False,-1.551197759793052,False,False
1412,1574861349563989248,2.4983021090487356,7.060808390345479,0.9882352941176471,-1.0798290802886628,False,-0.8841669415600969,False,-1.5885109012309335,False,False
1413,1574861349630732288,2.5242842222688644,7.0624715259383075,0.9887640449438202,-1.0781279259336587,False,-0.8733846824011944,False,-1.5816900403136218,False,False
1414,1574861349697437952,2.5287723353827727,7.063816687727717,1.0,-1.072685197971077,False,-0.8494326302184997,False,-0.8769391642896359,False,False
1415,1574861349764216320,2.518102474588979,7.063043483037406,0.9876543209876543,-1.0789836329149236,False,-0.842095552926358,False,-1.1527232835541472,False,False
1416,1574861349830973440,2.491589872232183,7.060909060675581,1.0,-1.1085098771292852,False,-0.862989232970198,False,-0.5766624345580221,False,False
1417,1574861349897749248,2.5726988269881885,7.061657221044881,0.9807692307692307,-1.0523377649666212,False,-0.8684908694069617,False,-1.37145615431812,False,False
1418,1574861349964597504,2.502010478507736,7.062058643899571,0.9759036144578314,-1.0799855622000898,False,-0.8674465967268525,False,-2.230929379779152,False,False
1419,1574861350031348736,2.5375147704609473,7.062647375898237,0.9736842105263158,-1.065703191094387,False,-0.8595359216370227,False,-2.970824815888776,False,False
1420,1574861350098115328,2.5566266572032124,7.058866465120138,0.9886363636363636,-1.0375994342206483,False,-0.9001072821062619,False,-2.557264056407973,False,False
1421,1574861350164820480,2.5351522065271745,7.062893890354301,0.9795918367346939,-1.0382711322269749,False,-0.8793921167898302,False,-2.831226451698233,False,False
1422,1574861350231602688,2.541330143601855,7.059580236713156,0.9879518072289156,-1.0328885062946311,False,-0.9053020559405772,False,-2.5021916201020633,False,False
1423,1574861350298509568,2.5402376762756163,7.065634724764621,1.0,-1.0301556428545295,False,-0.8496035289764492,False,-1.5212902701415725,False,False
1424,1574861350365234432,2.542731217680963,7.065458648391162,1.0,-1.0258803231284426,False,-0.8127618406329296,False,-0.8346593251692244,False,False
1425,1574861350431981056,2.560920784791335,7.063246561032717,1.0,-1.0056552834978816,False,-0.8139494304353379,False,-0.3540176636885715,False,False
1426,1574861350498734080,2.5132343310417613,7.062151335049761,0.9693877551020408,-1.0366746435005405,False,-0.8281372055211423,False,-1.924646714865925,False,False
1427,1574861350565482752,2.5186880190381333,7.0610226127055835,0.9770114942528736,-1.0532215154280768,False,-0.8518336039772172,False,-2.5491442004069462,False,False
1428,1574861350632368384,2.5318752398653963,7.064383406186847,1.0,-1.052311100802017,False,-0.8274356498678727,False,-1.5541570763549812,False,False
1429,1574861350699108608,2.522594396710426,7.063438480876405,0.98989898989899,-1.0604662364292878,False,-0.8218806026253953,False,-1.4869376888214745,False,False
1430,1574861350765826048,2.5332722715837797,7.063279250783287,1.0,-1.0560588945232543,False,-0.8199339069086383,False,-0.8106125182451257,False,False
1431,1574861350832598528,2.523817378999655,7.068223335582259,0.9746835443037974,-1.06193107089022,False,-0.7582772870766128,False,-1.9143466287400408,False,False
1432,1574861350899365120,2.5826800834889214,7.066371563865753,1.0,-1.0102766216152594,False,-0.73770031591778,False,-1.1097987761881498,False,False
1433,1574861350966188032,2.519515174459124,7.062665419966814,0.9770114942528736,-1.0339592748927735,False,-0.768493474666392,False,-1.978750643332471,False,False
1434,1574861351032966400,2.5084575468330406,7.065984348856222,0.9770114942528736,-1.061012836767679,False,-0.7495737983920284,False,-2.5870169503335374,False,False
1435,1574861351099729408,2.507294003678928,7.069865328322582,1.0,-1.08105264015615,False,-0.6890008377438871,False,-1.5806680013035908,False,False
1436,1574861351166481152,2.5347406914893615,7.0660704410318065,0.9896907216494846,-1.069078234867968,False,-0.6928790442087401,False,-1.51847000843606,False,False
1437,1574861351233223424,2.5494790984369393,7.059539917113748,1.0,-1.0467333733993398,False,-0.7752346093252783,False,-0.8326851419753795,False,False
1438,1574861351300098304,2.5250838264915365,7.063282213344017,0.9859154929577465,-1.0542034071736834,False,-0.7872455826798445,False,-1.2300707823681563,False,False
1439,1574861351366849536,2.5305059461155963,7.064035593081496,0.9886363636363636,-1.0542956577841769,False,-0.7864656733749412,False,-1.3387362329435346,False,False
1440,1574861351433611520,2.5603746804451637,7.0645484672405345,0.9886363636363636,-1.026063382601701,False,-0.7796651515635755,False,-1.4148020483463317,False,False
1441,1574861351500348672,2.5329122008988194,7.061361854979452,0.9647058823529412,-1.0323180183079086,False,-0.8137660505008585,False,-2.958866569829627,False,False
1442,1574861351567092992,2.544488462840443,7.064453580131843,0.9882352941176471,-1.025729218258835,False,-0.7999325795548606,False,-2.5738790682565704,False,False
1443,1574861351633856256,2.5115129325372996,7.068038267867145,0.972972972972973,-1.0523572053452799,False,-0.7465332893607179,False,-3.2551981954979277,False,False
1444,1574861351700733440,2.555051552021117,7.060753212304466,0.9873417721518988,-1.0297494572757,False,-0.7979962451674226,False,-2.836975737867833,False,False
1445,1574861351767484672,2.5544341118974505,7.062217318819936,1.0,-1.014508980104709,False,-0.8161652928298838,False,-1.7556391525775883,False,False
1446,1574861351834237440,2.572279468664421,7.063623641281385,0.9759036144578314,-0.9869344260576737,False,-0.8117332908987438,False,-2.499857478560807,False,False
1447,1574861351900987904,2.5649299676521373,7.062858459786161,1.0,-0.9745949615161549,False,-0.8179624045900941,False,-1.5196563710626794,False,False
1448,1574861351967734016,2.5374832362974793,7.061486645325136,0.9787234042553191,-0.9919596452498535,False,-0.8390522886893691,False,-2.1590025815796072,False,False
1449,1574861352034609152,2.5164282890508543,7.063745408230901,1.0,-1.0240618252038733,False,-0.8262692198872656,False,-1.2810579431758349,False,False
1450,1574861352101355520,2.53872203754559,7.067405128315324,1.0,-1.0254128422231712,False,-0.7726901792714767,False,-0.6664966962931989,False,False
1451,1574861352168102912,2.545636147000048,7.064639295141294,1.0,-1.0198083093163268,False,-0.7689146444009064,False,-0.2363038234753536,False,False
1452,1574861352234840576,2.532528244264486,7.066459733472206,0.987012987012987,-1.0283032173901516,False,-0.7440712230938078,False,-0.7442322973208344,False,False
1453,1574861352301623040,2.5409700061282,7.065365285657025,0.987012987012987,-1.0262521506466662,False,-0.7400278005181042,False,-1.0997822290126777,False,False
1454,1574861352368494336,2.5504447349705077,7.068430748069801,1.0,-1.0158402958775525,False,-0.6998135829715525,False,-0.5396036963789957,False,False
1455,1574861352435242496,2.5339055584845096,7.063670775381464,1.0,-1.024220776840961,False,-0.7297122858423982,False,-0.14747872353539304,False,False
1456,1574861352501973504,2.5387219934374836,7.062608087674443,0.9880952380952381,-1.0255241501559895,False,-0.7636010304129319,False,-0.6146327702946969,False,False
1457,1574861352568733952,2.562036908347668,7.06224008327697,1.0,-1.004348576416566,False,-0.791811026178534,False,-0.19999907527639296,False,False
1458,1574861352635451648,2.5614431079762108,7.064526959286525,1.0,-0.9900882255993412,False,-0.783669191586793,False,0.0902445112364059,False,False
1459,1574861352702353152,2.549502840439759,7.0673371759457595,1.0,-0.9914178743644274,False,-0.7436988498604278,False,0.29341502179538353,False,False
1460,1574861352769127168,2.5286180886921463,7.062237127637854,0.9893617021276596,-1.0121342911164442,False,-0.7779155443002342,False,-0.22710911369616382,False,False
1461,1574861352835848192,2.563156892444095,7.064434546146829,0.9868421052631579,-0.9939146317144882,False,-0.7750693478135452,False,-0.748441572644066,False,False
1462,1574861352902617088,2.5531518018398085,7.069003949545106,0.9875,-0.9906394289178134,False,-0.7173523791687187,False,-1.0723888410582605,False,False
1463,1574861352969321984,2.5458458821272245,7.062152825032052,0.9883720930232558,-0.9952682224784075,False,-0.760501099053757,False,-1.2448223751711913,False,False
1464,1574861353036237056,2.5585145170388244,7.067031329432549,0.9893617021276596,-0.9865064476054971,False,-0.7312110339619977,False,-1.303875291572741,False,False
1465,1574861353102979328,2.557861539392806,7.0663356958975285,1.0,-0.9809918189829472,False,-0.7191913545495543,False,-0.6824688401710146,False,False
1466,1574861353169736960,2.5714839431415397,7.062496090932061,0.9897959183673469,-0.964226073157351,False,-0.7576021973272197,False,-0.8831770622610979,False,False
1467,1574861353236438016,2.558059383735711,7.057615325034225,0.9893617021276596,-0.9652081243602743,False,-0.8440115356173805,False,-1.0507235725356778,False,False
1468,1574861353303476224,2.544615069771942,7.0617688138631305,0.9775280898876404,-0.9786323484299932,False,-0.8538455883624754,False,-1.9052151836087738,False,False
1469,1574861353369984000,2.5501875021165623,7.063841851109215,1.0,-0.9827501299428337,False,-0.8354483927871118,False,-1.1034067645962746,False,False
1470,1574861353436857856,2.5554433372491454,7.060962239205597,1.0,-0.9806533375089278,False,-0.8576876998931812,False,-0.5421408712875204,False,False
1471,1574861353503598336,2.587002092365646,7.065068394138615,1.0,-0.94928765110477,False,-0.823179975507893,False,-0.14925474597136487,False,False
1472,1574861353570362624,2.5298923361763728,7.059192991403151,0.9871794871794872,-0.9814359463979981,False,-0.8706760777239526,False,-0.6729253342883377,False,False
1473,1574861353637107968,2.526718407053833,7.064266164254405,1.0,-1.0069466497877866,False,-0.8420551662712163,False,-0.24080387007195078,False,False
1474,1574861353703842048,2.5048560099177473,7.06162828340109,0.9795918367346939,-1.0455160002161707,False,-0.8541899220755846,False,-1.2097043212630172,False,False
1475,1574861353770732544,2.545465920362216,7.060662551335341,1.0,-1.034041788135497,False,-0.8744615135991413,False,-0.6165491609542473,False,False
1476,1574861353837467648,2.562440617441048,7.064766853279179,0.9761904761904762,-1.0099284596618212,False,-0.8385989858159961,False,-1.6846236042377067,False,False
1477,1574861353904269312,2.525768487604458,7.064702824140119,1.0,-1.0277913376885779,False,-0.8142760623213945,False,-0.9489926590365275,False,False
1478,1574861353970987264,2.5501242603645697,7.062832933736106,0.9746835443037974,-1.0172213359906073,False,-0.8200536389933217,False,-2.011212727294022,False,False
1479,1574861354037734400,2.5787580284547933,7.062067171503285,1.0,-0.9826954586141998,False,-0.8334365398979335,False,-1.1776050451759346,False,False
1480,1574861354104627968,2.5456520592500818,7.063297313694866,0.9651162790697675,-0.9898910659443206,False,-0.8278027828016256,False,-2.7672618187741245,False,False
1481,1574861354171350016,2.520116919302037,7.0657699021357505,1.0,-1.0191193087401589,False,-0.7937055273537601,False,-1.7068394092120016,False,False
1482,1574861354238097920,2.5578456955604594,7.062602256025816,0.9518072289156626,-1.0038358318058265,False,-0.808467417391567,False,-3.966851593891245,False,False
1483,1574861354304823552,2.5701224847206907,7.06081321679563,0.9887640449438202,-0.9815066919097425,False,-0.8406183700829178,False,-3.24652852517584,False,False
1484,1574861354371620352,2.5296747248387956,7.062083867867379,1.0,-1.0041954341995123,False,-0.8476282367356843,False,-2.042326103693207,False,False
1485,1574861354438501632,2.5294293013194933,7.062983926333091,1.0,-1.020310061567334,False,-0.8415587813597005,False,-1.1993844086553778,False,False
1486,1574861354505188096,2.53093725822179,7.064874337136874,0.9871794871794872,-1.0301617021534903,False,-0.8142562898052025,False,-1.408016098167119,False,False
1487,1574861354571973120,2.547452738442068,7.066028051139872,1.0,-1.0214115204787633,False,-0.7810748124032864,False,-0.7553674047870793,False,False
1488,1574861354638727424,2.550737599452453,7.064340184480926,1.0,-1.0121744026790893,False,-0.7784315916270376,False,-0.2985133194210884,False,False
1489,1574861354705480192,2.5535040855017104,7.065573565078184,1.0,-1.0030875243492003,False,-0.761540056460664,False,0.021284540335109896,False,False
1490,1574861354772359936,2.532009783123388,7.067198703033735,0.9871794871794872,-1.017089844315041,False,-0.7298971553644328,False,-0.5535478338738054,False,False
1491,1574861354840472576,2.5033837895881637,7.066931756398954,0.9764705882352941,-1.0540109790707375,False,-0.7110025830127766,False,-1.6230722863931804,False,False
1492,1574861354905861888,2.5354253262251345,7.059794416220846,1.0,-1.0495004672283503,False,-0.7848174277337396,False,-0.9059067365453223,False,False
1493,1574861354972620800,2.5628561824206666,7.0640637846132,1.0,-1.0203558397326964,False,-0.784422164515247,False,-0.40389085165183075,False,False
1494,1574861355039384576,2.5444250595675717,7.063165117011465,1.0,-1.01741575984357,False,-0.7951048804786923,False,-0.05247973222641901,False,False
1495,1574861355106102784,2.490085873139632,7.065583712373854,0.9775280898876404,-1.0668372150261585,False,-0.7730876107057807,False,-1.2064444953922926,False,False
1496,1574861355172945920,2.5602044286206005,7.066745704725378,0.979381443298969,-1.0350037647564034,False,-0.7435048327199151,False,-1.898759825751625,False,False
1497,1574861355239722752,2.5575646934493963,7.0640786059823455,1.0,-1.0152211650010263,False,-0.755322598954539,False,-1.0988880140962405,False,False
1498,1574861355306484480,2.5523048376655475,7.067315510693286,1.0,-1.0063563937240536,False,-0.7241204463593472,False,-0.5389777459374919,False,False
1499,1574861355373228032,2.513998334368005,7.067069523005209,0.9846153846153847,-1.0364416240711123,False,-0.7052788001327065,False,-1.1054696094722405,False,False
