{
  "rq_a1": {
    "verdict": "NOT SUPPORTED: belief switch rate 0.020 vs memoryless 0.010 (diff -0.010, 95% CI [-0.018,-0.002]); matched=True. Diagnosis: detector under-confident or dataset rate-of-change too low. The belief-state design is unsupported on this data (reported honestly).",
    "go": false,
    "belief": {
      "mean": 0.020066889632107024,
      "lo": 0.011761444828068469,
      "hi": 0.028372334436145577,
      "n": 5,
      "sd": 0.006688963210702341,
      "half_width": 0.008305444804038555
    },
    "memoryless": {
      "mean": 0.010033444816053512,
      "lo": 0.010033444816053512,
      "hi": 0.010033444816053512,
      "n": 5,
      "sd": 0.0,
      "half_width": 0.0
    },
    "paired_diff": {
      "mean": -0.01003344481605351,
      "lo": -0.018338889620092065,
      "hi": -0.0017280000120149554,
      "n": 5,
      "sd": 0.006688963210702341,
      "half_width": 0.008305444804038555,
      "significant": true
    },
    "bacc_belief": 0.8835109081684424,
    "bacc_mem": 0.8538812785388128,
    "raw": {
      "belief": [
        0.026755852842809364,
        0.026755852842809364,
        0.013377926421404682,
        0.020066889632107024,
        0.013377926421404682
      ],
      "memoryless": [
        0.010033444816053512,
        0.010033444816053512,
        0.010033444816053512,
        0.010033444816053512,
        0.010033444816053512
      ],
      "bacc_belief": [
        0.882546930492136,
        0.8802638254693049,
        0.8841535599526467,
        0.8864366649754778,
        0.8841535599526467
      ],
      "bacc_mem": [
        0.8538812785388128,
        0.8538812785388128,
        0.8538812785388128,
        0.8538812785388128,
        0.8538812785388128
      ]
    }
  },
  "rq_a2": {
    "stationary": {
      "fixed_switch": {
        "mean": 0.02925851703406813,
        "lo": 0.020356087839045148,
        "hi": 0.038160946229091115,
        "n": 5,
        "sd": 0.007169757042083493,
        "half_width": 0.008902429195022982
      },
      "model_derived_switch": {
        "mean": 0.03326653306613227,
        "lo": 0.023693834115831744,
        "hi": 0.04283923201643279,
        "n": 5,
        "sd": 0.007709572770208955,
        "half_width": 0.009572698950300522
      },
      "fixed_lag": {
        "mean": 1.4,
        "lo": 0.5905341076456483,
        "hi": 2.2094658923543515,
        "n": 5,
        "sd": 0.6519202405202649,
        "half_width": 0.8094658923543516
      },
      "model_derived_lag": {
        "mean": 1.1,
        "lo": 0.4199126193417445,
        "hi": 1.7800873806582556,
        "n": 5,
        "sd": 0.5477225575051661,
        "half_width": 0.6800873806582556
      },
      "switch_diff_fixed_minus_md": {
        "mean": -0.004008016032064128,
        "lo": -0.00898462524330166,
        "hi": 0.0009685931791734038,
        "n": 5,
        "sd": 0.004008016032064129,
        "half_width": 0.004976609211237532,
        "significant": false
      },
      "raw": {
        "fixed": {
          "switch": [
            0.022044088176352707,
            0.028056112224448898,
            0.02404809619238477,
            0.03206412825651302,
            0.04008016032064128
          ],
          "lag": [
            2.0,
            2.0,
            0.5,
            1.5,
            1.0
          ]
        },
        "model_derived": {
          "switch": [
            0.026052104208416832,
            0.036072144288577156,
            0.02404809619238477,
            0.04008016032064128,
            0.04008016032064128
          ],
          "lag": [
            2.0,
            1.0,
            0.5,
            1.0,
            1.0
          ]
        }
      }
    },
    "nonstationary": {
      "fixed_switch": {
        "mean": 0.034468937875751504,
        "lo": 0.026921536319244738,
        "hi": 0.04201633943225827,
        "n": 5,
        "sd": 0.006078457269780802,
        "half_width": 0.0075474015565067665
      },
      "model_derived_switch": {
        "mean": 0.044889779559118236,
        "lo": 0.032008146009090216,
        "hi": 0.057771413109146255,
        "n": 5,
        "sd": 0.010374492268973776,
        "half_width": 0.012881633550028018
      },
      "fixed_lag": {
        "mean": 6.6,
        "lo": 3.8796504773669773,
        "hi": 9.320349522633022,
        "n": 5,
        "sd": 2.1908902300206643,
        "half_width": 2.7203495226330223
      },
      "model_derived_lag": {
        "mean": 1.6,
        "lo": 0.9199126193417445,
        "hi": 2.2800873806582556,
        "n": 5,
        "sd": 0.5477225575051661,
        "half_width": 0.6800873806582556
      },
      "switch_diff_fixed_minus_md": {
        "mean": -0.010420841683366733,
        "lo": -0.01609504920634177,
        "hi": -0.004746634160391694,
        "n": 5,
        "sd": 0.004569841383162878,
        "half_width": 0.005674207522975039,
        "significant": true
      },
      "raw": {
        "fixed": {
          "switch": [
            0.04008016032064128,
            0.028056112224448898,
            0.036072144288577156,
            0.028056112224448898,
            0.04008016032064128
          ],
          "lag": [
            4.0,
            6.0,
            7.0,
            10.0,
            6.0
          ]
        },
        "model_derived": {
          "switch": [
            0.056112224448897796,
            0.03206412825651302,
            0.04809619238476954,
            0.036072144288577156,
            0.052104208416833664
          ],
          "lag": [
            1.0,
            2.0,
            2.0,
            1.0,
            2.0
          ]
        }
      }
    }
  }
}