{
  "track": "outputs/trackD_rain_4_0",
  "regime": "coupled",
  "train_frac": 0.7,
  "n_configs": 4,
  "mlp_train_acc": 0.6266666666666667,
  "joint_miss": {
    "mean": 0.0,
    "lo": 0.0,
    "hi": 0.0,
    "n": 5,
    "sd": 0.0,
    "half_width": 0.0
  },
  "learned_miss": {
    "mean": 0.3111111111111111,
    "lo": 0.2020420465845802,
    "hi": 0.42018017563764204,
    "n": 5,
    "sd": 0.0878410461157883,
    "half_width": 0.10906906452653092
  },
  "joint_acc": {
    "mean": 0.7171904761904762,
    "lo": 0.7139808807126827,
    "hi": 0.7204000716682696,
    "n": 5,
    "sd": 0.002584914664866276,
    "half_width": 0.003209595477793403
  },
  "learned_acc": {
    "mean": 0.8321957671957673,
    "lo": 0.7996485509001756,
    "hi": 0.8647429834913589,
    "n": 5,
    "sd": 0.026212579524473267,
    "half_width": 0.0325472162955916
  },
  "learned_minus_joint_miss": {
    "mean": 0.3111111111111111,
    "lo": 0.2020420465845802,
    "hi": 0.42018017563764204,
    "n": 5,
    "sd": 0.0878410461157883,
    "half_width": 0.10906906452653092,
    "significant": true
  },
  "verdict": "JOINT WINS: joint deadline-miss 0.000 < learned 0.311 (learned-minus-joint 31.11pp, 95% CI [20.20,42.02]). The belief-state structure helps beyond the features.",
  "raw": {
    "joint": {
      "miss": [
        0.0,
        0.0,
        0.0,
        0.0,
        0.0
      ],
      "acc": [
        0.7176984126984128,
        0.7146296296296297,
        0.7206613756613757,
        0.7146296296296297,
        0.7183333333333333
      ]
    },
    "learned": {
      "miss": [
        0.37777777777777777,
        0.2,
        0.23333333333333334,
        0.3888888888888889,
        0.35555555555555557
      ],
      "acc": [
        0.8668253968253967,
        0.8121164021164021,
        0.8037037037037038,
        0.8500529100529101,
        0.8282804232804233
      ]
    },
    "train_acc": [
      0.6285714285714286,
      0.6761904761904762,
      0.6,
      0.6142857142857143,
      0.6142857142857143
    ]
  }
}