{
  "n_frames": 309,
  "trackA_fault_frac": 0.3042071197411003,
  "trackB": {
    "events": 3,
    "gt_fault_frac": 0.6407766990291263
  },
  "contention": {
    "device": "mps",
    "p95_nominal_ms": 19.631452241446823,
    "p95_contended_ms": 33.485345740336925,
    "p99_nominal_ms": 19.97558794217184,
    "p99_contended_ms": 36.423920402303324,
    "median_nominal_ms": 18.281938042491674,
    "median_contended_ms": 25.576062500476837,
    "p95_shift_ratio": 1.7056988616278284
  },
  "regimes": {
    "uncoupled": {
      "pearson_r": 0.05914235674833315,
      "p_contention_given_fault": 0.5106382978723404,
      "p_contention_given_nominal": 0.44651162790697674
    },
    "coupled": {
      "pearson_r": 0.7386009931809998,
      "p_contention_given_fault": 0.8085106382978723,
      "p_contention_given_nominal": 0.07441860465116279
    }
  }
}