{
  "summary": {
    "coupled": {
      "kappa_mean": 0.8164528969482528,
      "joint_miss": {
        "mean": 0.31333333333333335,
        "lo": 0.2685645012091204,
        "hi": 0.3581021654575463,
        "n": 5,
        "sd": 0.03605551275463989,
        "half_width": 0.044768832124212975
      },
      "decoupled_miss": {
        "mean": 0.3413333333333333,
        "lo": 0.2933687318304578,
        "hi": 0.38929793483620884,
        "n": 5,
        "sd": 0.0386292922821817,
        "half_width": 0.047964601502875535
      },
      "joint_acc": {
        "mean": 0.9301063492063492,
        "lo": 0.9179168170681097,
        "hi": 0.9422958813445886,
        "n": 5,
        "sd": 0.009817093960905089,
        "half_width": 0.01218953213823944
      },
      "decoupled_acc": {
        "mean": 0.9388396825396825,
        "lo": 0.917592576738915,
        "hi": 0.96008678834045,
        "n": 5,
        "sd": 0.017111799835949404,
        "half_width": 0.02124710580076745
      },
      "miss_reduction_decoupled_minus_joint": {
        "mean": 0.02799999999999999,
        "lo": -0.005827590573422935,
        "hi": 0.061827590573422915,
        "n": 5,
        "sd": 0.0272437556556034,
        "half_width": 0.033827590573422925,
        "significant": false
      }
    },
    "uncoupled": {
      "kappa_mean": 0.22485625829279082,
      "joint_miss": {
        "mean": 0.22666666666666666,
        "lo": 0.19639336940887203,
        "hi": 0.2569399639244613,
        "n": 5,
        "sd": 0.02438123139721299,
        "half_width": 0.030273297257794627
      },
      "decoupled_miss": {
        "mean": 0.22666666666666666,
        "lo": 0.19639336940887203,
        "hi": 0.2569399639244613,
        "n": 5,
        "sd": 0.02438123139721299,
        "half_width": 0.030273297257794627
      },
      "joint_acc": {
        "mean": 0.8938603174603174,
        "lo": 0.852784051098774,
        "hi": 0.9349365838218607,
        "n": 5,
        "sd": 0.03308162789689143,
        "half_width": 0.04107626636154339
      },
      "decoupled_acc": {
        "mean": 0.8938603174603174,
        "lo": 0.852784051098774,
        "hi": 0.9349365838218607,
        "n": 5,
        "sd": 0.03308162789689143,
        "half_width": 0.04107626636154339
      },
      "miss_reduction_decoupled_minus_joint": {
        "mean": 0.0,
        "lo": 0.0,
        "hi": 0.0,
        "n": 5,
        "sd": 0.0,
        "half_width": 0.0,
        "significant": false
      }
    },
    "verdict": "NEGATIVE/INCONCLUSIVE: the joint-vs-decoupled deadline-miss delta in the coupled regime is 2.8pp (95% CI [-0.6,6.2]pp), uncoupled 0.0pp. Diagnosis required (coupling too weak in this data, contention not actually fault-correlated, or deadline not binding). Reported as a valid negative coupling result."
  },
  "raw": {
    "coupled": {
      "joint": {
        "miss": [
          0.30333333333333334,
          0.33666666666666667,
          0.27666666666666667,
          0.2866666666666667,
          0.36333333333333334
        ],
        "acc": [
          0.9214126984126983,
          0.9440793650793651,
          0.9365476190476189,
          0.9257460317460317,
          0.9227460317460315
        ]
      },
      "decoupled": {
        "miss": [
          0.35333333333333333,
          0.39,
          0.2866666666666667,
          0.3233333333333333,
          0.35333333333333333
        ],
        "acc": [
          0.9320793650793652,
          0.963079365079365,
          0.9432142857142856,
          0.9397460317460317,
          0.9160793650793649
        ]
      },
      "kappa": [
        0.8164528969482528,
        0.8164528969482528,
        0.8164528969482528,
        0.8164528969482528,
        0.8164528969482528
      ]
    },
    "uncoupled": {
      "joint": {
        "miss": [
          0.22,
          0.25666666666666665,
          0.22,
          0.19333333333333333,
          0.24333333333333335
        ],
        "acc": [
          0.8737698412698414,
          0.9505555555555554,
          0.8744365079365078,
          0.8744365079365078,
          0.8961031746031745
        ]
      },
      "decoupled": {
        "miss": [
          0.22,
          0.25666666666666665,
          0.22,
          0.19333333333333333,
          0.24333333333333335
        ],
        "acc": [
          0.8737698412698414,
          0.9505555555555554,
          0.8744365079365078,
          0.8744365079365078,
          0.8961031746031745
        ]
      },
      "kappa": [
        0.22485625829279082,
        0.22485625829279082,
        0.22485625829279082,
        0.22485625829279082,
        0.22485625829279082
      ]
    }
  },
  "seeds": [
    0,
    1,
    2,
    3,
    4
  ]
}