{
  "track": "outputs/trackA",
  "regime": "coupled",
  "train_frac": 0.7,
  "n_configs": 4,
  "mlp_train_acc": 0.6314285714285715,
  "joint_miss": {
    "mean": 0.33999999999999997,
    "lo": 0.2699236565352708,
    "hi": 0.41007634346472915,
    "n": 5,
    "sd": 0.05643744488533465,
    "half_width": 0.0700763434647292
  },
  "learned_miss": {
    "mean": 0.20444444444444443,
    "lo": 0.08158793468775498,
    "hi": 0.32730095420113386,
    "n": 5,
    "sd": 0.09894505271508082,
    "half_width": 0.12285650975668945
  },
  "joint_acc": {
    "mean": 0.9911111111111112,
    "lo": 0.9849412330995605,
    "hi": 0.9972809891226618,
    "n": 5,
    "sd": 0.004969039949999515,
    "half_width": 0.00616987801155063
  },
  "learned_acc": {
    "mean": 0.9844444444444445,
    "lo": 0.976887917992686,
    "hi": 0.9920009708962029,
    "n": 5,
    "sd": 0.006085806194501884,
    "half_width": 0.007556526451758444
  },
  "learned_minus_joint_miss": {
    "mean": -0.13555555555555557,
    "lo": -0.27331112258169066,
    "hi": 0.0022000114705794938,
    "n": 5,
    "sd": 0.11094431925659214,
    "half_width": 0.13775556702613506,
    "significant": false
  },
  "verdict": "MATCH (no significant difference): joint 0.340 vs learned 0.204 (CI [-27.33,0.22]pp). On the same features a learned function matches the belief-space policy; an honest finding.",
  "raw": {
    "joint": {
      "miss": [
        0.3111111111111111,
        0.3111111111111111,
        0.4,
        0.2777777777777778,
        0.4
      ],
      "acc": [
        0.9888888888888889,
        0.9888888888888889,
        1.0,
        0.9888888888888889,
        0.9888888888888889
      ]
    },
    "learned": {
      "miss": [
        0.03333333333333333,
        0.24444444444444444,
        0.23333333333333334,
        0.28888888888888886,
        0.2222222222222222
      ],
      "acc": [
        0.9777777777777777,
        0.9888888888888889,
        0.9888888888888889,
        0.9888888888888889,
        0.9777777777777777
      ]
    },
    "train_acc": [
      0.6666666666666666,
      0.6571428571428571,
      0.6142857142857143,
      0.6333333333333333,
      0.5857142857142857
    ]
  }
}