{
  "summary": {
    "coupled": {
      "kappa_mean": 0.795138888888889,
      "joint_miss": {
        "mean": 0.3286666666666667,
        "lo": 0.285198573370393,
        "hi": 0.37213475996294043,
        "n": 5,
        "sd": 0.03500793560830966,
        "half_width": 0.043468093296273685
      },
      "decoupled_miss": {
        "mean": 0.42266666666666663,
        "lo": 0.36209178595728225,
        "hi": 0.483241547376051,
        "n": 5,
        "sd": 0.04878524367060187,
        "half_width": 0.060574880709384396
      },
      "joint_acc": {
        "mean": 0.8609746031746033,
        "lo": 0.8294672996424407,
        "hi": 0.8924819067067659,
        "n": 5,
        "sd": 0.02537506408959443,
        "half_width": 0.03150730353216258
      },
      "decoupled_acc": {
        "mean": 0.9542412698412699,
        "lo": 0.9191128241227415,
        "hi": 0.9893697155597982,
        "n": 5,
        "sd": 0.028291426480389605,
        "half_width": 0.035128445718528405
      },
      "miss_reduction_decoupled_minus_joint": {
        "mean": 0.09399999999999999,
        "lo": 0.07069696618306226,
        "hi": 0.11730303381693771,
        "n": 5,
        "sd": 0.018767584347012346,
        "half_width": 0.02330303381693773,
        "significant": true
      }
    },
    "uncoupled": {
      "kappa_mean": 0.029861111111111116,
      "joint_miss": {
        "mean": 0.22800000000000004,
        "lo": 0.1865491633526514,
        "hi": 0.2694508366473487,
        "n": 5,
        "sd": 0.03338329588947808,
        "half_width": 0.04145083664734864
      },
      "decoupled_miss": {
        "mean": 0.22800000000000004,
        "lo": 0.1865491633526514,
        "hi": 0.2694508366473487,
        "n": 5,
        "sd": 0.03338329588947808,
        "half_width": 0.04145083664734864
      },
      "joint_acc": {
        "mean": 0.8196412698412698,
        "lo": 0.7934115396851009,
        "hi": 0.8458709999974388,
        "n": 5,
        "sd": 0.021124660289831832,
        "half_width": 0.026229730156168876
      },
      "decoupled_acc": {
        "mean": 0.8196412698412698,
        "lo": 0.7934115396851009,
        "hi": 0.8458709999974388,
        "n": 5,
        "sd": 0.021124660289831832,
        "half_width": 0.026229730156168876
      },
      "miss_reduction_decoupled_minus_joint": {
        "mean": 0.0,
        "lo": 0.0,
        "hi": 0.0,
        "n": 5,
        "sd": 0.0,
        "half_width": 0.0,
        "significant": false
      }
    },
    "verdict": "POSITIVE: joint reduces deadline-miss vs decoupled in the coupled regime by 9.4pp (95% CI excludes 0), and the benefit is smaller/absent in the uncoupled regime (0.0pp). The coupling drives the benefit."
  },
  "raw": {
    "coupled": {
      "joint": {
        "miss": [
          0.2966666666666667,
          0.37666666666666665,
          0.29333333333333333,
          0.3466666666666667,
          0.33
        ],
        "acc": [
          0.8388888888888889,
          0.8944444444444446,
          0.8365396825396825,
          0.8555555555555556,
          0.8794444444444446
        ]
      },
      "decoupled": {
        "miss": [
          0.36666666666666664,
          0.49666666666666665,
          0.39666666666666667,
          0.43666666666666665,
          0.4166666666666667
        ],
        "acc": [
          0.9611111111111112,
          1.0,
          0.9284285714285714,
          0.9366666666666666,
          0.945
        ]
      },
      "kappa": [
        0.795138888888889,
        0.795138888888889,
        0.795138888888889,
        0.795138888888889,
        0.795138888888889
      ]
    },
    "uncoupled": {
      "joint": {
        "miss": [
          0.21666666666666667,
          0.2833333333333333,
          0.23333333333333334,
          0.20666666666666667,
          0.2
        ],
        "acc": [
          0.8089047619047619,
          0.854968253968254,
          0.8068888888888889,
          0.8039999999999999,
          0.8234444444444444
        ]
      },
      "decoupled": {
        "miss": [
          0.21666666666666667,
          0.2833333333333333,
          0.23333333333333334,
          0.20666666666666667,
          0.2
        ],
        "acc": [
          0.8089047619047619,
          0.854968253968254,
          0.8068888888888889,
          0.8039999999999999,
          0.8234444444444444
        ]
      },
      "kappa": [
        0.029861111111111116,
        0.029861111111111116,
        0.029861111111111116,
        0.029861111111111116,
        0.029861111111111116
      ]
    }
  },
  "seeds": [
    0,
    1,
    2,
    3,
    4
  ]
}