{
  "summary": {
    "coupled": {
      "kappa_mean": 0.8160275902988949,
      "joint_miss": {
        "mean": 0.4532,
        "lo": 0.42611388417177587,
        "hi": 0.4802861158282241,
        "n": 5,
        "sd": 0.021814368353602804,
        "half_width": 0.02708611582822412
      },
      "decoupled_miss": {
        "mean": 0.46706666666666663,
        "lo": 0.4413615894177303,
        "hi": 0.49277174391560297,
        "n": 5,
        "sd": 0.020702120127604764,
        "half_width": 0.02570507724893635
      },
      "joint_acc": {
        "mean": 0.8105608199208201,
        "lo": 0.7854489923286325,
        "hi": 0.8356726475130076,
        "n": 5,
        "sd": 0.020224334142340664,
        "half_width": 0.025111827592187604
      },
      "decoupled_acc": {
        "mean": 0.8194638924038925,
        "lo": 0.7942968303832646,
        "hi": 0.8446309544245204,
        "n": 5,
        "sd": 0.02026881834138338,
        "half_width": 0.025167062020627875
      },
      "miss_reduction_decoupled_minus_joint": {
        "mean": 0.01386666666666666,
        "lo": 0.009752694902838,
        "hi": 0.01798063843049532,
        "n": 5,
        "sd": 0.0033132729706104717,
        "half_width": 0.004113971763828661,
        "significant": true
      }
    },
    "uncoupled": {
      "kappa_mean": 0.022619224208262255,
      "joint_miss": {
        "mean": 0.5726666666666667,
        "lo": 0.5609894492012554,
        "hi": 0.5843438841320779,
        "n": 5,
        "sd": 0.0094044906531106,
        "half_width": 0.011677217465411236
      },
      "decoupled_miss": {
        "mean": 0.5726666666666667,
        "lo": 0.5609894492012554,
        "hi": 0.5843438841320779,
        "n": 5,
        "sd": 0.0094044906531106,
        "half_width": 0.011677217465411236
      },
      "joint_acc": {
        "mean": 0.7886950686350687,
        "lo": 0.7832171218502963,
        "hi": 0.794173015419841,
        "n": 5,
        "sd": 0.004411778703978651,
        "half_width": 0.005477946784772353
      },
      "decoupled_acc": {
        "mean": 0.7886950686350687,
        "lo": 0.7832171218502963,
        "hi": 0.794173015419841,
        "n": 5,
        "sd": 0.004411778703978651,
        "half_width": 0.005477946784772353
      },
      "miss_reduction_decoupled_minus_joint": {
        "mean": 0.0,
        "lo": 0.0,
        "hi": 0.0,
        "n": 5,
        "sd": 0.0,
        "half_width": 0.0,
        "significant": false
      }
    },
    "verdict": "POSITIVE: joint reduces deadline-miss vs decoupled in the coupled regime by 1.4pp (95% CI excludes 0), and the benefit is smaller/absent in the uncoupled regime (0.0pp). The coupling drives the benefit."
  },
  "raw": {
    "coupled": {
      "joint": {
        "miss": [
          0.464,
          0.4846666666666667,
          0.42866666666666664,
          0.44,
          0.44866666666666666
        ],
        "acc": [
          0.8085115144115144,
          0.8420944425944427,
          0.7874591075591076,
          0.8009093388093388,
          0.8138296962296964
        ]
      },
      "decoupled": {
        "miss": [
          0.472,
          0.49933333333333335,
          0.44466666666666665,
          0.4553333333333333,
          0.464
        ],
        "acc": [
          0.8150112147112146,
          0.8493825285825287,
          0.7948416361416362,
          0.8112402005402006,
          0.826843882043882
        ]
      },
      "kappa": [
        0.8160275902988949,
        0.8160275902988949,
        0.8160275902988949,
        0.8160275902988949,
        0.8160275902988949
      ]
    },
    "uncoupled": {
      "joint": {
        "miss": [
          0.5806666666666667,
          0.5613333333333334,
          0.5813333333333334,
          0.564,
          0.576
        ],
        "acc": [
          0.7869324971324971,
          0.7963583823583822,
          0.787886383986384,
          0.7850527657527658,
          0.7872453139453139
        ]
      },
      "decoupled": {
        "miss": [
          0.5806666666666667,
          0.5613333333333334,
          0.5813333333333334,
          0.564,
          0.576
        ],
        "acc": [
          0.7869324971324971,
          0.7963583823583822,
          0.787886383986384,
          0.7850527657527658,
          0.7872453139453139
        ]
      },
      "kappa": [
        0.022619224208262255,
        0.022619224208262255,
        0.022619224208262255,
        0.022619224208262255,
        0.022619224208262255
      ]
    }
  },
  "seeds": [
    0,
    1,
    2,
    3,
    4
  ]
}