{
  "summary": {
    "coupled": {
      "kappa_mean": 0.7979705733130391,
      "joint_miss": {
        "mean": 0.23266666666666666,
        "lo": 0.172304255502525,
        "hi": 0.29302907783080834,
        "n": 5,
        "sd": 0.04861412689057917,
        "half_width": 0.060362411164141656
      },
      "decoupled_miss": {
        "mean": 0.244,
        "lo": 0.1861740547118835,
        "hi": 0.30182594528811646,
        "n": 5,
        "sd": 0.04657133119086128,
        "half_width": 0.057825945288116486
      },
      "joint_acc": {
        "mean": 0.854699470899471,
        "lo": 0.8271200496579825,
        "hi": 0.8822788921409594,
        "n": 5,
        "sd": 0.022211662157706036,
        "half_width": 0.02757942124148852
      },
      "decoupled_acc": {
        "mean": 0.8574359788359789,
        "lo": 0.8308855680542447,
        "hi": 0.883986389617713,
        "n": 5,
        "sd": 0.021382927120495495,
        "half_width": 0.026550410781734136
      },
      "miss_reduction_decoupled_minus_joint": {
        "mean": 0.011333333333333324,
        "lo": 0.0018049160300432632,
        "hi": 0.020861750636623384,
        "n": 5,
        "sd": 0.007673909622147548,
        "half_width": 0.00952841730329006,
        "significant": true
      }
    },
    "uncoupled": {
      "kappa_mean": 0.018670725520040586,
      "joint_miss": {
        "mean": 0.20400000000000001,
        "lo": 0.18343014118085685,
        "hi": 0.22456985881914318,
        "n": 5,
        "sd": 0.01656636485305224,
        "half_width": 0.020569858819143156
      },
      "decoupled_miss": {
        "mean": 0.20400000000000001,
        "lo": 0.18343014118085685,
        "hi": 0.22456985881914318,
        "n": 5,
        "sd": 0.01656636485305224,
        "half_width": 0.020569858819143156
      },
      "joint_acc": {
        "mean": 0.8703375661375663,
        "lo": 0.8367296199753195,
        "hi": 0.9039455122998131,
        "n": 5,
        "sd": 0.027066860447645474,
        "half_width": 0.033607946162246806
      },
      "decoupled_acc": {
        "mean": 0.8703375661375663,
        "lo": 0.8367296199753195,
        "hi": 0.9039455122998131,
        "n": 5,
        "sd": 0.027066860447645474,
        "half_width": 0.033607946162246806
      },
      "miss_reduction_decoupled_minus_joint": {
        "mean": 0.0,
        "lo": 0.0,
        "hi": 0.0,
        "n": 5,
        "sd": 0.0,
        "half_width": 0.0,
        "significant": false
      }
    },
    "verdict": "POSITIVE: joint reduces deadline-miss vs decoupled in the coupled regime by 1.1pp (95% CI excludes 0), and the benefit is smaller/absent in the uncoupled regime (0.0pp). The coupling drives the benefit."
  },
  "raw": {
    "coupled": {
      "joint": {
        "miss": [
          0.2833333333333333,
          0.25333333333333335,
          0.15666666666666668,
          0.21666666666666667,
          0.25333333333333335
        ],
        "acc": [
          0.873867724867725,
          0.8712407407407409,
          0.8199338624338625,
          0.8620793650793651,
          0.8463756613756613
        ]
      },
      "decoupled": {
        "miss": [
          0.29333333333333333,
          0.25333333333333335,
          0.17333333333333334,
          0.22666666666666666,
          0.2733333333333333
        ],
        "acc": [
          0.8771772486772488,
          0.8712407407407409,
          0.8232433862433862,
          0.8640555555555557,
          0.8514629629629629
        ]
      },
      "kappa": [
        0.7979705733130391,
        0.7979705733130391,
        0.7979705733130391,
        0.7979705733130391,
        0.7979705733130391
      ]
    },
    "uncoupled": {
      "joint": {
        "miss": [
          0.18333333333333332,
          0.22666666666666666,
          0.21333333333333335,
          0.19666666666666666,
          0.2
        ],
        "acc": [
          0.8461322751322752,
          0.9096693121693122,
          0.852925925925926,
          0.8557989417989419,
          0.8871613756613757
        ]
      },
      "decoupled": {
        "miss": [
          0.18333333333333332,
          0.22666666666666666,
          0.21333333333333335,
          0.19666666666666666,
          0.2
        ],
        "acc": [
          0.8461322751322752,
          0.9096693121693122,
          0.852925925925926,
          0.8557989417989419,
          0.8871613756613757
        ]
      },
      "kappa": [
        0.018670725520040586,
        0.018670725520040586,
        0.018670725520040586,
        0.018670725520040586,
        0.018670725520040586
      ]
    }
  },
  "seeds": [
    0,
    1,
    2,
    3,
    4
  ]
}