{
  "device": "mps",
  "n_frames": 300,
  "deadline_ms": 237.65991686377674,
  "ordering_sensible": true,
  "degenerate_all_meet_deadline": false,
  "cpu_fallbacks": {
    "C1": false,
    "C2": false,
    "C3": false,
    "C4": false
  },
  "frontier": [
    {
      "config": "C1",
      "model": "yolo11x",
      "imgsz": 1280,
      "half": false,
      "cpu_fallback": false,
      "acc_overall": 1.0,
      "lat_median_nom_ms": 237.65991686377674,
      "lat_p95_nom_ms": 244.93125025182962,
      "lat_median_con_ms": 454.4672080082819,
      "lat_p95_con_ms": 525.7927105762063,
      "meets_deadline_nom": true,
      "meets_deadline_con": false,
      "acc_blur": NaN,
      "acc_illumination": 1.0,
      "acc_occlusion": NaN,
      "acc_nominal": 1.0
    },
    {
      "config": "C2",
      "model": "yolo11x",
      "imgsz": 640,
      "half": false,
      "cpu_fallback": false,
      "acc_overall": 0.7455555555555555,
      "lat_median_nom_ms": 55.29495794326067,
      "lat_p95_nom_ms": 56.34013710077851,
      "lat_median_con_ms": 141.38018747325987,
      "lat_p95_con_ms": 153.53638085070997,
      "meets_deadline_nom": true,
      "meets_deadline_con": true,
      "acc_blur": NaN,
      "acc_illumination": 0.7978723404255319,
      "acc_occlusion": NaN,
      "acc_nominal": 0.7216828478964402
    },
    {
      "config": "C3",
      "model": "yolo11n",
      "imgsz": 1280,
      "half": false,
      "cpu_fallback": false,
      "acc_overall": 0.7166666666666667,
      "lat_median_nom_ms": 12.337333639152348,
      "lat_p95_nom_ms": 13.29818960512057,
      "lat_median_con_ms": 50.36027147434652,
      "lat_p95_con_ms": 66.53440368827432,
      "meets_deadline_nom": true,
      "meets_deadline_con": true,
      "acc_blur": NaN,
      "acc_illumination": 0.7978723404255319,
      "acc_occlusion": NaN,
      "acc_nominal": 0.6796116504854369
    },
    {
      "config": "C4",
      "model": "yolo11n",
      "imgsz": 640,
      "half": false,
      "cpu_fallback": false,
      "acc_overall": 0.7133333333333334,
      "lat_median_nom_ms": 5.071124993264675,
      "lat_p95_nom_ms": 5.62673321692273,
      "lat_median_con_ms": 25.54531313944608,
      "lat_p95_con_ms": 35.19816455664113,
      "meets_deadline_nom": true,
      "meets_deadline_con": true,
      "acc_blur": NaN,
      "acc_illumination": 0.7978723404255319,
      "acc_occlusion": NaN,
      "acc_nominal": 0.6747572815533981
    }
  ]
}