{
  "summary": {
    "coupled": {
      "kappa_mean": 0.0,
      "joint_miss": {
        "mean": 0.36466666666666664,
        "lo": 0.3317372005703844,
        "hi": 0.39759613276294886,
        "n": 5,
        "sd": 0.026520432374554787,
        "half_width": 0.032929466096282244
      },
      "decoupled_miss": {
        "mean": 0.36466666666666664,
        "lo": 0.3317372005703844,
        "hi": 0.39759613276294886,
        "n": 5,
        "sd": 0.026520432374554787,
        "half_width": 0.032929466096282244
      },
      "joint_acc": {
        "mean": 0.9375555555555556,
        "lo": 0.9206755540993808,
        "hi": 0.9544355570117303,
        "n": 5,
        "sd": 0.01359466126149582,
        "half_width": 0.01688000145617473
      },
      "decoupled_acc": {
        "mean": 0.9375555555555556,
        "lo": 0.9206755540993808,
        "hi": 0.9544355570117303,
        "n": 5,
        "sd": 0.01359466126149582,
        "half_width": 0.01688000145617473
      },
      "miss_reduction_decoupled_minus_joint": {
        "mean": 0.0,
        "lo": 0.0,
        "hi": 0.0,
        "n": 5,
        "sd": 0.0,
        "half_width": 0.0,
        "significant": false
      }
    },
    "uncoupled": {
      "kappa_mean": 0.0,
      "joint_miss": {
        "mean": 0.22933333333333333,
        "lo": 0.1730080577244571,
        "hi": 0.28565860894220957,
        "n": 5,
        "sd": 0.04536273556321066,
        "half_width": 0.05632527560887623
      },
      "decoupled_miss": {
        "mean": 0.22933333333333333,
        "lo": 0.1730080577244571,
        "hi": 0.28565860894220957,
        "n": 5,
        "sd": 0.04536273556321066,
        "half_width": 0.05632527560887623
      },
      "joint_acc": {
        "mean": 0.855111111111111,
        "lo": 0.8358802832742472,
        "hi": 0.8743419389479749,
        "n": 5,
        "sd": 0.015487948321513569,
        "half_width": 0.019230827836863813
      },
      "decoupled_acc": {
        "mean": 0.855111111111111,
        "lo": 0.8358802832742472,
        "hi": 0.8743419389479749,
        "n": 5,
        "sd": 0.015487948321513569,
        "half_width": 0.019230827836863813
      },
      "miss_reduction_decoupled_minus_joint": {
        "mean": 0.0,
        "lo": 0.0,
        "hi": 0.0,
        "n": 5,
        "sd": 0.0,
        "half_width": 0.0,
        "significant": false
      }
    },
    "verdict": "NEGATIVE/INCONCLUSIVE: the joint-vs-decoupled deadline-miss delta in the coupled regime is 0.0pp (95% CI [0.0,0.0]pp), uncoupled 0.0pp. Diagnosis required (coupling too weak in this data, contention not actually fault-correlated, or deadline not binding). Reported as a valid negative coupling result."
  },
  "raw": {
    "coupled": {
      "joint": {
        "miss": [
          0.36666666666666664,
          0.35,
          0.37666666666666665,
          0.33,
          0.4
        ],
        "acc": [
          0.96,
          0.9322222222222221,
          0.9255555555555555,
          0.94,
          0.93
        ]
      },
      "decoupled": {
        "miss": [
          0.36666666666666664,
          0.35,
          0.37666666666666665,
          0.33,
          0.4
        ],
        "acc": [
          0.96,
          0.9322222222222221,
          0.9255555555555555,
          0.94,
          0.93
        ]
      },
      "kappa": [
        0.0,
        0.0,
        0.0,
        0.0,
        0.0
      ]
    },
    "uncoupled": {
      "joint": {
        "miss": [
          0.17,
          0.2866666666666667,
          0.23,
          0.20333333333333334,
          0.25666666666666665
        ],
        "acc": [
          0.8388888888888889,
          0.8733333333333333,
          0.8422222222222222,
          0.8522222222222222,
          0.8688888888888887
        ]
      },
      "decoupled": {
        "miss": [
          0.17,
          0.2866666666666667,
          0.23,
          0.20333333333333334,
          0.25666666666666665
        ],
        "acc": [
          0.8388888888888889,
          0.8733333333333333,
          0.8422222222222222,
          0.8522222222222222,
          0.8688888888888887
        ]
      },
      "kappa": [
        0.0,
        0.0,
        0.0,
        0.0,
        0.0
      ]
    }
  },
  "seeds": [
    0,
    1,
    2,
    3,
    4
  ]
}