policy,hysteresis,deadline_miss_rate,served_frames,abstain_frames,mean_accuracy,switch_count,switch_rate,onset_to_reconfig,clearance_to_reconfig,abstain_precision,abstain_recall,n_infeasible,n_abstain,tp,fp,fn
joint,fixed,0.2833333333333333,300,0,0.873867724867725,8,0.026755852842809364,3.0,10.0,,,0,0,0,0,0
joint,model_derived,0.2833333333333333,300,0,0.8771851851851852,10,0.033444816053511704,0.0,14.0,,,0,0,0,0,0
decoupled,fixed,0.29333333333333333,300,0,0.8771772486772488,8,0.026755852842809364,6.0,10.0,,,0,0,0,0,0
decoupled,model_derived,0.29333333333333333,300,0,0.8804947089947089,10,0.033444816053511704,0.0,14.0,,,0,0,0,0,0
memoryless,none,0.2733333333333333,300,0,0.88694708994709,9,0.030100334448160536,6.0,,,,0,0,0,0,0
