frame_idx,timestamp_ns,blur,illumination,occlusion,blur_z,blur_fault,illumination_z,illumination_fault,occlusion_z,occlusion_fault,any_fault
0,1574861432029866240,2.326383386402603,7.040616127223178,0.9537037037037037,1.6122754336987462,False,1.1337627167738737,False,-2.180142679020261,False,False
1,1574861432096730112,2.329502169114378,7.0443938517373725,0.9537037037037037,1.6279477646618778,False,1.3603525536817755,False,-2.1801426790202694,False,False
2,1574861432163490304,2.307263859998455,7.042024746076295,0.9777777777777777,1.5271676997552237,False,1.376865277542961,False,-1.6439329422737372,False,False
3,1574861432230227712,2.3021385446531863,7.040553970285275,0.9801980198019802,1.430866208749378,False,1.30020630457711,False,-1.2146792832529563,False,False
4,1574861432296948736,2.2826271412335433,7.044970124363346,0.9591836734693877,1.265407561153771,False,1.5114281902194875,False,-1.382261140557338,False,False
5,1574861432363724288,2.3532681025707625,7.0386642928286935,0.9387755102040817,1.5045674821287578,False,1.2810565289170677,False,-1.9541261452906968,False,False
6,1574861432430619392,2.290467323753725,7.040808230127336,1.0,1.356396495481335,False,1.2483908151282963,False,-0.9907585347431679,False,False
7,1574861432497348352,2.352440905861075,7.040713334153059,0.9903846153846154,1.5641029539119244,False,1.2198329066948725,False,-0.5305678181906118,False,False
8,1574861432564100352,2.3481705438648373,7.040813640989363,0.9468085106382979,1.6880382925866522,False,1.2058588258278025,False,-1.1790191699430252,False,False
9,1574861432630814976,2.3166673653384473,7.036556321538983,0.968421052631579,1.6164850339168682,False,0.9407207842203618,False,-1.1515518896753996,False,False
10,1574861432697613312,2.317775521366816,7.037999968674962,0.9912280701754386,1.571966396014417,False,0.8417148442429755,False,-0.6243366218334685,False,False
11,1574861432764467456,2.274264551416081,7.041392479497558,0.9285714285714286,1.3221544775942573,False,0.9758952101069848,False,-1.6508578344941258,False,False
12,1574861432831187200,2.3124643615114353,7.037397020832992,0.9903846153846154,1.3392456656680543,False,0.8301718242714358,False,-0.9926373280162749,False,False
13,1574861432897940992,2.3422143666862434,7.038412589955895,0.989010989010989,1.5007075452260665,False,0.7890798064803907,False,-0.562478203600452,False,False
14,1574861432964755200,2.3405837293980656,7.039524176748428,0.968421052631579,1.6055366743949064,False,0.8269889349593046,False,-0.7199732132355999,False,False
15,1574861433031473664,2.340057382335265,7.040750875959018,0.9901960784313726,1.6762720952425867,False,0.9271033671836854,False,-0.3452174384457138,False,False
16,1574861433098324480,2.2839490130673834,7.042453219289201,0.9607843137254902,1.443834277476072,False,1.0992908881348864,False,-0.7379862645161593,False,False
17,1574861433165118720,2.337575897370204,7.039968711016506,0.9574468085106383,1.5506105991252275,False,1.0708000835122626,False,-1.0872617895369188,False,False
18,1574861433231858944,2.3241394099012362,7.036029529813721,0.9719626168224299,1.5578337453578075,False,0.8145824291041724,False,-1.0084393042125497,False,False
19,1574861433298595328,2.3423449461510746,7.041744623442153,0.9803921568627451,1.6543753815700122,False,0.978024292332034,False,-0.7655096582707072,False,False
20,1574861433365348608,2.346848731802494,7.040144369169479,0.9333333333333333,1.7445866965306098,False,0.9964495317679469,False,-1.6436154955887916,False,False
21,1574861433432085248,2.3290706048589307,7.044880548802115,0.9895833333333334,1.7183969762907978,False,1.2934256615513036,False,-1.0054149083517754,False,False
22,1574861433498981120,2.32952578499558,7.0404447777771315,0.98989898989899,1.7023515176704307,False,1.2352491512322745,False,-0.551643775213131,False,False
23,1574861433565722624,2.3255681076375057,7.034318616142815,0.9813084112149533,1.6712317996157005,False,0.8270753047207122,False,-0.42534475468689137,False,False
24,1574861433632472576,2.3236844077946777,7.042450613281047,1.0,1.6399821347804053,False,1.0291149347167687,False,0.0793884386795066,False,False
25,1574861433699236864,2.372977527141658,7.037921151896051,0.9761904761904762,1.8658123722784812,False,0.8988632791218978,False,-0.09761564802103694,False,False
26,1574861433765937920,2.320292618631254,7.041493176426695,0.9696969696969697,1.759144308059772,False,1.0219389675248387,False,-0.3661505056360491,False,False
27,1574861433832841984,2.350473978955251,7.036949697582534,0.9495798319327731,1.8361423325774378,False,0.8355717784878828,False,-1.0022005042821072,False,False
28,1574861433899606784,2.3623709754524347,7.038046946176389,0.9894736842105263,1.9498250654677558,False,0.770928274648571,False,-0.5588666652623637,False,False
29,1574861433966352384,2.35515208310154,7.036749552561618,0.9662921348314607,1.9931270078427814,False,0.6478594933687073,False,-0.7648632198377529,False,False
30,1574861434033090816,2.384245092140612,7.036814914885738,1.0,2.169634915489304,False,0.5656318119030075,False,-0.15827448692610058,False,False
31,1574861434099890944,2.372914144669769,7.0410509787229945,1.0,2.2362508127521634,False,0.7621536973959242,False,0.26633762611204614,False,False
32,1574861434166734336,2.360768005115029,7.036596603391924,1.0,2.221845845468717,False,0.6325433203362929,False,0.5635661052387538,False,False
33,1574861434233479168,2.3520215120127386,7.038619674909045,1.0,2.1678099845930316,False,0.6631609144951242,False,0.7716260406274541,False,False
34,1574861434300205824,2.347751075020189,7.039166871548016,1.0,2.108525322886131,False,0.7174143629994741,False,0.917267995399546,False,False
35,1574861434366973952,2.3834416611481157,7.0365417539261745,1.0,2.246376379915005,False,0.5979358874183446,False,1.0192173637399988,False,False
36,1574861434433736192,2.3490610575421162,7.039812570010625,1.0,2.1701046498889824,False,0.7104861660977558,False,1.0905819215783255,False,False
37,1574861434500599040,2.414909303467879,7.03834507711482,1.0,2.447611330018027,False,0.701250391228565,False,1.1405371120651444,False,False
38,1574861434567347712,2.381118483059343,7.041421944252943,1.0,2.4720622814183217,False,0.8793374040043869,False,1.1755057454059192,False,False
39,1574861434634109184,2.3592601289418447,7.034152003586728,1.0,2.379336579243783,False,0.5679435758435065,False,1.1999837887444682,False,False
40,1574861434700825088,2.36975996271205,7.038441183065216,1.0,2.3671917601232004,False,0.6072350618142733,False,1.217118419081451,False,False
41,1574861434767597312,2.3887291687832297,7.03583826474006,1.0,2.4540133710983465,False,0.47861473756071304,False,1.2291126603173306,False,False
42,1574861434834472192,2.399106293033648,7.039271273118663,1.0,2.566935038225351,False,0.5944940984293523,False,1.237508629182448,False,False
43,1574861434901228544,2.4075796967623013,7.041177596540075,1.0,2.688560275675169,False,0.7899518990040162,False,1.2433858073880384,False,False
44,1574861434967944960,2.384189652761799,7.038706906020193,1.0,2.6561596121327176,False,0.7785790859562942,False,1.2474998321319517,False,False
45,1574861435034734848,2.4006932888120542,7.0353941527830735,1.0,2.7164122886179434,False,0.5719174934992516,False,1.250379649452696,False,False
46,1574861435101487360,2.376966790853617,7.032969560389846,1.0,2.6393601029490976,False,0.2818260944018959,False,1.252395521577217,False,False
47,1574861435168241152,2.4455459697055493,7.035896877588405,1.0,2.9300437942259876,False,0.25434408881386783,False,1.253806632064375,False,False
48,1574861435235103488,2.4819804500766076,7.04132183252241,1.0,3.3166108737335183,False,0.5604982398212093,False,1.2547944094053922,False,False
49,1574861435301812480,2.4484627651234026,7.038461611717702,1.0,3.41877664958222,False,0.6032486475604983,False,1.2554858535440927,False,False
50,1574861435368597760,2.4976925630857143,7.038393331316138,1.0,3.737679496508602,False,0.6290784397792817,False,1.2559698644411947,False,False
51,1574861435435357952,2.4381846582935114,7.039018413217002,1.0,3.6618757228367746,False,0.6846520245297675,False,1.2563086720691545,False,False
52,1574861435502098176,2.4211665055040408,7.036656177065059,1.0,3.523294419805811,False,0.5818654085312013,False,1.2565458374087328,False,False
53,1574861435568972032,2.416072969297663,7.039111997664103,1.0,3.4006917568491533,False,0.6572161453703814,False,1.2567118531464427,False,False
54,1574861435635723008,2.4672381021730927,7.0370791059115865,1.0,3.57198203245143,False,0.5880277803459065,False,1.2568280641628347,False,False
55,1574861435702481408,2.4155030304093636,7.035424261466295,1.0,3.4319090609479517,False,0.44033751369860286,False,1.2569094118743025,False,False
56,1574861435769249024,2.3877516533382392,7.033814145196175,1.0,3.194403326199878,False,0.24037873460113118,False,1.25696635527233,False,False
57,1574861435835963392,2.399023206471262,7.038333196044883,1.0,3.084790484889749,False,0.3714625565659902,False,1.2570062156509574,False,False
58,1574861435902844160,2.419706147200745,7.0365091465199825,1.0,3.111996243071089,False,0.3538138141143916,False,1.2570341179159967,False,False
59,1574861435969607168,2.338031053040639,7.0399948157007515,1.0,2.720611197643007,False,0.550531903930292,False,1.2570536495015223,False,False
60,1574861436036351488,2.3487880494614743,7.034997481839008,0.9775280898876404,2.5006971174912147,False,0.3884919411937047,False,0.7565431075351085,False,False
61,1574861436103102208,2.352860535161491,7.0325123664335525,0.9818181818181818,2.3672220868094076,False,0.1260054818581284,False,0.5017403508459115,False,False
62,1574861436169824768,2.400455794476738,7.036031958360012,0.9509803921568627,2.5129625777540525,False,0.15337187338751843,False,-0.36348176815314526,False,False
63,1574861436236731648,2.508750434183534,7.031109467035206,0.9555555555555556,3.159177036332196,False,-0.12272518473517283,False,-0.8672331385866338,False,False
64,1574861436303495168,2.4367559342740734,7.038276303476185,1.0,3.24974445736034,False,0.11387736783639543,False,-0.22993343005032382,False,False
65,1574861436370222848,2.3524330781758573,7.033492148587991,1.0,2.889407191985007,False,-0.007456887760229962,False,0.2161763659250915,False,False
66,1574861436436983296,2.3479171894072497,7.0333267800239785,0.9873417721518988,2.6144781167084172,False,-0.10230975721853615,False,0.24651236834340357,False,False
67,1574861436503723264,2.36243426143784,7.03467779113728,0.9753086419753086,2.494978135523546,False,-0.08767243242678452,False,-0.0002702795547054509,False,False
68,1574861436570611200,2.3709827989245023,7.035467293563706,0.9629629629629629,2.454285777077762,False,-0.030071548162618793,False,-0.4479974852610968,False,False
69,1574861436637347584,2.3939532660029657,7.034103213647773,0.9506172839506173,2.5412310216413365,False,-0.07156913601604559,False,-1.036385881433285,False,False
70,1574861436704111872,2.4061311922463493,7.036380778641911,1.0,2.663288520878085,False,0.03599205871967282,False,-0.3483403500429845,False,False
71,1574861436770821888,2.4227574881634446,7.033574810433639,1.0,2.8322782947527645,False,-0.057018504615704915,False,0.13329152193024058,False,False
72,1574861436837615104,2.384221373006342,7.034412769367063,1.0,2.7569216242706798,False,-0.07186469611615767,False,0.47043383231148495,False,False
73,1574861436904472576,2.381791336623249,7.03314327848906,1.0,2.691960673171104,False,-0.1584017384219446,False,0.706433449578356,False,False
74,1574861436971233280,2.4119846634483455,7.033042195480823,1.0,2.7982138102585004,False,-0.2250406782591899,False,0.8716331816651757,False,False
75,1574861437037951744,2.4986740463963457,7.0331205634729095,1.0,3.3082176035524045,False,-0.2669873841389151,False,0.9872729941259378,False,False
76,1574861437104728576,2.5814136487783665,7.036338008964002,1.0,4.080998641684583,False,-0.10336606199100938,False,1.0682208628484828,False,False
77,1574861437171454720,2.512454682213017,7.02443476994023,1.0,4.275416659337117,False,-0.7027934645870314,False,1.1248843709542529,False,False
78,1574861437238244352,2.6439929000187186,7.031738738199863,1.0,5.0725077041810644,False,-0.6842969169480162,False,1.1645488266283035,False,False
79,1574861437305102592,2.4840344934374836,7.0329786181016605,1.0,4.826657473537438,False,-0.5969807067515995,False,1.1923139456001357,False,False
80,1574861437371853056,2.6295629834763483,7.028950986041758,1.0,5.385863871455794,False,-0.7774387781635801,False,1.2117495288804163,False,False
81,1574861437438632448,2.6719935866492364,7.03161611795521,1.0,5.99052822369492,False,-0.7439034610643294,False,1.2253544371766196,False,False
82,1574861437505366016,2.6484413742298956,7.031445773857413,1.0,6.295440020914003,False,-0.7306460646813184,False,1.2348778729839536,False,False
83,1574861437572099328,2.7573928784686252,7.036365663697642,1.0,7.05637523247861,False,-0.42626839338760164,False,1.2415442780490973,False,False
84,1574861437638974208,2.6810251499426005,7.037027622960014,1.0,7.205271078832487,False,-0.17349937039335347,False,1.2462107615946962,False,False
85,1574861437705720832,2.785741881709901,7.03327200317021,1.0,7.8357147850373385,False,-0.2218250385985483,False,1.2494773000766088,False,False
86,1574861437772479744,2.7935821252859765,7.035551390113378,1.0,8.316423729157364,False,-0.1189342186801959,False,1.2517638770139443,False,False
87,1574861437839228160,2.7726536345396533,7.0372126183176125,1.0,8.547751318848979,False,0.052730667499862875,False,1.2533644808700777,False,False
88,1574861437905945600,2.790875108539524,7.033150118289051,1.0,8.80124615496498,False,-0.07077472921004029,False,1.2544849035693708,False,False
89,1574861437972854784,2.6996103291761324,7.039934314164297,1.0,8.520073918929615,False,0.24969101068831812,False,1.2552691994588778,False,False
90,1574861438039616512,2.755750494248751,7.036512311977919,1.0,8.605365744549218,False,0.2687635977762692,False,1.255818206581531,False,False
91,1574861438106324736,2.816319027080885,7.040836859717711,1.0,8.969435597203027,False,0.5415029807150713,False,1.2562025115673965,False,False
92,1574861438173136128,3.0842354077046013,7.038550775968223,1.0,10.570602777705835,False,0.5953000832622892,False,1.2564715250574974,False,False
93,1574861438239849472,3.309642494852403,7.033900337017881,1.0,12.824122783934563,False,0.3540223625804501,False,1.2566598345005646,False,False
94,1574861438306733824,3.405406724413135,7.038689472210157,1.0,14.882815792944008,False,0.47238272167070167,False,1.2567916511107184,False,False
95,1574861438373471744,3.247458866824891,7.0425203295691094,0.9655172413793104,15.530190234607492,False,0.7850117449826343,False,0.48883814596560554,False,False
96,1574861438440233472,3.7418905189755147,7.042529681857054,1.0,18.467942392926755,False,1.0044130162864202,False,0.7193164691362487,False,False
97,1574861438506948864,3.8764404869904467,7.041044332272557,1.0,21.200501813506097,False,1.0689018829882129,False,0.8806512953556955,False,False
98,1574861438573723648,4.526698580726239,7.041440811014743,1.0,26.380933701672912,False,1.1378250862006458,False,0.9935856737093117,False,False
99,1574861438640607744,4.874528959114542,7.041206426955927,0.8775510204081632,31.755133620920635,False,1.1720128534436134,False,-1.6547064891649206,False,False
100,1574861438707349504,5.1673710981262255,7.106271995428372,0.5,36.9886473631119,False,5.098610165990244,False,-11.917828538652293,True,True
101,1574861438774100992,3.5593259244560898,7.145023684208152,0.3246753246753247,32.571449080357766,False,10.171574278645023,False,-23.007077890258703,True,True
102,1574861438840859904,3.1305249290416857,7.140150253257023,0.47,27.324623707500507,False,13.4303382914649,False,-27.532688345209774,True,True
103,1574861438907597056,2.2758555519944026,7.0472271892366685,0.5289855072463768,19.35700960199769,False,10.137900479605747,False,-29.38681214146646,True,True
104,1574861438974355456,2.2414711348384806,7.040563239935615,1.0,13.60689309456351,False,7.43348694436092,False,-20.193638732066194,True,True
105,1574861439041222400,2.2800230271958677,7.032345352892982,1.0,9.775540334250886,False,5.047484427004068,False,-13.758417345486013,True,True
106,1574861439107974144,2.2784280124509233,7.0407650851158206,0.9540229885057471,7.085578223905192,False,3.8823024840640756,False,-10.277823410576183,True,True
107,1574861439174731008,2.2979038636246276,7.032640234079707,0.9508196721311475,5.300473695413804,False,2.5793424282900994,False,-7.9127561709214245,True,True
108,1574861439241467136,2.268795038822006,7.033071385102865,0.9318181818181818,3.904624501002958,False,1.6931310468087257,False,-6.68043552039338,True,True
109,1574861439308232704,2.2900519249626754,7.036936835034195,0.9651162790697675,3.034348970119746,False,1.3046347317982345,False,-5.0761516389334504,True,True
110,1574861439375115776,2.2740231127415353,7.032369065804005,0.975609756097561,2.34460901545941,False,0.7587101906686996,False,-3.7194282711807647,True,True
111,1574861439441851648,2.2864303354464557,7.0324708119783885,1.0,1.9241391228840872,False,0.3826657991441036,False,-2.226470022866212,True,True
112,1574861439508596992,2.3057163576725395,7.032940229068845,0.9320388349514563,1.726725229111998,False,0.14759060080819486,False,-2.695120537247584,True,True
113,1574861439575347456,2.2431808165476075,7.0311818963228605,0.9893617021276596,1.2742854296308197,False,-0.12242773004496758,False,-1.746404901946959,True,True
114,1574861439642073088,2.278693269346345,7.034423886265943,0.9545454545454546,1.1360327446597618,False,-0.11698435667007927,False,-1.857777642875021,True,True
115,1574861439708979200,2.282076959315347,7.02643036173377,0.9537037037037037,1.0562593931496425,False,-0.5926296605525212,False,-1.954487153718597,True,True
116,1574861439775732736,2.294278662960812,7.030099400242119,1.0,1.0617333599945373,False,-0.705510578247429,False,-0.991011240642699,True,True
117,1574861439842473728,2.31390479743923,7.023470166373697,0.9882352941176471,1.1641892807224388,False,-1.1821520382792974,False,-0.5786172488589171,True,True
118,1574861439909230080,2.270429451441434,7.031325700944734,0.9904761904761905,1.017438568822412,False,-1.0446221030779186,False,-0.2400292360637247,True,True
119,1574861439975960832,2.2923750509863394,7.031550964491878,0.9393939393939394,1.024992859447729,False,-0.9348397263581874,False,-1.1407893362475803,True,True
120,1574861440042847744,2.307572575267291,7.028249857430348,1.0,1.1066506046606746,False,-1.055994142445386,False,-0.42142276841297643,False,False
121,1574861440109615360,2.2832525821542156,7.033962546586232,0.9659090909090909,1.0415995687272184,False,-0.7981522338785656,False,-0.67718415478311,False,False
122,1574861440176359680,2.24726515465659,7.029177278362729,0.9894736842105263,0.8152218528429087,False,-0.9046857186966012,False,-0.33135522061305667,False,False
123,1574861440243106048,2.2639270585499656,7.032304928367909,0.9587628865979382,0.740485911326727,False,-0.7916611207013219,False,-0.773306620516008,False,False
124,1574861440309848064,2.2771813399420426,7.026315527964632,0.9655172413793104,0.7547754194872694,False,-1.0717911832275222,False,-0.9322306441730971,False,False
125,1574861440376750848,2.265790997851438,7.026982351088046,0.9411764705882353,0.7075399706169689,False,-1.227885837049019,False,-1.58562742080757,False,False
126,1574861440443474176,2.281107333269332,7.0287403672713795,0.9345794392523364,0.7514419412066047,False,-1.231705390294876,False,-2.1899430040980676,False,False
127,1574861440510225408,2.2744742848516113,7.02874892092983,0.9711538461538461,0.7488412998586581,False,-1.2338660247846291,False,-1.7983301684004682,False,False
128,1574861440576966400,2.284024194254137,7.023453281250782,1.0,0.7950105169662832,False,-1.5530136291118508,False,-0.8817013509200047,False,False
129,1574861440643716608,2.299605602303332,7.026913095439529,0.967032967032967,0.9056277817754227,False,-1.5688955381748193,False,-0.9743467015318462,False,False
130,1574861440710605824,2.281067920733915,7.025764638001814,0.9368421052631579,0.8899053553676766,False,-1.6488979354940696,False,-1.711649399463195,False,False
131,1574861440777349376,2.299008149464256,7.029364412556861,0.9541284403669725,0.9690518823497843,False,-1.4889833057268467,False,-1.8427370845168622,False,False
132,1574861440844098560,2.290510814675664,7.028096841261686,0.9711538461538461,0.9817541237638067,False,-1.4530726355912513,False,-1.5552860246936295,False,False
133,1574861440910823424,2.3054273755027994,7.031481585993937,0.9724770642201835,1.065603552828937,False,-1.224916456695106,False,-1.324597813436995,False,False
134,1574861440977612032,2.299589799571722,7.026660409529045,0.989247311827957,1.094963495883768,False,-1.354383746856215,False,-0.7895868478906719,False,False
135,1574861441044363008,2.2673542931350084,7.029349942403583,0.9494949494949495,0.9535274073732712,False,-1.2836913008300994,False,-1.300496558199222,False,False
136,1574861441111223552,2.283933252438966,7.03618189231678,0.9401709401709402,0.9378337965466312,False,-0.8244227595427437,False,-1.865810068948022,False,False
137,1574861441177971712,2.2713753784649717,7.030077472893595,0.9439252336448598,0.8637431490214533,False,-0.8690809610526645,False,-2.177908918297364,False,False
138,1574861441244724480,2.295905331756812,7.035497808508599,0.9385964912280702,0.9351462333835303,False,-0.5752272162927888,False,-2.5150669379948543,False,False
139,1574861441311472128,2.2642713161341512,7.03216094166509,0.970873786407767,0.8261629214987946,False,-0.5696765646547012,False,-2.0321547845796006,False,False
140,1574861441378224896,2.277822609094324,7.031415255209664,0.98989898989899,0.8179717961799204,False,-0.6105177612018046,False,-1.2703616885726072,False,False
141,1574861441445130752,2.296985677201122,7.037981986383636,0.9306930693069307,0.908535177382538,False,-0.24523072452834188,False,-2.055819382216346,False,False
142,1574861441511841792,2.2765165182513085,7.032373850125438,0.9595959595959596,0.8690690812664259,False,-0.32590866272790797,False,-1.9618762258999858,False,False
143,1574861441578597888,2.2588691130588123,7.0306313476001705,0.9797979797979798,0.7527620688427963,False,-0.4868994067991388,False,-1.446149803824097,False,False
144,1574861441645348864,2.237426339396361,7.031228469298902,0.90625,0.5635941434527066,False,-0.5637772645899675,False,-2.7232995513160128,False,False
145,1574861441712103936,2.313924699608958,7.034607791248018,0.9537037037037037,0.8155918404038602,False,-0.41489831653185033,False,-2.56035248962729,False,False
146,1574861441778973440,2.262917864900972,7.0320621475647105,1.0,0.735673559619697,False,-0.46337205518853586,False,-1.4151169757787763,False,False
147,1574861441845725952,2.272891246914277,7.029027186466893,0.9888888888888889,0.7298484397989908,False,-0.6793421818305846,False,-0.8609335330447583,False,False
148,1574861441912441088,2.297306270754844,7.029716096248089,0.98989898989899,0.8484598565584427,False,-0.7892001115709918,False,-0.4505068124982231,False,False
149,1574861441979232512,2.2717474643015203,7.027204343932256,0.96,0.803051175787434,False,-1.0167568432354799,False,-0.8291581028442103,False,False
150,1574861442045972480,2.2895688675159254,7.029534895659845,0.9433962264150944,0.8608202094351205,False,-1.0362588779572877,False,-1.4640352933171048,False,False
151,1574861442112848128,2.3287304698320273,7.029822435611289,0.9405940594059405,1.0980512079726361,False,-1.0326635097933061,False,-1.9708629102266557,False,False
152,1574861442179617536,2.2617740832280178,7.032107620725567,0.9875,0.9276474497718045,False,-0.8930801871652781,False,-1.2808908642782675,False,False
153,1574861442246373888,2.2858011655894948,7.02806422489475,0.9454545454545454,0.9291043580269239,False,-1.0378967988687458,False,-1.7344026122014242,False,False
154,1574861442313098496,2.2782499728514605,7.033565650720449,0.9705882352941176,0.8921783659958172,False,-0.8092901091814505,False,-1.4920499300040364,False,False
155,1574861442379848192,2.2679204384285434,7.024466894261295,0.9611650485436893,0.8144227778464143,False,-1.1950134645111876,False,-1.5322887773005334,False,False
156,1574861442446738432,2.2967877980228373,7.024524029331467,0.98989898989899,0.9050564932640666,False,-1.461592822686605,False,-0.9204554834772656,False,False
157,1574861442513473536,2.286715552121554,7.029734696019506,0.9469026548672567,0.9178856120949355,False,-1.3356599364246777,False,-1.4498436303973552,False,False
158,1574861442580227328,2.286070410493677,7.03182192576334,0.9906542056074766,0.923624065958409,False,-1.1223138148852392,False,-0.8459227138168389,False,False
159,1574861442646979840,2.2796747789714713,7.0240934475973145,0.9734513274336283,0.895502016893591,False,-1.4365295792648243,False,-0.8063434121732652,False,False
160,1574861442713732352,2.2934910735451344,7.0276792353899555,0.9732142857142857,0.9452454467089214,False,-1.441403239559641,False,-0.7839176088750964,False,False
161,1574861442780466432,2.2728161064836647,7.029287813493218,0.9626168224299065,0.8761711693079586,False,-1.348331469351898,False,-1.004260317248291,False,False
162,1574861442847348224,2.27679356145619,7.028533756066151,0.9243697478991597,0.8478064575003107,False,-1.3284099780350644,False,-2.0103898310592707,False,False
163,1574861442914100736,2.2523508675948265,7.025306370075173,0.968421052631579,0.7051231127732774,False,-1.508045186613693,False,-1.7335113524567778,False,False
164,1574861442980845824,2.2847960429025758,7.02724045540055,0.963302752293578,0.7682864362972505,False,-1.5177824115383922,False,-1.653697997241778,False,False
165,1574861443047620352,2.3004368940027353,7.0246348800963645,0.9479166666666666,0.8910982854645644,False,-1.6808822003718595,False,-1.9405279731086353,False,False
166,1574861443114349312,2.2922918203207643,7.0345395401796935,0.944,0.9361364150513557,False,-1.2009655053553623,False,-2.228546155693813,False,False
167,1574861443181269760,2.258481253561905,7.0287460376577835,0.9894736842105263,0.797760152826245,False,-1.2125210454501074,False,-1.4173086212505455,False,False
168,1574861443247967488,2.270164438017748,7.029274392061319,0.9801980198019802,0.7596064487868934,False,-1.1889189577837154,False,-1.0560422585367277,False,False
169,1574861443314759936,2.2994949613786213,7.031243476079676,0.989247311827957,0.88028894751588,False,-1.054290835939045,False,-0.6015979594604882,False,False
170,1574861443381483520,2.2803673494072005,7.031261818903346,0.9705882352941176,0.8686476998718737,False,-0.9589509387589328,False,-0.699086673085382,False,False
171,1574861443448233216,2.317767590929759,7.027252208341105,0.96875,1.0484404105979457,False,-1.1327114906907048,False,-0.8082723893992636,False,False
172,1574861443515098112,2.276955876202418,7.030065101448034,0.9439252336448598,0.9692105813104197,False,-1.0856251184504715,False,-1.437632542613234,False,False
173,1574861443581849344,2.3045370998150694,7.024989391466203,0.989010989010989,1.05234930994305,False,-1.357108323018365,False,-0.8739748538183298,False,False
174,1574861443648627712,2.3029539004821635,7.030952251391183,1.0,1.1025906160011458,False,-1.1894911964742032,False,-0.2346526307125094,False,False
175,1574861443715370752,2.298944741680328,7.0267084475899715,0.9393939393939394,1.1176129315740397,False,-1.3267047173853697,False,-1.1370257125017245,False,False
176,1574861443782101760,2.2836523069040675,7.029813465594796,0.9519230769230769,1.0512818718323973,False,-1.2365136235424274,False,-1.4896212859444597,False,False
177,1574861443848967680,2.273955947294661,7.030539545059511,0.9895833333333334,0.956124530643211,False,-1.129829242429268,False,-0.8976189616007423,False,False
178,1574861443915738624,2.30368219849982,7.03252654908865,0.9519230769230769,1.038893072608737,False,-0.9359686638150876,False,-1.3220365603137738,False,False
179,1574861443982480128,2.2906771413956406,7.031189733191109,0.9504950495049505,1.0314787725963661,False,-0.8804491559396773,False,-1.6509358018134888,False,False
180,1574861444049230336,2.2992217563778388,7.032758293548753,0.9894736842105263,1.069226679823151,False,-0.7475024527392545,False,-1.0129813735343267,False,False
181,1574861444115990272,2.2916705266115502,7.02942769271001,0.978494623655914,1.057704200999911,False,-0.8542108920414684,False,-0.8109534854039144,False,False
182,1574861444182849024,2.3135566990194967,7.028018319207004,0.9719626168224299,1.1596196248824209,False,-1.0134417387708696,False,-0.8150234913194507,False,False
183,1574861444249616384,2.272222299972158,7.02782756347934,0.9893617021276596,1.0232491310424137,False,-1.1363449570044675,False,-0.43033696979726815,False,False
184,1574861444316379392,2.2906692538136193,7.034249249506641,0.963302752293578,1.020488377267679,False,-0.837201217147886,False,-0.7414759293801311,False,False
185,1574861444383091456,2.2877761685079228,7.028898253830308,0.96,1.004017680536425,False,-0.9487560402920688,False,-1.0328364846615368,False,False
186,1574861444449847808,2.2500355215456946,7.0298244845189295,0.9797979797979798,0.8028360225333702,False,-0.9712886289057497,False,-0.7958219849571803,False,False
187,1574861444516724736,2.2732949836378777,7.033354721156984,0.967741935483871,0.7788909988485664,False,-0.7753160526579574,False,-0.8984400588450107,False,False
188,1574861444583479296,2.2854293009826674,7.032136898290101,0.9333333333333333,0.8231061693340684,False,-0.7111808839654866,False,-1.7366667759908023,False,False
189,1574861444650232576,2.3115538952596384,7.031968478993664,0.9626168224299065,0.9853366262337414,False,-0.6763881409031356,False,-1.6711847342292874,False,False
190,1574861444716956672,2.275345062328444,7.033989164022103,0.9895833333333334,0.9169433612365879,False,-0.5308315054634256,False,-1.0247133754001225,False,False
191,1574861444783735040,2.2881917783474903,7.033159179141811,0.967741935483871,0.9336246684373001,False,-0.478724775729291,False,-1.0586640321550684,False,False
192,1574861444850485504,2.24276927362896,7.031990651124401,0.9473684210526315,0.7170469748975018,False,-0.5123389694645197,False,-1.5362154516742452,False,False
193,1574861444917383424,2.2737580691814867,7.03346134875574,1.0,0.7211657368561016,False,-0.44765571346744465,False,-0.6982210492116468,False,False
194,1574861444984105472,2.269424315346653,7.032577798169333,0.9689922480620154,0.7022711349088443,False,-0.4553732476279334,False,-0.8022707822597488,False,False
195,1574861445050847488,2.289580845545279,7.032272564792327,0.978494623655914,0.7903343721375747,False,-0.47908357466991375,False,-0.6634560715117107,False,False
196,1574861445117591552,2.3037731358039344,7.03423078141647,0.96875,0.9232969346659555,False,-0.3782259749510013,False,-0.7833309682977044,False,False
197,1574861445184356608,2.2909304342021253,7.030073369966473,0.925,0.9518343087601658,False,-0.5569893074930921,False,-1.8417014753276502,False,False
198,1574861445251201024,2.2969343653605496,7.031976987483702,0.9807692307692307,1.001981086821794,False,-0.5679436938145944,False,-1.340394487430467,False,False
199,1574861445317973248,2.29259276542035,7.033239644611406,0.9595959595959596,1.0152666683405458,False,-0.4998769478011396,False,-1.4610787995498689,False,False
200,1574861445384733184,2.320957538938691,7.03700326463809,0.9595959595959596,1.1671036353262274,False,-0.2264863830153389,False,-1.5455578180334493,False,False
201,1574861445451479552,2.286640338417602,7.0295923754515695,0.9753086419753086,1.100940651875897,False,-0.4796218886736339,False,-1.2547194100185017,False,False
202,1574861445518223360,2.2851443693186155,7.03805321203852,0.9711538461538461,1.0471091039270475,False,-0.14933146276843826,False,-1.1436736525447755,False,False
203,1574861445585124864,2.2798923956972548,7.030059939785216,1.0,0.9830350987670149,False,-0.39756869806495926,False,-0.4234417898210188,False,False
204,1574861445651855360,2.2720244982963274,7.035097165328171,0.9519230769230769,0.8986459809375796,False,-0.26919941384543716,False,-0.990112540067964,False,False
205,1574861445718572032,2.3305626703435025,7.036342501941782,0.9537037037037037,1.1337363186863318,False,-0.10464499169390684,False,-1.3471215817536588,False,False
206,1574861445785347584,2.2804820367651173,7.037081937128093,0.9333333333333333,1.0466371801330623,False,0.054894802206216474,False,-2.0507438420268587,False,False
207,1574861445852098560,2.253162048864066,7.0311222450073565,0.9789473684210527,0.8483809209743747,False,-0.1908927052963697,False,-1.527303080908885,False,False
208,1574861445918987776,2.2743556472650304,7.0327223742746305,0.9727272727272728,0.81610241478796,False,-0.266967393611915,False,-1.2994367767593793,False,False
209,1574861445985756672,2.2737895817921308,7.02856484707261,0.98,0.7906629001729042,False,-0.5695902706432641,False,-0.9779425272991314,False,False
210,1574861446052466432,2.252425956994114,7.030281498211677,0.954954954954955,0.6654999576578488,False,-0.6784606765206224,False,-1.3107330438785454,False,False
211,1574861446119227136,2.302510728855825,7.035768420545384,0.9523809523809523,0.8295690683426555,False,-0.42556156957829644,False,-1.6010180078686749,False,False
212,1574861446185977344,2.265585327702922,7.031630350316789,0.9789473684210527,0.7588620027865773,False,-0.49673575077140986,False,-1.2124949969981555,False,False
213,1574861446252856576,2.272732825820548,7.026766344671191,0.9900990099009901,0.7452842612716003,False,-0.8383032090276561,False,-0.6921447262492236,False,False
214,1574861446319624192,2.259640885019293,7.027238927265678,0.9726027397260274,0.66999095976916,False,-1.0490546855347427,False,-0.7175996928222035,False,False
215,1574861446386352896,2.2440554532488073,7.030737857446881,0.9340659340659341,0.5389666161063772,False,-0.9867131080099096,False,-1.593761063711549,False,False
216,1574861446453102336,2.2336585773225126,7.028550298003493,0.9736842105263158,0.39500378109054224,False,-1.0742849312841922,False,-1.3246431757007648,False,False
217,1574861446519822336,2.2519271552088713,7.030403824094435,0.9426229508196722,0.38603202370473017,False,-1.0244097703324155,False,-1.8280982649217001,False,False
218,1574861446586737664,2.3065316929511486,7.02730610336822,0.98989898989899,0.654147436538179,False,-1.1753000216661775,False,-1.127522124812079,False,False
219,1574861446653484544,2.272372804099345,7.031756714311703,0.9655172413793104,0.6701749040519581,False,-1.013973290576096,False,-1.1801814971803453,False,False
220,1574861446720227840,2.227690420704859,7.033723905325264,0.9615384615384616,0.4568587386611312,False,-0.783051461725288,False,-1.3056637243887834,False,False
221,1574861446786972160,2.266024653136833,7.030375653039303,0.972972972972973,0.5001724453991304,False,-0.822236055849992,False,-1.1388166651495124,False,False
222,1574861446853733376,2.2501542799909933,7.031242724806235,0.989247311827957,0.4507411361778166,False,-0.7976578663484262,False,-0.6595400440894335,False,False
223,1574861446920488192,2.2398603472790013,7.026394535886233,0.9897959183673469,0.36441072970484073,False,-1.0712499698762046,False,-0.31182711621242204,False,False
224,1574861446987357440,2.28327626125286,7.034220980443444,0.9545454545454546,0.5221506471289862,False,-0.793330318940072,False,-0.8535731928608435,False,False
225,1574861447054107648,2.2285175270994393,7.0254369126809975,0.9669421487603306,0.3573980872147979,False,-1.1256594133837032,False,-0.9566798160222458,False,False
226,1574861447120878336,2.236326032981956,7.026515445238792,0.9661016949152542,0.2813101585840353,False,-1.2935988483656964,False,-1.047574155997434,False,False
227,1574861447187606784,2.2790890393564767,7.030777317918933,0.9767441860465116,0.44293885605786926,False,-1.1555271628168422,False,-0.8741565033168225,False,False
228,1574861447254349056,2.24317292658475,7.026255737695285,0.9578947368421052,0.37559532029662995,False,-1.3300836634602886,False,-1.1726041022622686,False,False
229,1574861447321235456,2.264556270541446,7.028707373387447,0.9795918367346939,0.43590921915217995,False,-1.3052228587147752,False,-0.8982508092435616,False,False
230,1574861447387937792,2.25564751948838,7.028137189925359,0.9425287356321839,0.43336119507198523,False,-1.3220201893228274,False,-1.5317220941305416,False,False
231,1574861447454733056,2.237022639199786,7.026058446618933,0.9380530973451328,0.3379848803566927,False,-1.4584624010741465,False,-2.0748393510085825,False,False
232,1574861447521473024,2.2809214319324416,7.028869227304676,0.9318181818181818,0.49181919711234107,False,-1.3853798948047293,False,-2.5938937464543925,False,False
233,1574861447588227328,2.247807373933799,7.026884762823004,0.968503937007874,0.433100322439555,False,-1.4532513289030253,False,-2.1401179823733236,False,False
234,1574861447655130880,2.2908275778569833,7.025605509225214,0.967032967032967,0.6081798122978628,False,-1.5774916139233477,False,-1.8552383435491677,False,False
235,1574861447721852416,2.244213765701263,7.025889124022548,0.9789473684210527,0.4964943556826788,False,-1.6474484537072644,False,-1.3904492319745008,False,False
236,1574861447788624384,2.282445087028883,7.025529697346211,0.9883720930232558,0.6104324154868932,False,-1.7179768363306451,False,-0.8551768759612978,False,False
237,1574861447855364096,2.2829714065554434,7.026924930673705,0.9611650485436893,0.6928338885467926,False,-1.6836598998652472,False,-1.0864776394706146,False,False
238,1574861447922105600,2.258394184159676,7.0266750192138305,1.0,0.6270108480242664,False,-1.674627860754432,False,-0.38340458066910216,False,False
239,1574861447988978688,2.259474623521673,7.032247434051451,0.9702970297029703,0.5863640825964367,False,-1.334069158472253,False,-0.5528374254405577,False,False
240,1574861448055734784,2.265640725479771,7.029750550549194,0.967391304347826,0.5888968945476468,False,-1.2454424087237814,False,-0.7361605893174432,False,False
241,1574861448122482944,2.2520896165331044,7.029431953023548,0.9426229508196722,0.5225735946073479,False,-1.2025133254589286,False,-1.4161604544533601,False,False
242,1574861448189228544,2.2555288525172785,7.031636045691644,0.9428571428571428,0.493429939321034,False,-1.040260368408719,False,-1.886944124093843,False,False
243,1574861448256000256,2.2659691844361536,7.030798778293201,0.9555555555555556,0.5254935476752123,False,-0.9769030226881038,False,-1.9336567877451205,False,False
244,1574861448322847232,2.265945544746599,7.029050534745187,0.9479166666666666,0.5478192806886192,False,-1.0374134174782512,False,-2.1364991264609667,False,False
245,1574861448389602304,2.260780674830291,7.025327521665308,0.9504950495049505,0.5374930808275763,False,-1.3030789110943535,False,-2.221059598116532,False,False
246,1574861448456318720,2.26906026338819,7.027775652201733,1.0,0.5718708623221541,False,-1.3422046424527048,False,-1.177611951721246,False,False
247,1574861448523097856,2.2916191251450595,7.027413218195319,0.989247311827957,0.7092968289991913,False,-1.391331630365192,False,-0.686696744689651,False,False
248,1574861448589848064,2.262102570159216,7.02807292875049,0.9811320754716981,0.6571700784882001,False,-1.3861507474163919,False,-0.5238094170845942,False,False
249,1574861448656600832,2.2514445259365523,7.030980768087074,0.9636363636363636,0.5671231504873412,False,-1.2081104476355522,False,-0.7994760077768728,False,False
250,1574861448723480064,2.275305423926941,7.026434090257558,0.98,0.6239947395547507,False,-1.3561942854762579,False,-0.6279699890113727,False,False
251,1574861448790239744,2.2995187414121516,7.031306531468708,0.9509803921568627,0.7854802491365203,False,-1.1676014710332627,False,-1.1542790060532442,False,False
252,1574861448856990464,2.2554179252657978,7.029055381238162,0.9583333333333334,0.6769071721243428,False,-1.1706116362070467,False,-1.3589208508767157,False,False
253,1574861448923746560,2.2623004792232493,7.032020014840448,0.9487179487179487,0.635491840141007,False,-0.9948985211819514,False,-1.7163367530838591,False,False
254,1574861448990491648,2.295200706760405,7.0298516619994125,0.975609756097561,0.7718294753808108,False,-1.0019582464325456,False,-1.367557851086054,False,False
255,1574861449057329664,2.245646444115827,7.028442281390179,0.9727272727272728,0.618248534597022,False,-1.0914354195607268,False,-1.1876151158833952,False,False
256,1574861449124109056,2.295980503388898,7.0255598491661715,0.979381443298969,0.7636777515318034,False,-1.3269591909378977,False,-0.9134446806816549,False,False
257,1574861449190857984,2.3089537312939923,7.028998051194833,0.9428571428571428,0.9306705364785212,False,-1.285600725285267,False,-1.5350430824536583,False,False
258,1574861449257610752,2.2871983792538164,7.026144150061969,0.9813084112149533,0.9382417180154361,False,-1.4278282401641669,False,-1.1137242697552645,False,False
259,1574861449324347904,2.278048079255939,7.031843839705973,0.9590163934426229,0.897559973679699,False,-1.1855172180830609,False,-1.3153185139337036,False,False
260,1574861449391222528,2.257218744739106,7.024856308463621,0.9468085106382979,0.7644123557436446,False,-1.4350151789137489,False,-1.728344656963178,False,False
261,1574861449457969664,2.3180209653111783,7.025720789592887,0.9557522123893806,0.9767489123576948,False,-1.5578117338707773,False,-1.818256958683558,False,False
262,1574861449524735744,2.2890110091582048,7.02662723279769,0.9523809523809523,0.9796053066820118,False,-1.5894003980924674,False,-1.956284748232187,False,False
263,1574861449591473408,2.294144130541887,7.031310337160775,0.963963963963964,1.0073994547441405,False,-1.3306174825198633,False,-1.7949119901857862,False,False
264,1574861449658218496,2.280893691144448,7.027804960815548,0.979381443298969,0.9602699977405003,False,-1.3597236968938504,False,-1.338552492693327,False,False
265,1574861449725101824,2.309903715589803,7.025401451512864,0.9659090909090909,1.073058916322487,False,-1.5242617568439958,False,-1.3191749617793596,False,False
266,1574861449791853056,2.3211792148790074,7.023957900936072,0.9711538461538461,1.2086721623448637,False,-1.7260232962877575,False,-1.188792538777376,False,False
267,1574861449858624768,2.3184443497057448,7.031617082148923,0.9883720930232558,1.2898583443564318,False,-1.4078547909220032,False,-0.7140171907233114,False,False
268,1574861449925349376,2.324871670271021,7.024505629009747,0.9797979797979798,1.3789868805255365,False,-1.6116854118254065,False,-0.5726484792004216,False,False
269,1574861449992069376,2.316829638138117,7.028279412466602,1.0,1.4009644895937208,False,-1.5280133961725826,False,-0.02372416847996868,False,False
270,1574861450058937088,2.3468686516405266,7.027626221026458,0.9861111111111112,1.5672991721936758,False,-1.5086217398694117,False,0.05117107782442134,False,False
271,1574861450125734144,2.340607582109726,7.0279044029690025,1.0,1.652270676573417,False,-1.4783620861192188,False,0.41294952143741975,False,False
272,1574861450192487680,2.3203401011332065,7.027667815768078,0.9846153846153847,1.6099037274567085,False,-1.4713709490835691,False,0.323527854637376,False,False
273,1574861450259228416,2.322457534296439,7.0298341069023875,1.0,1.5908872687695812,False,-1.3365419096082154,False,0.6035992652064813,False,False
274,1574861450325978624,2.3164379070740915,7.03059484818408,1.0,1.547326256517847,False,-1.1965319331483266,False,0.7996492526048651,False,False
275,1574861450392816640,2.3226672998419184,7.030498795913498,1.0,1.548137141099356,False,-1.104286213647744,False,0.936884243783727,False,False
276,1574861450459601664,2.34355601052704,7.032091814581167,1.0,1.6536735309791182,False,-0.9441641404403063,False,1.0329487376089304,False,False
277,1574861450526360832,2.3106873457233768,7.028843367300425,1.0,1.5623792435348103,False,-1.0269222085628134,False,1.100193883286576,False,False
278,1574861450593124864,2.315309876600194,7.02978100236812,1.0,1.5217021237444992,False,-1.0286130282066592,False,1.1472654852609214,False,False
279,1574861450659820288,2.3018734823597233,7.027236660240357,1.0,1.4257083294560384,False,-1.182407536291251,False,1.1802156066429632,False,False
280,1574861450726616064,2.288393555814638,7.030949529411252,0.9868421052631579,1.2907741069372307,False,-1.0673639115052296,False,0.9102105925788927,False,False
281,1574861450793447680,2.3185117272662477,7.026102335472018,0.9886363636363636,1.3476682874875816,False,-1.2775705308813048,False,0.7611711871474347,False,False
282,1574861450860238848,2.3031835248411086,7.030713693166184,1.0,1.3104677956585458,False,-1.1481235855933947,False,0.909949597963534,False,False
283,1574861450926984192,2.316671382763055,7.02757551715238,1.0,1.3522058742027225,False,-1.2457401166083957,False,1.014094485534792,False,False
284,1574861450993731072,2.279425421294144,7.027513310114196,0.9864864864864865,1.1942562245299362,False,-1.3178028980944683,False,0.7860049943158315,False,False
285,1574861451060472832,2.3488909979073496,7.030638237430141,1.0,1.4327659670352981,False,-1.1808121160513076,False,0.927333262981406,False,False
286,1574861451127348480,2.352330172522363,7.034113290327313,1.0,1.617005133072103,False,-0.876483129176395,False,1.026263051047304,False,False
287,1574861451194102016,2.3317699756154897,7.028164590733809,1.0,1.6426546075332482,False,-1.0202588642249963,False,1.095513902693431,False,False
288,1574861451260841216,2.330760751516866,7.0303545128485645,1.0,1.6555377436425913,False,-0.989549236987732,False,1.14398949884572,False,False
289,1574861451327611392,2.3410862151969947,7.0286146891874175,1.0,1.7164428765797175,False,-1.072408005621283,False,1.177922416152332,False,False
290,1574861451394348800,2.3264508419667886,7.027097983152198,0.9863013698630136,1.6855316176116253,False,-1.2213819427309633,False,0.8965613825629172,False,False
291,1574861451461237504,2.296257498538498,7.028376132306425,0.9733333333333334,1.5121678500434326,False,-1.248999662642492,False,0.4107673340505087,False,False
292,1574861451527953152,2.3008762156147786,7.028214727396069,0.9770114942528736,1.4140229292710684,False,-1.2780132151601775,False,0.15263638294753884,False,False
293,1574861451594729472,2.2878156831059897,7.032399776379721,0.9514563106796117,1.2796904334681196,False,-1.0473013362577597,False,-0.5972542565489405,False,False
294,1574861451661480960,2.3086847630052794,7.0297262963134415,0.9326923076923077,1.2905278095611044,False,-1.0461597145643495,False,-1.540114488438936,False,False
295,1574861451728225024,2.3191488256493327,7.029611489549595,0.978494623655914,1.350697390182388,False,-1.052246747441061,False,-1.1799466658371318,False,False
296,1574861451795098368,2.327737092698426,7.029608133231859,0.9904761904761905,1.4359733717570333,False,-1.0567089840987152,False,-0.6609598279484717,False,False
297,1574861451861848064,2.286157523064209,7.031778705127787,0.9883720930232558,1.2867232508975899,False,-0.9296405439503609,False,-0.34453429314307915,False,False
298,1574861451928615424,2.2804109284200456,7.031383404472246,0.9887640449438202,1.1533707030362725,False,-0.8644029701317923,False,-0.11430634527796918,False,False
299,1574861451995357184,2.3213611719706493,7.030506986766039,1.0,1.2658047735578386,False,-0.8713046480365058,False,0.29711532526573975,False,False
300,1574861452062097920,2.319584132750159,7.023432329384695,0.978021978021978,1.335578745668957,False,-1.3004773689676405,False,0.09558681274756414,False,False
301,1574861452128938240,2.3386603023736416,7.028508211366487,1.0,1.4802810177158676,False,-1.2964442918384917,False,0.44404053588361225,False,False
302,1574861452195746304,2.364286364463639,7.025565879873547,1.0,1.710347249883085,False,-1.4701036766382796,False,0.6879581420788451,False,False
303,1574861452262480896,2.3359966993286143,7.029110764909237,1.0,1.7292339828888057,False,-1.3790412393831655,False,0.858700466415518,False,False
304,1574861452329241088,2.4124635079600534,7.027162042158784,1.0,2.1267113894911103,False,-1.4321829145824911,False,0.9782200934511841,False,False
305,1574861452395961856,2.3932923945722226,7.027239432300386,1.0,2.3086079764944523,False,-1.464740187184696,False,1.0618838323761552,False,False
306,1574861452462729216,2.3586546383714886,7.03006590915829,1.0,2.2618758887366135,False,-1.3179967591245692,False,1.1204484496236287,False,False
307,1574861452529597696,2.4284684642115484,7.028005408095783,1.0,2.579987926953645,False,-1.3388662607438322,False,1.161443681696868,False,False
308,1574861452596347904,2.3895681147427954,7.025362149436091,1.0,2.6071865117935364,False,-1.5120189100843684,False,1.1901403441481258,False,False
309,1574861452663092224,2.4609928395716913,7.0295566216162655,1.0,2.985145019562266,False,-1.381639190840206,False,1.210228007864008,False,False
310,1574861452729814016,2.426145228700788,7.022602181447123,1.0,3.0746017264888548,False,-1.7075042442625488,False,1.2242893724651336,False,False
311,1574861452796596992,2.3940879875729895,7.025032836105389,1.0,2.9761291814635915,False,-1.7898178795418347,False,1.2341323276859084,False,False
312,1574861452863477504,2.3925484219494866,7.026298066940522,1.0,2.8994618616164165,False,-1.7715482355188443,False,1.241022396340459,False,False
313,1574861452930223104,2.470606142159865,7.0317418212435765,1.0,3.2380459903501904,False,-1.4322403340708714,False,1.2458454443986395,False,False
314,1574861452996973056,2.4725967686520467,7.024446031544192,1.0,3.4850580644277724,False,-1.6323299783121306,False,1.2492215780393774,False,False
315,1574861453063733248,2.4408045716795055,7.029919210453029,1.0,3.498206161346957,False,-1.4441086758348547,False,1.2515848715878906,False,False
316,1574861453130475264,2.4755214951648203,7.027673910120502,1.0,3.6818673548234804,False,-1.4470280195278737,False,1.2532391770718383,False,False
317,1574861453197360384,2.5653296934044465,7.0251974772214565,1.0,4.26172928227133,False,-1.597609264384131,False,1.2543971909106084,False,False
318,1574861453264104192,2.5816868247705504,7.029418398463683,1.0,4.749829565374809,False,-1.4498431338126292,False,1.2552078005977507,False,False
319,1574861453330859776,2.6037945523854016,7.025677130645455,1.0,5.2025942693345755,False,-1.5708099881623891,False,1.2557752273787552,False,False
320,1574861453397598464,2.6835501761404106,7.02241994727188,1.0,5.9203130238526285,False,-1.8508543008646856,False,1.2561724261254534,False,False
321,1574861453464357888,2.598091553012682,7.028447362692955,1.0,5.993274299508339,False,-1.6853578785396717,False,1.2564504652481472,False,False
322,1574861453531224576,2.5700868764937965,7.022275143229795,1.0,5.903619671674581,False,-1.9397232441895247,False,1.2566450926340327,False,False
323,1574861453597980160,2.6713921379697037,7.020772715485804,1.0,6.349934917869388,False,-2.207895380043922,False,1.2567813318041412,False,False
324,1574861453664734976,2.8186383690331263,7.02445516761763,1.0,7.402289044879236,False,-2.1747405241638678,False,1.2568766992232285,False,False
325,1574861453731474432,2.793400134236105,7.0227088521687016,1.0,8.012111179888388,False,-2.256277013478635,False,1.2569434564165813,False,False
326,1574861453798233344,2.591596915848818,7.022232374276388,1.0,7.424896524398231,False,-2.3419319422153713,False,1.2569901864519302,False,False
327,1574861453865109504,2.931555407574362,7.027255980957326,1.0,8.722186502255123,False,-2.1005719096711193,False,1.2570228974766693,False,False
328,1574861453931842560,2.721132345933973,7.022430580337592,1.0,8.572883386659372,False,-2.221049869233744,False,1.25704579519399,False,False
329,1574861453998642688,2.9410301180591762,7.025217634273657,1.0,9.57338908652955,False,-2.1382155289398863,False,1.257061823596121,False,False
330,1574861454065343744,2.93515693101914,7.031154590405931,1.0,10.24422946821188,False,-1.7241298436479706,False,1.2570730434776096,False,False
331,1574861454132102912,3.0015592614124027,7.026696636263005,1.0,11.047498980548813,False,-1.7016602198030812,False,1.2570808973946481,False,False
332,1574861454198973440,2.915051885866854,7.0252222534491535,1.0,11.175075655184315,False,-1.7743657138438056,False,1.2570863951365703,False,False
333,1574861454265733120,2.9955435083886237,7.026637085308824,1.0,11.668861288662889,False,-1.740397225446841,False,1.2570902435559272,False,False
334,1574861454332471552,2.8498289816811773,7.032393566936403,1.0,11.282274811755748,False,-1.3713425890254773,False,1.257092937449469,False,False
335,1574861454399228928,2.9522858570576402,7.028004843204762,1.0,11.526524788813575,False,-1.3762422241249708,False,1.2570948231749515,False,False
336,1574861454465981440,3.100137722888588,7.034360464521824,1.0,12.440476629099482,False,-0.9984585709810303,False,1.257096143182794,False,False
337,1574861454532722176,3.1858021176949265,7.031019470395716,1.0,13.510718802039014,False,-0.9344045399830125,False,1.2570970671882724,False,False
338,1574861454599608320,3.0287327523043643,7.030821306803828,1.0,13.470592207892544,False,-0.9014526712696513,False,1.2570977139921204,False,False
339,1574861454666365696,2.9934420717444645,7.03280166019562,1.0,13.265162854669422,False,-0.7596037599441765,False,1.2570981667548107,False,False
340,1574861454733103360,2.9905133690331263,7.042675177846826,1.0,13.106645155746524,False,-0.0680909137276334,False,1.2570984836886856,False,False
341,1574861454799861248,3.2727487648863063,7.033691424029853,1.0,14.413956157789082,False,-0.1228820425431871,False,1.257098705542408,False,False
342,1574861454866603008,3.2610972467302894,7.039116642349027,1.0,15.270523307404341,False,0.1641715201814605,False,1.2570988608400104,False,False
343,1574861454933496064,3.092823825748776,7.0382307231659595,1.0,15.024522208758464,False,0.3119711310982556,False,1.2570989695483255,False,False
344,1574861455000206592,3.1641692281942024,7.041648463187016,1.0,15.210842331720054,False,0.6204286427383517,False,1.2570990456441526,False,False
345,1574861455066973184,3.122981533789853,7.043450257127841,1.0,15.13429233913224,False,0.9444214174657267,False,1.257099098911235,False,False
346,1574861455133724160,3.4660784338754116,7.0480831929990195,1.0,16.804818533684422,False,1.4491022086534608,False,1.257099136198191,False,False
347,1574861455200487424,4.005200312612495,7.049517154313285,1.0,20.68335172484214,False,1.8883884911219746,False,1.2570991622990584,False,False
348,1574861455267348736,3.5017531479768897,7.0541571846969955,0.9615384615384616,20.86843066469303,False,2.4742002701966923,False,0.40043273724680084,False,False
349,1574861455334122752,3.770314864830442,7.053883318088203,0.8837209302325582,22.34754711345472,False,2.867841857123396,False,-1.9324891223616079,False,False
350,1574861455401848832,4.2472928378346335,7.0546693379140475,1.0,25.779811432799626,False,3.190536836728478,False,-0.9756126186927983,False,False
351,1574861455467568640,4.150230271968073,7.0500665951023,0.9166666666666666,27.69464312532247,False,3.140348468628396,False,-2.1619096933241617,False,False
352,1574861455534371072,4.358710060708533,7.060062142092438,0.9047619047619048,30.082666184820816,False,3.7047546010344137,False,-3.2574763065946324,False,False
353,1574861455601228544,5.4178815778302685,7.059821029248442,1.0,37.07677128999417,False,4.085376822757055,False,-1.9031036476559162,False,False
354,1574861455667939072,6.238985262604845,7.114219937664492,0.8958333333333334,46.09880878463765,False,7.614686560463985,False,-3.2751810703982245,True,True
355,1574861455734709248,3.8449725333451426,7.133486158265576,0.49056603773584906,40.38397730204715,False,11.240801083210911,False,-13.262286476896689,True,True
356,1574861455801442304,4.146980750526117,7.113426467240793,0.5038167938931297,37.901229921940235,False,12.575890783377945,False,-19.958121829582115,True,True
357,1574861455868188416,2.959631433905141,7.105114439796548,0.51,30.19670594437741,False,13.011893941660974,False,-24.507486001680387,True,True
358,1574861455935120896,2.2001842933520606,7.0351417095396656,0.5958549222797928,20.98720822724413,False,9.120096218413966,False,-25.779766118458223,True,True
359,1574861456001849088,2.2017040927953873,7.032663613250964,0.9304347826086956,14.548197035686638,False,6.247200336912458,False,-19.218155387361783,True,True
360,1574861456068606976,2.238099066086806,7.0309960046104045,0.9555555555555556,10.22377916846196,False,4.136149205809824,False,-14.065504672032679,True,True
361,1574861456135358464,2.197338809308141,7.033734813599667,0.9504950495049505,6.991860518190024,False,2.822688569589167,False,-10.571363480016728,True,True
362,1574861456202096896,2.2736826287343006,7.03552127931706,0.9626168224299065,5.113156118081009,False,2.0104192461803607,False,-7.855472427047438,True,True
363,1574861456268978688,2.246216249176121,7.035602400973959,0.9574468085106383,3.660040536735355,False,1.4466964380160203,False,-6.069502103308811,True,True
364,1574861456335723776,2.2260280377974464,7.03354376932543,0.9807692307692307,2.5414109687226287,False,0.9286126994404691,False,-4.299854927017274,True,True
365,1574861456402609920,2.2155283108202353,7.032878387017327,0.9814814814814815,1.7056076353622442,False,0.5260441133255807,False,-3.0452377102183306,True,True
366,1574861456469243904,2.235744351954958,7.037894948018452,0.9181818181818182,1.2221338116010607,False,0.5451419822480323,False,-3.5768997914429526,True,True
367,1574861456535990272,2.1989810109242134,7.033489476806312,0.9893617021276596,0.6989610673173887,False,0.29426808750462485,False,-2.363650379883728,True,True
368,1574861456602736384,2.239781172663953,7.035225715171544,0.9831932773109243,0.5377668176929731,False,0.22279682101208875,False,-1.651767138057358,True,True
369,1574861456669598464,2.2519510671908,7.0347469918454415,0.975609756097561,0.48608631046922907,False,0.14405286599081674,False,-1.3223591205674925,True,True
370,1574861456736360704,2.2460739411997404,7.036676021839059,0.96875,0.4203765533913159,False,0.2046362971873241,False,-1.2445631026367419,True,True
371,1574861456803123968,2.212124606468978,7.0336999927260795,0.9803921568627451,0.20377944151594948,False,0.06854095985350933,False,-0.930796317167645,True,True
372,1574861456869856000,2.267488963579727,7.040766382860157,0.9411764705882353,0.3303753076382804,False,0.3971198964236603,False,-1.584623391903756,True,True
373,1574861456936615936,2.1980946157943886,7.0353410955122815,1.0,0.07027585173563083,False,0.3017136587507949,False,-0.7321066073723035,True,True
374,1574861457003473664,2.24114639554566,7.038468208065865,0.9795918367346939,0.10454760780324984,False,0.4224950931275473,False,-0.5899025628205876,False,False
375,1574861457070233600,2.2083609491274734,7.038045594405158,0.96875,-0.03621373897293538,False,0.48169351497059176,False,-0.731843512213915,False,False
376,1574861457136972544,2.2285372196616815,7.038535247973989,0.9807692307692307,-0.0333580251035665,False,0.5525020802529703,False,-0.563493913250849,False,False
377,1574861457203735552,2.240410306557771,7.035226662918012,0.9736842105263158,0.02830494115418456,False,0.40361746225079514,False,-0.603456170378278,False,False
378,1574861457270494464,2.2091642538730443,7.036588184498601,0.9454545454545454,-0.08554688393156235,False,0.3810629862331718,False,-1.2601983264714405,False,False
379,1574861457337359104,2.2190665856837817,7.038569067857729,0.967391304347826,-0.11548252223362193,False,0.4840892439571692,False,-1.231313220039071,False,False
380,1574861457404100608,2.192502447155341,7.039614937053331,0.967741935483871,-0.26992607958415654,False,0.6189393904224536,False,-1.203283923402326,False,False
381,1574861457470861824,2.219454252520991,7.039133275265503,0.9719626168224299,-0.24259987766707375,False,0.6844441740435375,False,-1.0896547979183422,False,False
382,1574861457537596672,2.21666808033148,7.034477936249016,0.9587628865979382,-0.23747245165321537,False,0.4510679216547998,False,-1.304116324629706,False,False
383,1574861457604347392,2.243600232763265,7.040249981662415,0.9649122807017544,-0.09854532019576588,False,0.6339147633120917,False,-1.3172719243644817,False,False
384,1574861457671235840,2.2059546081956047,7.036305685488369,0.987012987012987,-0.1904709972894467,False,0.5253266627234251,False,-0.8342245739440931,False,False
385,1574861457737975040,2.209663043816765,7.041196942584266,0.9320388349514563,-0.2361835497519881,False,0.7426950795755415,False,-1.720548723002096,False,False
386,1574861457804735488,2.204569447368987,7.037353167670554,0.9603174603174603,-0.29377839003243506,False,0.6643013979220469,False,-1.7111165425694905,False,False
387,1574861457871479808,2.1649052757054337,7.037206600814779,0.9385964912280702,-0.5334129363494441,False,0.6006346662424534,False,-2.1883122749853436,False,False
388,1574861457938244096,2.1971526831702755,7.037503588015955,0.9702970297029703,-0.5391092657472063,False,0.5738813973776373,False,-1.8162728114619242,False,False
389,1574861458005098752,2.1748787150467463,7.034714455063407,0.9772727272727273,-0.6550265845401002,False,0.3878604967190747,False,-1.400473190299265,False,False
390,1574861458071847936,2.1934285442800316,7.033990630857726,0.9901960784313726,-0.6429531521657307,False,0.21423052241831647,False,-0.8215674223902828,False,False
391,1574861458138600704,2.157286706659968,7.039019870974334,0.979381443298969,-0.8161196732720751,False,0.3943459194031143,False,-0.6572112952364746,False,False
392,1574861458205379328,2.2011856501997435,7.0374119734998235,0.9180327868852459,-0.71673774316272,False,0.42398418933695425,False,-1.9086007238358882,False,False
393,1574861458272113920,2.1967332826180077,7.037069150821628,0.9814814814814815,-0.6695441785147763,False,0.4241682997657862,False,-1.3713597679913567,False,False
394,1574861458338864896,2.16243564828693,7.036922153793483,0.979381443298969,-0.8088592206871411,False,0.41548022058635564,False,-1.0420659371572214,False,False
395,1574861458406294528,2.170758879451037,7.038663538000783,1.0,-0.8645543184475013,False,0.5138476752118162,False,-0.35231638904973017,False,False
396,1574861458472485632,2.1684592830032963,7.036888054105173,0.9767441860465116,-0.9150966892364056,False,0.4762104667580551,False,-0.38747606645342236,False,False
397,1574861458539234048,2.178773256224078,7.0384773797260625,0.9304347826086956,-0.898647152336236,False,0.5451929795739965,False,-1.4435523509584212,False,False
398,1574861458605980160,2.1812150563926753,7.03443153378676,0.9901960784313726,-0.8748620800326425,False,0.3508088422497483,False,-0.8517228348516862,False,False
399,1574861458672752128,2.2045496996089584,7.034302068012666,0.9652173913043478,-0.7409525965586867,False,0.2069745231739726,False,-0.9938006531365356,False,False
400,1574861458739618560,2.183181989407221,7.035789434151418,0.967032967032967,-0.7545917701517634,False,0.19550347698093423,False,-1.0528162130834195,False,False
401,1574861458806353920,2.203722452933057,7.040820122369332,0.9560439560439561,-0.6609204129756002,False,0.48921698149362025,False,-1.3388889459956292,False,False
402,1574861458873103104,2.161197068738442,7.035469506700968,0.9459459459459459,-0.8090466248926568,False,0.37388378667988803,False,-1.7640561453119885,False,False
403,1574861458939851520,2.178132035753614,7.035454570269043,0.9438202247191011,-0.827634332234686,False,0.29225465552967084,False,-2.1090200699487625,False,False
404,1574861459006604800,2.1681665218370725,7.036781160630025,0.9494949494949495,-0.8907238657862702,False,0.31468382799782924,False,-2.224099813639882,False,False
405,1574861459073475840,2.1910459887699,7.03685739083344,0.9553571428571429,-0.8199139325955904,False,0.334956575080746,False,-2.1740850814444896,False,False
406,1574861459140236544,2.1712496021849774,7.033733983515864,0.968421052631579,-0.8698266645808399,False,0.16180393923045347,False,-1.848098027726423,False,False
407,1574861459206947584,2.1654475320735505,7.029251943509983,0.956140350877193,-0.9339218124191323,False,-0.22823794402899586,False,-1.8934391825531847,False,False
408,1574861459273731840,2.1619253313568367,7.033740435247053,0.9887640449438202,-0.9964879802720276,False,-0.23204524602956592,False,-1.1985397678650398,False,False
409,1574861459340497920,2.1731650889357366,7.030537164410748,0.9196428571428571,-0.9838029019806215,False,-0.4268441706934415,False,-2.2516690324876163,False,False
410,1574861459407381504,2.190911447015594,7.031910598452281,0.9565217391304348,-0.8857453495663191,False,-0.4808241459106803,False,-2.1674441004068474,False,False
411,1574861459474116352,2.1739526793851978,7.03315689109591,0.9230769230769231,-0.9023253053853317,False,-0.4438568621987712,False,-2.8534139899701882,True,True
412,1574861459540847616,2.165372419774387,7.031721882632546,0.8888888888888888,-0.9570483110711995,False,-0.5040523007728314,False,-4.095074195618186,True,True
413,1574861459607602432,2.1546747826680313,7.0355069680613855,0.9339622641509434,-1.049111577620303,False,-0.3191577594640857,False,-3.960302289639959,True,True
414,1574861459674364928,2.1465852687223634,7.0386030380353155,0.9333333333333333,-1.1542068333820787,False,-0.0040277295093632285,False,-3.879970337547274,True,True
415,1574861459741263616,2.1533489177191654,7.0345449619735465,0.925,-1.193785204991364,False,-0.02684217379974684,False,-4.009349033802342,True,True
416,1574861459807985664,2.1595862577152043,7.03451522679323,0.9391304347826087,-1.190146535997216,False,-0.04459581603547358,False,-3.7851823191774963,True,True
417,1574861459874733824,2.172773339639525,7.035240114419439,0.9519230769230769,-1.1213324874543111,False,-0.013544237256698914,False,-3.3433309106174964,True,True
418,1574861459941481984,2.1666072034099297,7.036483395002477,0.9897959183673469,-1.1041483734441573,False,0.08276446932681518,False,-2.190480722782069,True,True
419,1574861460008201728,2.1497553667519838,7.035630046610766,0.9629629629629629,-1.1768023926549325,False,0.09899629356892996,False,-1.9811447955202486,True,True
420,1574861460074972928,2.171795764798959,7.036188931606205,1.0,-1.1169040410618,False,0.14388077669498095,False,-1.0096715899038466,True,True
421,1574861460141848576,2.1608725756114593,7.036638578159533,0.9024390243902439,-1.1298657891111363,False,0.2022699437462152,False,-2.5026479095230365,True,True
422,1574861460208615424,2.1417844764211527,7.035028665104244,0.9795918367346939,-1.2348594521010996,False,0.14657895716672178,False,-1.8292814743260974,True,True
423,1574861460275388672,2.170735082125124,7.0353639671912305,0.9296875,-1.1628740654171197,False,0.12770685620189504,False,-2.469460606767547,True,True
424,1574861460342113280,2.1640741801116743,7.040812578220189,0.9534883720930233,-1.145956283817159,False,0.4413068450473637,False,-2.38746137993484,True,True
425,1574861460408859904,2.1824063890792504,7.035172262985974,0.945054945054945,-1.041991854251798,False,0.3225178620270487,False,-2.5179024037410103,True,True
426,1574861460475730432,2.1580070007479413,7.033472143268239,0.928,-1.0918271835108155,False,0.1373915289241329,False,-2.989081497558777,True,True
427,1574861460542473728,2.171815576215006,7.034211984752912,0.9438202247191011,-1.0573218394504926,False,0.052179164128777135,False,-2.966537816521515,True,True
428,1574861460609222912,2.174055648757363,7.034225435571652,0.9304347826086956,-1.0219114124234048,False,-0.006662704281971258,False,-3.248895576006082,True,True
429,1574861460675994368,2.166994779462129,7.035549331248097,0.9807692307692307,-1.0326059956068776,False,0.03155592355526376,False,-2.325430357905371,True,True
430,1574861460742728704,2.1460904652837196,7.0366485569522705,0.95,-1.1451393843023467,False,0.12424107961002882,False,-2.3643378598931517,True,True
431,1574861460809611520,2.1804235758306407,7.039083556315049,0.9279279279279279,-1.0513839458844947,False,0.3351731885502119,False,-2.883191601732052,True,True
432,1574861460876351232,2.1873415476421445,7.036078124421574,0.9193548387096774,-0.9509913372644322,False,0.30255833191480774,False,-3.437340445090372,True,True
433,1574861460943108864,2.146062819729138,7.037278918576777,0.923728813559322,-1.0881480463441273,False,0.3517521761672016,False,-3.7278216610228476,True,True
434,1574861461009849088,2.1688394225791088,7.035781467230208,0.9243697478991597,-1.0697020428100747,False,0.2963699740916759,False,-3.916882771701457,True,True
435,1574861461076598784,2.168115069057315,7.040965921769621,0.9629629629629629,-1.0604298207956027,False,0.5685686516230288,False,-3.1896262297638236,True,True
436,1574861461143473152,2.196052510959797,7.040042457660531,0.9423076923076923,-0.9135496081945839,False,0.7037178791544797,False,-3.1406082588586464,True,True
437,1574861461210233088,2.189197769873259,7.042338601006159,0.9357798165137615,-0.845179517628974,False,0.9360461836271087,False,-3.25169319483486,True,True
438,1574861461276973824,2.1684198574985922,7.039329901210636,0.9375,-0.9017324474858214,False,0.9182126534379916,False,-3.291138439823729,True,True
439,1574861461343750656,2.2058913577974204,7.036604580132419,0.9809523809523809,-0.753019828725697,False,0.7422630385160148,False,-2.350920998561899,True,True
440,1574861461410484224,2.186399758807952,7.038716895767985,0.9886363636363636,-0.7468690793797033,False,0.7457960737659669,False,-1.5216209266511227,True,True
441,1574861461477362688,2.176909145408484,7.0398588473124395,0.9727272727272728,-0.79025524995882,False,0.8167640326309842,False,-1.2954592687789515,True,True
442,1574861461544116736,2.162598105288067,7.0388387825776455,0.9545454545454546,-0.8925406009395126,False,0.8052576024554943,False,-1.5421156996574141,True,True
443,1574861461610851840,2.146581264079082,7.042553558351617,0.9801980198019802,-1.0446272736130555,False,1.0200172407998385,False,-1.1434072134215316,True,True
444,1574861461677611264,2.2105931218077113,7.038314690641612,0.970873786407767,-0.8294191677209881,False,0.9160995474088165,False,-1.0719929773782735,True,True
445,1574861461744351744,2.198601311176395,7.03799830350785,0.9423076923076923,-0.7390340639631926,False,0.8243801009049636,False,-1.658264982188754,True,True
446,1574861461811238400,2.208760561382858,7.03822955281862,1.0,-0.6247128002444701,False,0.7740469395764468,False,-0.7836557205717989,False,False
447,1574861461877947904,2.207122195903316,7.038940019321878,0.9659090909090909,-0.5529209374344491,False,0.7814278687039281,False,-0.9307472212942841,False,False
448,1574861461944741120,2.2082223141690784,7.043991018175387,0.9479166666666666,-0.4971383812123175,False,1.0895559981894019,False,-1.4344624299453799,False,False
449,1574861462011483392,2.185061992580343,7.039698104502598,0.912,-0.574474533508414,False,1.047754544273169,False,-2.5870467563241455,True,True
450,1574861462078229760,2.1968164079316215,7.037412244987102,0.9491525423728814,-0.5695422151196099,False,0.8813865106908584,False,-2.5663450400798493,True,True
451,1574861462144973312,2.153542788776896,7.035150917329518,0.896551724137931,-0.783545742303941,False,0.6292933046513695,False,-3.723449091412228,True,True
452,1574861462211848448,2.168130951546908,7.034630210932871,0.9137931034482759,-0.8600405986504844,False,0.4215958260323541,False,-4.149399038958784,True,True
453,1574861462278621952,2.1771862154290886,7.038718808048449,0.9615384615384616,-0.8680829968094134,False,0.5214437245818349,False,-3.3841160036336904,True,True
454,1574861462345361408,2.1692628321604066,7.0338094976404015,0.9672131147540983,-0.9135288141909557,False,0.29687431946127546,False,-2.7220244692355395,True,True
455,1574861462412100864,2.1722983553546413,7.0330687060509085,0.9690721649484536,-0.930086946426049,False,0.09524267973021573,False,-2.217153161289951,True,True
456,1574861462478852352,2.1887109704582794,7.032391307164665,0.9349593495934959,-0.8592018913524364,False,-0.08653019765908163,False,-2.623549154976421,True,True
457,1574861462545722112,2.1815396960663356,7.035364475691653,0.9157894736842105,-0.845619036367748,False,-0.03543905206222132,False,-3.3350032753248087,True,True
458,1574861462612498176,2.189015496506445,7.035056817147958,0.9659090909090909,-0.7985440671916769,False,-0.018128766005028513,False,-2.7166905096213925,True,True
459,1574861462679229184,2.217119337086516,7.035668645961333,0.925531914893617,-0.6243657543289073,False,0.030686237507120465,False,-3.1832056396125283,True,True
460,1574861462745978624,2.1852994623554634,7.034387914840115,0.9591836734693877,-0.6623403749709585,False,-0.011962163792259,False,-2.7602295900090326,True,True
461,1574861462812721664,2.146490173148437,7.035180082175671,0.9230769230769231,-0.8839448604416076,False,0.005698554812722021,False,-3.2683638326917146,True,True
462,1574861462879609088,2.1922887446950776,7.030355144466033,0.9345794392523364,-0.8089236018788192,False,-0.27134115892447697,False,-3.3678584924169614,True,True
463,1574861462946320640,2.169460721739182,7.0279495620155625,0.9714285714285714,-0.8711228141905589,False,-0.60955701688687,False,-2.6167519641999544,True,True
464,1574861463013102592,2.17040262504143,7.026507429300096,0.9433962264150944,-0.90992906346393,False,-0.9328079708959531,False,-2.7153509962661238,True,True
465,1574861463079849984,2.2431056638055704,7.0299022499365424,0.9369369369369369,-0.5717502284924973,False,-0.9554605710450157,False,-2.928240188847226,True,True
466,1574861463146602240,2.174253543160463,7.030252208382631,0.975,-0.6810168369609061,False,-0.9503267056386717,False,-2.229471553392592,True,True
467,1574861463213478400,2.1824855356881567,7.03271005243573,0.9454545454545454,-0.71613651837774,False,-0.7993102640130678,False,-2.398409094581461,True,True
468,1574861463280245504,2.1834669500798713,7.02712612946092,0.9081632653061225,-0.7357885471265725,False,-1.0285252936990084,False,-3.347266270038024,True,True
469,1574861463346947072,2.185762486185316,7.030084691779651,0.9897959183673469,-0.7380095686971786,False,-1.0115197425066507,False,-2.1932354743764413,True,True
470,1574861463413742336,2.1878601131014204,7.032364023722687,0.99,-0.7290234073379004,False,-0.8629003679453843,False,-1.3808683403671236,True,True
471,1574861463480478976,2.1830910889433994,7.030200624198692,0.9895833333333334,-0.7466981255806231,False,-0.8886286090462668,False,-0.8214918996966062,True,True
472,1574861463547357184,2.217067942856511,7.030149833456894,0.9690721649484536,-0.5883318585868172,False,-0.9096848323312805,False,-0.8867803626126992,True,True
473,1574861463614098432,2.2045417240613383,7.033663241188792,0.9711538461538461,-0.5404215198186378,False,-0.7136882067001705,False,-0.8861163193607112,True,True
474,1574861463680859392,2.209065428892928,7.0312804258040815,0.96875,-0.4841520163282318,False,-0.7194130469261347,False,-0.9391931417919949,True,True
475,1574861463747604224,2.22485657147409,7.03032705377607,0.9719626168224299,-0.3654106049115226,False,-0.780604174006542,False,-0.9047912507911187,True,True
476,1574861463814358016,2.215876695629393,7.029842334887004,0.9444444444444444,-0.32741678248990086,False,-0.8525116483537425,False,-1.4936311933931483,False,False
477,1574861463881103104,2.2243026463345927,7.034834557976213,0.9603174603174603,-0.2584794945906367,False,-0.6034108015240696,False,-1.5522742718432272,False,False
478,1574861463947982080,2.172789087361309,7.030449117281664,0.9732142857142857,-0.4690864239064695,False,-0.692081171104041,False,-1.3060692106440706,False,False
479,1574861464014749184,2.20407480234987,7.029095658695216,1.0,-0.45929606418937247,False,-0.8353315639060193,False,-0.5371186804905312,False,False
480,1574861464081473536,2.2187419633025045,7.030956512129583,0.9711538461538461,-0.3787382224936202,False,-0.8239919038400101,False,-0.6413531418751928,False,False
481,1574861464148223744,2.2138304656060694,7.029909908139595,0.978021978021978,-0.3470287144895949,False,-0.8788299811935264,False,-0.5613411142510936,False,False
482,1574861464214980352,2.224646904921235,7.030485560068799,0.978021978021978,-0.2704778981592941,False,-0.8826887399732434,False,-0.5053326949142225,False,False
483,1574861464281848832,2.230516232611597,7.026823119148544,0.9175257731958762,-0.18739811228758463,False,-1.1050649394539154,False,-1.8135785855740088,False,False
484,1574861464348607488,2.1911132008623495,7.028595490424898,0.96875,-0.32724815473074265,False,-1.1544205488838537,False,-1.5884167281413064,False,False
485,1574861464415354624,2.2406241005548857,7.030284603257041,0.9537037037037037,-0.17634380404994135,False,-1.0876556290894877,False,-1.7659345134049962,False,False
486,1574861464482106880,2.218718292724744,7.027492280022004,0.9473684210526315,-0.18079058844820126,False,-1.2084051524522914,False,-2.031304788549193,False,False
487,1574861464548847616,2.225766931966677,7.028958010724605,0.9662921348314607,-0.14848291319853932,False,-1.2050145461057336,False,-1.7955699061385275,False,False
488,1574861464615752192,2.218635012280915,7.030901249281129,0.9883720930232558,-0.1617064610409776,False,-1.0860846851251693,False,-1.1387613478761192,False,False
489,1574861464682512640,2.236650432817787,7.02872696494396,0.9891304347826086,-0.08043286943829814,False,-1.133248462360476,False,-0.662104562709425,False,False
490,1574861464749228032,2.2171510209293404,7.030261754974646,0.963855421686747,-0.12152870004176147,False,-1.0742056201172125,False,-0.8914034580107707,False,False
491,1574861464815973888,2.200227819172033,7.027340956261028,0.9871794871794872,-0.23533730035391712,False,-1.2080666222861338,False,-0.5324081347548303,False,False
492,1574861464882740480,2.206528572966741,7.030475062247424,0.9767441860465116,-0.2833411280076608,False,-1.1137840534011965,False,-0.5135402884469941,False,False
493,1574861464949624064,2.2496674027602905,7.029582215724024,0.9761904761904762,-0.10016499320355693,False,-1.1013396435667917,False,-0.5126657570095808,False,False
494,1574861465016363264,2.234196773786907,7.031903830887128,1.0,-0.04968383091139438,False,-0.9533768989203578,False,0.018263737053616592,False,False
495,1574861465083096576,2.2365515095029065,7.031602861187016,1.0,-0.0025141322095886725,False,-0.8678552932898499,False,0.3899143828978482,False,False
496,1574861465149848832,2.2006552948910816,7.032792333886093,0.9702970297029703,-0.1498789760005042,False,-0.7366449921452115,False,-0.011514150943682593,False,False
497,1574861465216610304,2.24196954942472,7.0292108235919395,0.975,-0.0454243051703461,False,-0.8596185895811257,False,-0.1877633268601164,False,False
498,1574861465283487744,2.2397494241626554,7.030387830888216,0.9797979797979798,0.016537516173663884,False,-0.875102611780216,False,-0.20427077449618924,False,False
499,1574861465350263552,2.2168819013949324,7.034952033271175,0.9787234042553191,-0.05500179441756338,False,-0.6121782480078505,False,-0.23976036085497326,False,False
500,1574861465416984064,2.2568783323448907,7.032514464779656,0.9693877551020408,0.09590849691367442,False,-0.5743377907170131,False,-0.47253904256859325,False,False
501,1574861465483728384,2.207442721102004,7.033638831119376,0.9375,-0.046875344275060855,False,-0.4804094059435298,False,-1.345730533237339,False,False
502,1574861465550474752,2.242203148102623,7.033256341987865,0.9666666666666667,0.027852103937142145,False,-0.43760142916288464,False,-1.3073258571856305,False,False
503,1574861465617230848,2.239618805257408,7.028800890378378,0.963855421686747,0.06717462379403528,False,-0.6748760980476295,False,-1.3430583641441163,False,False
504,1574861465684125184,2.2564707317605595,7.031025385370899,0.9310344827586207,0.1793837381967953,False,-0.7075420257109614,False,-2.099102641484993,False,False
505,1574861465750860032,2.221112740052931,7.026450751488193,0.9880952380952381,0.08025113277536765,False,-1.0047970410449258,False,-1.35740074310768,False,False
506,1574861465817600256,2.2232260798554404,7.033812264014763,0.9891304347826086,0.021478144949523638,False,-0.7713282879368067,False,-0.8151521393715125,False,False
507,1574861465884338688,2.2291942292052807,7.028841054458248,0.9861111111111112,0.010327860940947236,False,-0.9060758372598728,False,-0.5028285017996544,False,False
508,1574861465951108096,2.231295828122161,7.033188502308204,0.95,0.013083498467896271,False,-0.7396369895590773,False,-1.0885165606191485,False,False
509,1574861466017974016,2.194987882818968,7.0341028084743105,0.9753086419753086,-0.16744019399132934,False,-0.5682892475040623,False,-0.9347905298285026,False,False
510,1574861466084738816,2.2125996287219185,7.033214515928108,0.9578947368421052,-0.20530522662084658,False,-0.5016260665832782,False,-1.215047920820448,False,False
511,1574861466151474432,2.2121208285062774,7.035695132022733,0.967741935483871,-0.23421678929762735,False,-0.30617322546957865,False,-1.191898213949298,False,False
512,1574861466218234880,2.2275438991042464,7.033525148829376,0.9662921348314607,-0.1769517387661869,False,-0.2995129318193022,False,-1.2079853039186004,False,False
513,1574861466284972800,2.231703464325042,7.030211491883622,0.967741935483871,-0.1159637908737709,False,-0.49360555449102045,False,-1.186954382118003,False,False
514,1574861466351860992,2.217649686944318,7.0333746683201195,0.9711538461538461,-0.14389447671620506,False,-0.43974145958182886,False,-1.0962381330144297,False,False
515,1574861466418616576,2.248183336694346,7.032164918870022,0.9770114942528736,-0.010009982382928839,False,-0.47459798018328875,False,-0.9022674439979271,False,False
516,1574861466485353984,2.2319725831702604,7.034822559233286,1.0,0.0022477994354121052,False,-0.3395909245056052,False,-0.2544574438382258,False,False
517,1574861466552098304,2.217115361953062,7.0329410958402025,1.0,-0.06383142330635538,False,-0.3579371163601004,False,0.19900955627356176,False,False
518,1574861466618838272,2.2352733689613906,7.033058897040304,0.9883720930232558,-0.018840286639664687,False,-0.3637136747875186,False,0.2574442758123451,False,False
519,1574861466685741568,2.2164426370169155,7.032665046531515,0.9864864864864865,-0.08197362296187465,False,-0.3913806194324092,False,0.25634984751011697,False,False
520,1574861466752489728,2.237647983383361,7.03518574495415,0.9876543209876543,-0.019607047949282256,False,-0.2595547078035052,False,0.2815953080396999,False,False
521,1574861466819224320,2.2221179238270716,7.0368964113598285,0.9888888888888889,-0.05399122472412009,False,-0.06466992896984101,False,0.32676506562817015,False,False
522,1574861466885967104,2.234501621341818,7.033826947076133,0.9719626168224299,-0.015830290238279497,False,-0.11235861199848732,False,-0.018620505596996528,False,False
523,1574861466952745216,2.254341472941432,7.029578658241882,0.9791666666666666,0.1105804670606532,False,-0.4005552141724782,False,-0.09993224375745673,False,False
524,1574861467019631616,2.2306467697539483,7.034558242306178,0.9574468085106383,0.0799987112509558,False,-0.3036148519613336,False,-0.6406239750058252,False,False
525,1574861467086358784,2.2315094867249314,7.032111330225243,0.9642857142857143,0.06292675884378064,False,-0.38252362900662745,False,-0.86678299862927,False,False
526,1574861467153108480,2.232681013884895,7.032103821346997,0.9428571428571428,0.05686348436108119,False,-0.43821015927282136,False,-1.5023799050169897,False,False
527,1574861467219859200,2.2085231976175614,7.029957163492391,1.0,-0.06877730342195279,False,-0.6059483599116781,False,-0.6745361665515679,False,False
528,1574861467286608640,2.222596734067282,7.033700129807251,0.9887640449438202,-0.08600431334396523,False,-0.49886007791762466,False,-0.3453076566639187,False,False
529,1574861467353360128,2.2224503874267363,7.0267001335159875,0.9891304347826086,-0.0987986331725275,False,-0.8437616167800542,False,-0.10668697886087643,False,False
530,1574861467420241152,2.19944423358514,7.029988443679958,1.0,-0.22336388363727241,False,-0.8879581786141887,False,0.3024488817577162,False,False
531,1574861467486978816,2.2491648067224226,7.0353606515602785,0.9883720930232558,-0.06070653940401724,False,-0.5966680120748684,False,0.3298518036512549,False,False
532,1574861467553732608,2.2120059346735523,7.0364307221304205,0.9761904761904762,-0.13357506625328475,False,-0.3285815186899638,False,0.07770870745918766,False,False
533,1574861467620480512,2.246726931125856,7.036187653765014,0.9886363636363636,-0.010105042170695296,False,-0.15550033745066594,False,0.17841986756363548,False,False
534,1574861467687245568,2.2300847577941076,7.031406979320451,0.987012987012987,-0.007305336010368846,False,-0.32109079420160014,False,0.21275968040558813,False,False
535,1574861467754104064,2.2105060699484786,7.032039004934111,1.0,-0.1037312594918226,False,-0.3990948963061666,False,0.526061543244229,False,False
536,1574861467820847872,2.2006354769277383,7.033995296536607,0.9855072463768116,-0.22083055320959494,False,-0.3363584029079999,False,0.4225709990226699,False,False
537,1574861467887610112,2.233630950125424,7.034477427894659,0.9876543209876543,-0.13699306806309233,False,-0.2635243735639512,False,0.39795011409848613,False,False
538,1574861467954353152,2.2539972279819387,7.03322595453984,0.9540229885057471,0.024036642230535768,False,-0.2876045610781725,False,-0.3683661888670339,False,False
539,1574861468021097216,2.212445329214341,7.031135683122763,1.0,-0.07204681844749672,False,-0.42983623460155856,False,0.11927343475340273,False,False
540,1574861468087972864,2.259910077983674,7.031536113853195,0.9791666666666666,0.09921193726612243,False,-0.5053803672825984,False,-0.0034064855121838412,False,False
541,1574861468154755584,2.2657278896141824,7.030647839050482,0.9743589743589743,0.24832840510802923,False,-0.6115404344137013,False,-0.1963657351134441,False,False
542,1574861468221476864,2.2417996250903176,7.036529012701039,0.9882352941176471,0.2324669674252556,False,-0.3330966959319388,False,-0.022365394988427146,False,False
543,1574861468288236544,2.2033466151663625,7.031594424828639,0.9523809523809523,0.028132064582877418,False,-0.43416516826244717,False,-0.699160653645597,False,False
544,1574861468354973184,2.236761473973442,7.03301796608531,0.967032967032967,0.05301209625033845,False,-0.41952837060861226,False,-0.8465682134397584,False,False
545,1574861468421860096,2.231355191352489,7.034551914598224,0.9625,0.043260771941034976,False,-0.3172756006064241,False,-1.050717764687293,False,False
546,1574861468488630272,2.237216608372992,7.030899688199175,0.9753086419753086,0.0658893071130662,False,-0.46476105776496324,False,-0.9083313726761921,False,False
547,1574861468555369216,2.236302233776436,7.032681879839014,0.9875,0.07713441808768219,False,-0.46110411717493865,False,-0.537118787992943,False,False
548,1574861468622117120,2.244522386425876,7.02773358184545,1.0,0.12631344319261467,False,-0.7553456880670757,False,0.001146615365266309,False,False
549,1574861468688869120,2.2016684939351996,7.023884119333548,1.0,-0.05460820253362405,False,-1.1922075061728616,False,0.3779323977160063,False,False
550,1574861468755759872,2.225493788397711,7.031480633684289,1.0,-0.06152782871399219,False,-1.0423679861191706,False,0.6416824453615242,False,False
551,1574861468822473216,2.236001501573648,7.0309325723327945,0.9595959595959596,-0.01356879949341434,False,-0.9703533205715238,False,-0.07362494659547174,False,False
552,1574861468889227264,2.2238395020845974,7.025966124057708,0.9864864864864865,-0.04111327285375643,False,-1.2178331471064852,False,0.024601391824650955,False,False
553,1574861468955985920,2.2460738110682947,7.028274445546031,1.0,0.05133619113602433,False,-1.252614729290153,False,0.3943507412375813,False,False
554,1574861469022741248,2.2117843573499405,7.022707359195071,0.9504950495049505,-0.05625861274343706,False,-1.6108785063845517,False,-0.4494646907275401,False,False
555,1574861469089610496,2.2378577685080785,7.0267033704971755,0.9876543209876543,-0.00055234042092244,False,-1.6219803609295373,False,-0.21247486872666582,False,False
556,1574861469156357376,2.2332628159585717,7.026056506740664,0.9873417721518988,0.015351753838933956,False,-1.668550876083875,False,-0.05354349591282247,False,False
557,1574861469223107328,2.249639649284952,7.028284135498527,0.9902912621359223,0.10878055889027118,False,-1.5675359312973627,False,0.12340342150683101,False,False
558,1574861469289850368,2.2774940636447005,7.0236403069445865,1.0,0.3141531542926538,False,-1.7753646674749983,False,0.46351216201510154,False,False
559,1574861469356597760,2.264465353129836,7.028275340366227,0.9871794871794872,0.3924428299009231,False,-1.6428331217779824,False,0.41603279926326875,False,False
560,1574861469423320576,2.2521014878634453,7.0263233427287375,0.9733333333333334,0.38511540449424353,False,-1.6671428504570536,False,0.07439732574075976,False,False
561,1574861469490225664,2.2095324461510746,7.028227449207916,0.987012987012987,0.16607065947354288,False,-1.5699503858882033,False,0.13994390112957844,False,False
562,1574861469556948736,2.238008126339203,7.032110811394091,0.9873417721518988,0.15583371982274766,False,-1.2689896225117516,False,0.19314964298654108,False,False
563,1574861469623732736,2.2322734103558464,7.026525147251364,0.9875,0.11985009078374052,False,-1.3933480631089188,False,0.23391792297097683,False,False
564,1574861469690466048,2.252821716102526,7.0310532665531404,1.0,0.1979197374335848,False,-1.2088000737683902,False,0.5408723130400135,False,False
565,1574861469757232384,2.2228658975844895,7.029870002020771,0.9875,0.10203620057896569,False,-1.1505892894381222,False,0.4773237920084009,False,False
566,1574861469824114944,2.2523706306423237,7.030970070589993,1.0,0.18318324507985365,False,-1.0438590683644033,False,0.7112564213662096,False,False
567,1574861469890852096,2.232609805544741,7.02785115490407,1.0,0.14068519259202378,False,-1.156222062071065,False,0.8750092619166732,False,False
568,1574861469957592832,2.2505342105545285,7.030534552919521,0.9529411764705882,0.2010092648501102,False,-1.0739245804937112,False,-0.058520339175383136,False,False
569,1574861470024359680,2.23489335594577,7.033432034755902,1.0,0.16463857509902918,False,-0.8425239098011229,False,0.33616552953755496,False,False
570,1574861470091096576,2.207612910617601,7.025687085261375,0.975609756097561,0.0020909372086441876,False,-1.1450894484308132,False,0.06919374674893744,False,False
571,1574861470157972224,2.2389935698404133,7.029765617357249,0.9375,0.04599990933403889,False,-1.1122528968875542,False,-0.9665175807150709,False,False
572,1574861470224721920,2.2511832495627915,7.025498844831102,0.9863013698630136,0.13799108078372851,False,-1.3451904960981216,False,-0.6045466152442566,False,False
573,1574861470291484928,2.2375369169156683,7.0279822998769,1.0,0.13381011972407805,False,-1.359287919342056,False,-0.04605286371064986,False,False
574,1574861470358223616,2.2509377819353826,7.024477926393004,0.9680851063829787,0.19822471798150723,False,-1.5793502187553656,False,-0.36595811613907725,False,False
575,1574861470424975872,2.2607885902304936,7.0335638387578605,0.9859154929577465,0.2928166629552116,False,-1.1884161855392363,False,-0.19274975273695671,False,False
576,1574861470491862016,2.2578599697832806,7.0302803419240085,0.9885057471264368,0.34431428615913534,False,-1.1117081716699881,False,-0.013810318879613466,False,False
577,1574861470558608384,2.2198897649375353,7.027928724222547,1.0,0.18955689078304627,False,-1.1990637872275194,False,0.3674625437445937,False,False
578,1574861470625360128,2.255148927091336,7.026329039488138,1.0,0.2584090668238958,False,-1.3561626217467457,False,0.6343535475815322,False,False
579,1574861470692120576,2.270108938742131,7.023395067997437,0.9583333333333334,0.3817817967559414,False,-1.6421129075160945,False,-0.1068780633323673,False,False
580,1574861470758861568,2.244910385389608,7.02919465723351,0.9879518072289156,0.3415163587672229,False,-1.4944157967381273,False,0.03396177893616367,False,False
581,1574861470825739008,2.21460623346966,7.028503384663128,0.9883720930232558,0.16104783730264474,False,-1.432490699399161,False,0.14191083167616642,False,False
582,1574861470892472576,2.2374263033079096,7.026922528807317,1.0,0.14939400002495426,False,-1.4839636691801765,False,0.4764673491336388,False,False
583,1574861470959231744,2.2284067490887387,7.028734951626057,1.0,0.09591175883122004,False,-1.4112847059464582,False,0.7106569113538752,False,False
584,1574861471025974272,2.2667092593965625,7.024038725740413,0.9883720930232558,0.2509498042782398,False,-1.642091447804626,False,0.6155974243685661,False,False
585,1574861471092734976,2.2656724066284917,7.029730926998409,0.9795918367346939,0.35426610204642706,False,-1.4622350418088834,False,0.35349025939802364,False,False
586,1574861471159472640,2.2491806632107876,7.026916231091042,0.9876543209876543,0.3437141317054898,False,-1.5051624490908342,False,0.3495935963612337,False,False
587,1574861471226382080,2.2371810074765635,7.026454851214636,0.9876543209876543,0.27602775933158097,False,-1.562885433734622,False,0.34686593223547835,False,False
588,1574861471293099776,2.2562767493987783,7.026126791893493,0.9863013698630136,0.3246061438505526,False,-1.6229686878485001,False,0.31482184382111633,False,False
589,1574861471359856640,2.2473838767628234,7.023126877191967,1.0,0.3139230510607698,False,-1.8449633746439582,False,0.5975050576351013,False,False
590,1574861471426610176,2.2545868766622092,7.024609598870933,0.9767441860465116,0.34264099490523336,False,-1.911425255299866,False,0.27739894622595307,False,False
591,1574861471493351168,2.2803079906252752,7.026111182412689,1.0,0.49199584664172147,False,-1.8678828275386097,False,0.571309029318487,False,False
592,1574861471560232704,2.2711537209448025,7.03111388344429,0.9873417721518988,0.550542723220623,False,-1.5373385769213366,False,0.49510523271877876,False,False
593,1574861471626972160,2.2613070137168014,7.026090473537115,0.9873417721518988,0.5420444190834537,False,-1.6072642815586096,False,0.4417625750989879,False,False
594,1574861471693747200,2.2373986525530833,7.027119247859023,0.9722222222222222,0.4159526582580541,False,-1.594505867961094,False,0.06766002712976886,False,False
595,1574861471760515072,2.26799147910777,7.023573617001137,0.975,0.4814217720440647,False,-1.7982437198521393,False,-0.13234140220869792,False,False
596,1574861471827239168,2.2844358740081594,7.028157995014067,0.9787234042553191,0.6098855973745001,False,-1.665886892321371,False,-0.18940980025372767,False,False
597,1574861471894108416,2.2286797905950557,7.026675806893381,1.0,0.41962794975209006,False,-1.662139510054004,False,0.24454290678270718,False,False
598,1574861471960857600,2.2612754586270443,7.026036928802659,0.9789473684210527,0.4502455087983528,False,-1.6978365751457136,False,0.07939764325781262,False,False
599,1574861472027607808,2.2229448462707984,7.029462671122539,1.0,0.27906096901951627,False,-1.5173467547600439,False,0.4327081172407953,False,False
600,1574861472094348544,2.300702067036365,7.030905134097814,1.0,0.5499729909412234,False,-1.3044842179034335,False,0.6800254490288765,False,False
601,1574861472161098240,2.250154302922196,7.026226516353834,0.9875,0.48560163328986217,False,-1.4361063129370926,False,0.57473098720061,False,False
602,1574861472227978240,2.22977615091593,7.033831919241736,0.9565217391304348,0.3381385429352852,False,-1.0720658477551175,False,-0.18896408662509384,False,False
603,1574861472294731776,2.2473086734593632,7.032582816919268,0.9761904761904762,0.32301782302150417,False,-0.8921593144566436,False,-0.2854624157342548,False,False
604,1574861472361482240,2.265161922757987,7.028844313408776,1.0,0.4021484604153358,False,-0.9904620823144518,False,0.17730607594633654,False,False
605,1574861472428225024,2.246299492121794,7.029230859037165,0.963855421686747,0.36275348412452163,False,-1.0360888165092557,False,-0.3038160109517426,False,False
606,1574861472494975488,2.2326493703283097,7.021253689557275,0.9615384615384616,0.2665831786419606,False,-1.5465022113400002,False,-0.6922078840287565,False,False
607,1574861472561847040,2.26297310779822,7.0282715187480855,0.9878048780487805,0.35164509987755244,False,-1.4828586250823215,False,-0.37904169730363607,False,False
608,1574861472628613120,2.268862308211136,7.027153439955745,0.9896907216494846,0.4407825224673973,False,-1.5053710490834513,False,-0.11782135441402368,False,False
609,1574861472695369472,2.267908392952632,7.030040724113826,0.9882352941176471,0.49838515713041165,False,-1.347948974224339,False,0.03261567150116714,False,False
610,1574861472762098688,2.264184315964106,7.028083496446584,0.9743589743589743,0.5199929797744899,False,-1.3551490323336548,False,-0.17115022520410086,False,False
611,1574861472828849152,2.2998274427092436,7.028101767412755,0.9850746268656716,0.7142302856356755,False,-1.3590931711705603,False,-0.07511311495708438,False,False
612,1574861472895622400,2.272258052678163,7.028257362905288,0.9801980198019802,0.7116562560512176,False,-1.3525213716113393,False,-0.11650540413130497,False,False
613,1574861472962495232,2.264469251324719,7.030133952280515,0.9489795918367347,0.6707145901209518,False,-1.2353623271598475,False,-0.8408182774823163,False,False
614,1574861473029224704,2.2546146015675244,7.024370373973847,0.9746835443037974,0.5925343938776813,False,-1.4990533530069174,False,-0.7753247368062672,False,False
615,1574861473095983616,2.255968125980062,7.033031823999581,1.0,0.544609911037497,False,-1.1641188951863373,False,-0.16559754880406394,False,False
616,1574861473162734592,2.273433423743699,7.030374819145672,0.975609756097561,0.5988284022122883,False,-1.0890332766366124,False,-0.28204040809019576,False,False
617,1574861473229481216,2.248151600535799,7.028709821358528,0.9595959595959596,0.5097365541132192,False,-1.1363407573881248,False,-0.7202309440116806,False,False
618,1574861473296371200,2.219521740101145,7.029256631804746,0.9764705882352941,0.30350310070212605,False,-1.1366580253587135,False,-0.6511101885865446,False,False
619,1574861473363121664,2.257020803345836,7.030652556664069,0.9852941176470589,0.3475778607350952,False,-1.0531518302057725,False,-0.4061962992619401,False,False
620,1574861473429865472,2.257080274590902,7.0271936949025395,0.9655172413793104,0.3787290443043037,False,-1.2021617804960998,False,-0.6752534192952522,False,False
621,1574861473496603648,2.245626675210221,7.025872203833302,0.9864864864864865,0.34297889125411346,False,-1.3857324518613414,False,-0.39653853906519454,False,False
622,1574861473563346944,2.2700693558516836,7.030741279672933,0.9868421052631579,0.44078176414875253,False,-1.2221822775801394,False,-0.19351730941681772,False,False
623,1574861473630251264,2.23874421971284,7.030814896329907,0.9882352941176471,0.3518304679960383,False,-1.103281591072257,False,-0.0203714970007961,False,False
624,1574861473696983808,2.2763344762640925,7.027252173973382,0.9795918367346939,0.47846099757009786,False,-1.2337450087034163,False,-0.0916879855605308,False,False
625,1574861473763723776,2.26602860421132,7.0402258823843145,0.9701492537313433,0.5153138813520485,False,-0.5468997748907493,False,-0.3519272714811272,False,False
626,1574861473830473216,2.2555922298515765,7.040943121795555,0.9888888888888889,0.4886666202477348,False,-0.023087726700347755,False,-0.11670074003640057,False,False
627,1574861473897223680,2.260824309761439,7.043255424742076,1.0,0.49630549031365767,False,0.4822738133103335,False,0.295439248934846,False,False
628,1574861473964109056,2.2726537249487406,7.03602788839666,0.9726027397260274,0.5610972093013679,False,0.4025155869330317,False,-0.026290910193351464,False,False
629,1574861474030849280,2.241589829001227,7.027264190539663,1.0,0.4503508748875876,False,-0.178966224345148,False,0.35872612982497465,False,False
630,1574861474097607680,2.2471622409207868,7.0285254127994214,0.9879518072289156,0.4008306108550285,False,-0.5103547399103576,False,0.3598847141463088,False,False
631,1574861474165314048,2.2501582748603197,7.044311909084654,0.9859154929577465,0.3812219267889444,False,0.2045553720343538,False,0.31534022846282095,False,False
632,1574861474231114240,2.244550212360058,7.044904290837543,0.9759036144578314,0.33931452859838046,False,0.7405238090929782,False,0.06116123950129968,False,False
633,1574861474297947136,2.283747308748268,7.041370067224992,0.9795918367346939,0.5069503876581756,False,0.9037171859994654,False,-0.0346150700090588,False,False
634,1574861474364732672,2.205740910058437,7.029463849860565,1.0,0.23230213438341468,False,0.3038115793477073,False,0.3528992179539861,False,False
635,1574861474431490048,2.2626250356929813,7.032230765150698,1.0,0.32589925658690544,False,0.04983864045766315,False,0.62415921952812,False,False
636,1574861474498226176,2.2508626733014525,7.03408069127747,0.9605263157894737,0.3323096821148863,False,-0.01698290720288232,False,-0.06516907646451188,False,False
637,1574861474564979200,2.237917140321944,7.040489412776039,0.9861111111111112,0.2717438178699777,False,0.32064038303080744,False,0.022159642235239443,False,False
638,1574861474631848192,2.2401413344471908,7.042690251124641,0.9659090909090909,0.24052460775739176,False,0.6889840892213991,False,-0.3666764673293606,False,False
639,1574861474698616576,2.2239741390723147,7.0425595768765135,1.0,0.13742868241806738,False,0.9389867757187756,False,0.12045623982976743,False,False
640,1574861474765359616,2.1974217879810967,7.034721943635425,0.9880952380952381,-0.06816784229391222,False,0.6438834299146698,False,0.19629047381265546,False,False
641,1574861474832098048,2.2118279316324423,7.034181845768767,0.9864864864864865,-0.13969246911783795,False,0.4049157432306958,False,0.21354218611033918,False,False
642,1574861474898848000,2.184915533727271,7.035049005220118,0.975609756097561,-0.32499837180947944,False,0.2896510272967922,False,-0.016642593650099582,False,False
643,1574861474965596160,2.2522635936913766,7.035420004263903,1.0,-0.11627883164036289,False,0.23121843740042033,False,0.36547995140526,False,False
644,1574861475032482816,2.2042448817518356,7.031459256087398,0.9871794871794872,-0.21147607618595274,False,-0.04725206474741491,False,0.3474102518363929,False,False
645,1574861475099232512,2.2539655202054547,7.033575872803569,1.0,-0.028260799585320698,False,-0.11522566955412811,False,0.6203169432457949,False,False
646,1574861475165976064,2.2095760460902087,7.030432689407405,1.0,-0.1230735874273363,False,-0.3513369309749016,False,0.811351627232373,False,False
647,1574861475232741632,2.253894334545889,7.032584692717434,1.0,0.0332632243846097,False,-0.3875365613830251,False,0.9450759060229875,False,False
648,1574861475299472128,2.2131893691896543,7.031246675654797,1.0,-0.06184930322450026,False,-0.49313124631621713,False,1.0386829011764194,False,False
649,1574861475366356736,2.22600435638062,7.042384751104477,0.978021978021978,-0.06403092176931517,False,0.10101990215649585,False,0.6146841158850349,False,False
650,1574861475433111552,2.268589295932705,7.042840477651586,0.979381443298969,0.1484373814127248,False,0.5442604160687788,False,0.3481647815562527,False,False
651,1574861475499857920,2.2614060713922424,7.041501899977524,1.0,0.261068458861046,False,0.7742402064013356,False,0.6208451140497058,False,False
652,1574861475566598144,2.225525505822844,7.032166820783413,0.98,0.1596052188779851,False,0.37530326373705797,False,0.36625479626723473,False,False
653,1574861475633347584,2.215797423149484,7.035043563558162,0.975609756097561,0.039695938568216974,False,0.26859589800061806,False,0.09025623345971166,False,False
654,1574861475700240640,2.2081037706881457,7.035688534144923,0.974025974025974,-0.08290226602418593,False,0.23258640567384486,False,-0.13821885731643344,False,False
655,1574861475766948352,2.273908411787796,7.03355222082842,1.0,0.1619567613958145,False,0.07924260224672032,False,0.28037656683882634,False,False
656,1574861475833732096,2.253743981225821,7.037870537579136,0.9736842105263158,0.23202892153773513,False,0.23091677393262475,False,-0.012746834315509471,False,False
657,1574861475900472832,2.1896845399350466,7.03737355417769,0.9540229885057471,-0.04082845735892248,False,0.3072793770340867,False,-0.6558540527568225,False,False
658,1574861475967230720,2.2588058537638225,7.044592679286428,0.9876543209876543,0.11551590476411427,False,0.7937399933377345,False,-0.3569474221471652,False,False
659,1574861476034109696,2.2165138975474856,7.044519428247941,0.975609756097561,0.012433805419424088,False,1.1298687902217714,False,-0.4159853194303658,False,False
660,1574861476100865792,2.2442336095092,7.045086684782419,0.9702970297029703,0.07957186885209472,False,1.3991832833645073,False,-0.5756439425734406,False,False
661,1574861476167642368,2.259569704747934,7.046988815503193,0.9876543209876543,0.20363459399091327,False,1.7017941962153138,False,-0.30080034501879455,False,False
662,1574861476234362368,2.2531304824966676,7.042836078633204,0.987012987012987,0.25812048514596936,False,1.6645385665510564,False,-0.1226944684021096,False,False
663,1574861476301091072,2.2197354297174283,7.043654591658643,0.9746835443037974,0.12844567343128244,False,1.687554453173315,False,-0.272638070450125,False,False
664,1574861476367985664,2.1962781712436406,7.04097185501475,0.975609756097561,-0.08020278690613339,False,1.5427536660395227,False,-0.35696877324243936,False,False
665,1574861476434738432,2.1923520876325706,7.04516144602856,0.9873417721518988,-0.24598584304746396,False,1.692686913988114,False,-0.1546892290738664,False,False
666,1574861476501480704,2.217594343989335,7.042461635301719,0.9787234042553191,-0.23518801953346274,False,1.6357041676073731,False,-0.20505327905934728,False,False
667,1574861476568222720,2.2196641970050393,7.0416610134447595,0.975609756097561,-0.2172282344526175,False,1.5477945391343522,False,-0.30965941926888835,False,False
668,1574861476634972928,2.218263194601605,7.043792514664496,1.0,-0.2116966231479144,False,1.6141063259911466,False,0.16036817347209636,False,False
669,1574861476701729536,2.22542264628237,7.043045761222733,0.9868421052631579,-0.1718472224891164,False,1.6157339257139947,False,0.19631738935928755,False,False
670,1574861476768598528,2.259284700280445,7.043560201520272,1.0,0.026209041678182592,False,1.6477296361013285,False,0.514551939511817,False,False
671,1574861476835371008,2.236579427537822,7.040798979293442,0.9659090909090909,0.050751170737404185,False,1.5045071204372302,False,-0.022001859235757953,False,False
672,1574861476902102272,2.2340544112392755,7.040809263344135,1.0,0.055242091603114864,False,1.4048682020609646,False,0.36172846549529175,False,False
673,1574861476968825344,2.2361638798819135,7.039983756580482,0.9878048780487805,0.06898611904403847,False,1.2856066438367175,False,0.35871374736319855,False,False
674,1574861477035604736,2.2113965628874293,7.040137479156459,0.96,-0.04585238606665046,False,1.2113439113374223,False,-0.26270371094121436,False,False
675,1574861477102479104,2.2298078065019995,7.038264752223951,0.9879518072289156,-0.033720196748739106,False,1.0470328851058066,False,-0.07511617439002348,False,False
676,1574861477169262592,2.2329462570905134,7.039778514043712,0.9662921348314607,-0.009456499358279219,False,1.0228113702699098,False,-0.42623787622711307,False,False
677,1574861477235977984,2.230828836551974,7.035641448354511,0.9761904761904762,-0.0031122534386335532,False,0.7577130066155453,False,-0.4515540684556674,False,False
678,1574861477302729472,2.25633230788201,7.0450713018012046,1.0,0.12948732426746803,False,1.137751555806626,False,0.06104191904134771,False,False
679,1574861477369491712,2.2453298234087047,7.040110087465168,0.9885057471264368,0.16701796429976526,False,1.1062023821472535,False,0.16384385136519633,False,False
680,1574861477436385024,2.2123108184108946,7.039105083780191,0.9855072463768116,0.027364170898788533,False,1.023837328629812,False,0.16901861470734866,False,False
681,1574861477503101696,2.2561265134914827,7.037586009119473,0.9873417721518988,0.14978667494055947,False,0.8750669207395156,False,0.21350194249098686,False,False
682,1574861477569811200,2.221021699558402,7.0376805799259206,0.975609756097561,0.05907569693818511,False,0.7766000402657224,False,-0.01667076418364868,False,False
683,1574861477636595200,2.2144796333047454,7.038577770504444,0.9605263157894737,-0.037296809985322775,False,0.7614871709540546,False,-0.5137500650627433,False,False
684,1574861477703326208,2.247407696644018,7.040554512531853,0.979381443298969,0.06071068169903945,False,0.8694741541901889,False,-0.4417391451071987,False,False
685,1574861477770233600,2.2534946051910003,7.039945922479738,0.9859154929577465,0.15990351536627834,False,0.9085615017303105,False,-0.24579647301464005,False,False
686,1574861477837012992,2.234430397212966,7.039221889894096,0.9891304347826086,0.1335381163502086,False,0.8924948024325444,False,-0.0370291503063929,False,False
687,1574861477903724032,2.2617384702707795,7.038432024900954,0.93,0.25230932541219875,False,0.8338716090783485,False,-1.2079235651017577,False,False
688,1574861477970487808,2.222949053629674,7.039020450272634,0.974025974025974,0.14052678323170814,False,0.8281294266716606,False,-1.0469447163094687,False,False
689,1574861478037196800,2.238601641010425,7.0357171092440645,0.9894736842105263,0.140935502901115,False,0.6259738247172544,False,-0.590187613681516,False,False
690,1574861478104098816,2.188501250743878,7.038995623048603,0.9873417721518988,-0.1105400485026359,False,0.6811118280996555,False,-0.31794241738121837,False,False
691,1574861478170851072,2.2448311979932343,7.0338351384700655,0.9647058823529412,-0.003506860951345974,False,0.4101799419227103,False,-0.631547367314567,False,False
692,1574861478237599232,2.201700209856647,7.033549749359553,1.0,-0.14532303837492366,False,0.20340983766202214,False,-0.06495339015987618,False,False
693,1574861478304346624,2.2134664489215607,7.036660042260314,0.975,-0.18546732171654215,False,0.24522771410003733,False,-0.22517079431144862,False,False
694,1574861478371097600,2.240208622319122,7.036248794010568,1.0,-0.07918505873462593,False,0.249833348513566,False,0.2195102109423157,False,False
695,1574861478437868544,2.210787107333496,7.037551421898635,1.0,-0.1526348121839956,False,0.33118957556878287,False,0.5307869146199508,False,False
696,1574861478504730624,2.2059191001830785,7.034309613690404,0.9883720930232558,-0.2285120745428591,False,0.1936936300839375,False,0.489688426654819,False,False
697,1574861478571464704,2.233120374467454,7.034595146070193,0.9634146341463414,-0.1449358489929417,False,0.11457284554537399,False,-0.09496617071280902,False,False
698,1574861478638202624,2.2056658344429327,7.0351515528428425,0.975609756097561,-0.2243954970206308,False,0.09256185746205946,False,-0.23259844342631733,False,False
699,1574861478704946432,2.252457638894678,7.033870290782677,0.975,-0.04488171427797587,False,0.00030341605765929095,False,-0.3425223315979591,False,False
700,1574861478771724544,2.2314739741073693,7.040894552455873,0.9857142857142858,-0.024667995029098014,False,0.3570412932771901,False,-0.1808262583924529,False,False
701,1574861478838608640,2.2202222538492378,7.035511703009114,0.9885057471264368,-0.06705990152421215,False,0.28389176094291985,False,-0.0054638728384657454,False,False
702,1574861478905314560,2.219759198473318,7.040857852771376,0.963855421686747,-0.09906115582646569,False,0.5533518689633069,False,-0.4317549751011009,False,False
703,1574861478972101888,2.2172420924373815,7.037485767501504,1.0,-0.1341108531083136,False,0.539714555765633,False,0.07490128438955417,False,False
704,1574861479038838784,2.2500118109323086,7.035904800591474,0.9620253164556962,0.006026899745099144,False,0.4353412375206237,False,-0.4162618982604498,False,False
705,1574861479105607168,2.259292665740842,7.036614810918911,0.9761904761904762,0.15076095482441582,False,0.4048666951487092,False,-0.44457088387900145,False,False
706,1574861479172455168,2.2381150002655854,7.037457332406902,0.9772727272727273,0.14565398339481547,False,0.43406938266533374,False,-0.4402818409912201,False,False
707,1574861479239219712,2.2333895319072665,7.038854373334225,0.9595959595959596,0.11833294634770314,False,0.5383064889852931,False,-0.8309999470423993,False,False
708,1574861479305947904,2.2650470804891425,7.037448604908773,0.9861111111111112,0.2582919478521487,False,0.5269537585760435,False,-0.5139219671692752,False,False
709,1574861479372723456,2.214780413625468,7.038158641132156,0.9875,0.10366602995614228,False,0.5615951809414945,False,-0.26103220413809625,False,False
710,1574861479439485952,2.239785135298023,7.036945545849852,0.9876543209876543,0.1210802043453075,False,0.5130821048424761,False,-0.08057212811405512,False,False
711,1574861479506359040,2.2693610547985923,7.036872120617916,1.0,0.28189336881348864,False,0.4747188688333021,False,0.3207292772804813,False,False
712,1574861479573102848,2.216727574507749,7.035024580607904,0.9878048780487805,0.12997178766189696,False,0.3370482145608125,False,0.33001431561282296,False,False
713,1574861479639838976,2.26477004148205,7.0325352302700725,0.9387755102040817,0.2650469759804883,False,0.09136625775318682,False,-0.7555333259715726,False,False
714,1574861479706608640,2.2226086390425848,7.0368394064277515,0.9540229885057471,0.1477325064481107,False,0.17755556211332857,False,-1.1758045969160718,False,False
715,1574861479773347840,2.241308860253184,7.035237689746744,1.0,0.15958367458614575,False,0.14181629434619372,False,-0.44593345088092873,False,False
716,1574861479840216576,2.2642635088113408,7.039576050240416,0.98989898989899,0.28322989742242005,False,0.3770158748865234,False,-0.16000675498354408,False,False
717,1574861479906951168,2.252481476694791,7.033259513211355,0.989010989010989,0.3105758502006717,False,0.1627864790154358,False,0.020363197522460467,False,False
718,1574861479973733632,2.240172989907952,7.037825224102534,0.9719626168224299,0.26786610362471885,False,0.2866795623074142,False,-0.23310181327099164,False,False
719,1574861480040446720,2.2589206257040453,7.036034969447515,0.9772727272727273,0.33217884293277034,False,0.2660243362611513,False,-0.2922534915656074,False,False
720,1574861480107200768,2.2683359583915785,7.033477924645145,0.96875,0.4245111591824385,False,0.09819283081385055,False,-0.5234891623354205,False,False
721,1574861480174093568,2.2774545073193626,7.039318289561671,1.0,0.5349657982823218,False,0.33101883386071823,False,0.010687353325520503,False,False
722,1574861480240816384,2.2344777372407236,7.037001293873736,0.9545454545454546,0.3963196048286325,False,0.35502245670016364,False,-0.6278130641842821,False,False
723,1574861480307592704,2.2524220597703613,7.035148083797736,0.989010989010989,0.38944006680788334,False,0.2606685101812659,False,-0.3071012189180553,False,False
724,1574861480374361856,2.2790376387358084,7.036265036976474,0.9866666666666667,0.5183714963149207,False,0.26161616712323216,False,-0.13481878663424546,False,False
725,1574861480441119232,2.2378062470286926,7.0324414491735165,1.0,0.4014298330878741,False,0.03293878669827564,False,0.2827566163163497,False,False
726,1574861480507843840,2.2525763698977173,7.032139099412614,0.9782608695652174,0.3937926571372344,False,-0.14527047196882475,False,0.0908566260688451,False,False
727,1574861480574715392,2.289054535479406,7.037013027885264,0.9885057471264368,0.5717546540418116,False,0.02232375459637512,False,0.1847141462844379,False,False
728,1574861480641436928,2.2719810587816345,7.041348410721442,0.9859154929577465,0.6105313798309772,False,0.3996781797590516,False,0.19272083095950804,False,False
729,1574861480708219648,2.2324792502328576,7.0326697248451655,1.0,0.4391728277287207,False,0.1432742863813977,False,0.5120343486319787,False,False
730,1574861480774951424,2.250284905286904,7.032504983278171,0.9777777777777777,0.4086978146774044,False,-0.04608972192379324,False,0.24059097708283228,False,False
731,1574861480841722368,2.2658426727380663,7.039364293811504,1.0,0.4655453209755397,False,0.23278040523732033,False,0.5455434509183131,False,False
732,1574861480908598784,2.2726538663578264,7.035620148428837,0.9866666666666667,0.5395658013656511,False,0.20341375072202594,False,0.46203248225122234,False,False
733,1574861480975350272,2.2900992848516117,7.032123807642975,1.0,0.6790458706161068,False,-0.026855205269214543,False,0.7005525045361788,False,False
734,1574861481042098432,2.258224091788424,7.0343871693805635,0.9761904761904762,0.6165044968831134,False,-0.052285886778720744,False,0.3371991980786386,False,False
735,1574861481108834560,2.337148528600783,7.034047999693129,1.0,0.969332163276503,False,-0.0904309341170666,False,0.6131692056153685,False,False
736,1574861481175569408,2.26575163581479,7.032843771331549,0.9855072463768116,0.85753189138315,False,-0.18936269659562943,False,0.4835463626824626,False,False
737,1574861481242480640,2.279108855283579,7.035561180506978,0.9555555555555556,0.8463936468963763,False,-0.09562334649236943,False,-0.2743134470016935,False,False
738,1574861481309226496,2.2668597821318572,7.034665946781002,0.9894736842105263,0.7770435242827639,False,-0.08370237542955804,False,-0.049345725166068374,False,False
739,1574861481375951104,2.2542347300862966,7.0334080071545415,0.9626168224299065,0.6650557390507612,False,-0.1508095540010836,False,-0.4900599986519753,False,False
740,1574861481442747136,2.257290082020287,7.037299883789551,0.9873417721518988,0.6020178715848801,False,0.03565216014685722,False,-0.24785308686054652,False,False
741,1574861481509480704,2.2837828278191465,7.038383025248205,1.0,0.6910212161801925,False,0.2311427353957284,False,0.20363260615793893,False,False
742,1574861481576352512,2.270754174256369,7.0355906445448895,0.9878048780487805,0.6878527024159297,False,0.20049772387450396,False,0.24804664582704497,False,False
743,1574861481643092480,2.3251369172358527,7.033735223966546,1.0,0.9589158352531658,False,0.06775714624863877,False,0.5507624190392596,False,False
744,1574861481709825792,2.288069082674141,7.033743817791535,0.9850746268656716,0.9623888368720442,False,-0.024645796097771542,False,0.4302257360132679,False,False
745,1574861481776567552,2.286244536328848,7.035265065561202,1.0,0.9556513306274297,False,0.001917358867197817,False,0.6782877821696041,False,False
746,1574861481843342848,2.258346757795313,7.037384277995956,1.0,0.8107447331896763,False,0.14762300655971516,False,0.851931214479051,False,False
747,1574861481910217728,2.2810481196870334,7.034461539643976,0.967391304347826,0.8233877182537741,False,0.0743096277100586,False,0.24717745862627954,False,False
748,1574861481976951808,2.3068642344918424,7.036099176589708,0.989010989010989,0.9619674917152491,False,0.12121655907376833,False,0.30539214704932466,False,False
749,1574861482043733248,2.2743714681035194,7.0399466636801415,0.9875,0.895692516291741,False,0.38482564272569697,False,0.3124876758149204,False,False
750,1574861482110465280,2.3077032612118478,7.037985435441062,0.9876543209876543,1.0167970800885173,False,0.45171653443893905,False,0.32089178785305733,False,False
751,1574861482177225472,2.2840321276985645,7.03574054460667,0.96,0.9826194298246188,False,0.36389046511757456,False,-0.2891790825983173,False,False
752,1574861482243941632,2.2950979636929003,7.035447884120396,0.9629629629629629,1.0143024894919004,False,0.28485829184116557,False,-0.6502336473916218,False,False
753,1574861482310822144,2.2688030248954245,7.032232439337868,0.9746835443037974,0.9043447880233001,False,0.03667175780070737,False,-0.6419154957427786,False,False
754,1574861482377567744,2.270540358205201,7.035454853809868,0.978021978021978,0.8361047463464157,False,0.05622324223705224,False,-0.5617347619583996,False,False
755,1574861482444375808,2.27215123040964,7.0328642533995716,1.0,0.7964315813104422,False,-0.08547624829492628,False,-0.01608456641056395,False,False
756,1574861482511106304,2.2550934897174373,7.028592351011242,1.0,0.6829427694287951,False,-0.44089676869964145,False,0.36587057047292343,False,False
757,1574861482577810688,2.2616870838724696,7.035593527346849,0.9528301886792453,0.6366343585369573,False,-0.2697570170651436,False,-0.4173894906140249,False,False
758,1574861482644716544,2.254032772333529,7.032532149031374,0.979381443298969,0.5657544563212542,False,-0.33358221864860194,False,-0.37428674299309,False,False
759,1574861482711445504,2.23934584626583,7.035494684853269,0.9555555555555556,0.442334612335138,False,-0.20056545504467949,False,-0.8747966209745885,False,False
760,1574861482778197504,2.2535499641226417,7.034417868699923,0.9565217391304348,0.4273184533922156,False,-0.17204170083904577,False,-1.2036334123477295,False,False
761,1574861482844946176,2.293562367407398,7.030434588189802,0.9320388349514563,0.6178752141531503,False,-0.3909942629408143,False,-1.9791349098846471,False,False
762,1574861482911722240,2.2631830244640865,7.027594962534031,0.9634146341463414,0.598604386124002,False,-0.7145832468744537,False,-1.8231425062904394,False,False
763,1574861482978568960,2.263923181375353,7.032052810905416,0.9534883720930233,0.5888342012643281,False,-0.6737115239993434,False,-1.9350387096008648,False,False
764,1574861483045351168,2.2446926360575645,7.035272249341842,0.9523809523809523,0.4853588202622208,False,-0.4519977638489035,False,-2.038031973874303,False,False
765,1574861483112116992,2.251080451986689,7.03282084928316,0.9852941176470589,0.4450257458524944,False,-0.44383435352353673,False,-1.377041548963373,False,False
766,1574861483178818816,2.250953792551506,7.035371271855606,0.9880952380952381,0.4161561119164323,False,-0.2851443237985111,False,-0.8519579783425345,False,False
767,1574861483245603584,2.2087924189640056,7.030950911010317,0.9759036144578314,0.18408041179106793,False,-0.4391967937461607,False,-0.7559475052624525,False,False
768,1574861483312465152,2.232336709874421,7.031590639031082,1.0,0.1399408643317899,False,-0.5086623107945533,False,-0.15203348672338698,False,False
769,1574861483379222784,2.2477995064635703,7.030302947515034,0.9896907216494846,0.18674595432554866,False,-0.6345245645066829,False,0.041084392992153995,False,False
770,1574861483445976064,2.2754400899859104,7.026636997278167,0.9736842105263158,0.3584074185249598,False,-0.9425137010343881,False,-0.18025135600817352,False,False
771,1574861483512724224,2.2237010420862697,7.028459125296179,0.9876543209876543,0.21857429838557543,False,-1.0488139317369962,False,-0.02402553442310509,False,False
772,1574861483579471616,2.246216374545895,7.026158233062965,0.9625,0.2338338929496716,False,-1.2612327791209208,False,-0.4749378893756323,False,False
773,1574861483646339584,2.2863910178311824,7.029156463575873,0.9571428571428572,0.4463989604647729,False,-1.23009058186373,False,-0.9098979353052377,False,False
774,1574861483713117440,2.2604601863152634,7.032759049985895,1.0,0.4648883558628512,False,-0.9922060794018068,False,-0.2597987877533375,False,False
775,1574861483779811840,2.2327007900896403,7.030113653722907,0.9651162790697675,0.3383359805430142,False,-0.9843591404180169,False,-0.5817059260854254,False,False
776,1574861483846561280,2.2420449586391067,7.034147774634035,0.9560439560439561,0.2967051065406752,False,-0.7368976599847137,False,-1.0091117450970333,False,False
777,1574861483913348608,2.210569345784008,7.02962795356682,0.9772727272727273,0.1093940204534308,False,-0.8347757891119172,False,-0.8354604438438316,False,False
778,1574861483980107008,2.2349448320639786,7.0310028906063184,1.0,0.1007665789069823,False,-0.8208210568714991,False,-0.20769254373035237,False,False
779,1574861484046936576,2.244261234607394,7.02973024932205,0.9868421052631579,0.1415436303785864,False,-0.8873864155279558,False,-0.06132511268242822,False,False
780,1574861484113735680,2.2484445449010333,7.034785594877713,1.0,0.19110930132979323,False,-0.6307599700861592,False,0.33420218808262503,False,False
781,1574861484180448000,2.2426702626617496,7.031309651203148,0.9736842105263158,0.1967886735947,False,-0.6596103270024871,False,0.024931100555151277,False,False
782,1574861484247259392,2.2294555125962394,7.032991645479547,0.9565217391304348,0.13435821755069552,False,-0.578918705041242,False,-0.5738240072769116,False,False
783,1574861484313943040,2.264912574823288,7.0295015611314,0.9863013698630136,0.26883372740920763,False,-0.7317716031842166,False,-0.3296611138375484,False,False
784,1574861484380868864,2.2350477839557996,7.027157150224516,0.975609756097561,0.2128917218156247,False,-0.9793875899477271,False,-0.396884903613625,False,False
785,1574861484447616000,2.23804376655074,7.027900758130742,0.9871794871794872,0.18878756064287866,False,-1.1081168004261446,False,-0.18624514667683983,False,False
786,1574861484514324736,2.2730060317298073,7.028676435936999,0.974025974025974,0.3476050506955933,False,-1.1517016985969646,False,-0.3317698234120195,False,False
787,1574861484581091328,2.224326344918495,7.0267547511795705,0.9722222222222222,0.21415487742628228,False,-1.297474756027004,False,-0.4738126518279396,False,False
788,1574861484647812608,2.2519471794277353,7.030025969309099,0.971830985915493,0.2595384157148857,False,-1.2033065697734364,False,-0.581956766119068,False,False
789,1574861484714725632,2.2391835924501895,7.034764654437494,0.9583333333333334,0.22716803518851514,False,-0.8531600963084051,False,-0.9582952829227908,False,False
790,1574861484781462016,2.2689375660231943,7.032008831728199,0.9620253164556962,0.35402675849718435,False,-0.7733532120110177,False,-1.1394994953790896,False,False
791,1574861484848248832,2.2610023902423504,7.030678444300987,0.9540229885057471,0.40295246707602833,False,-0.7972857072391915,False,-1.4445809155013327,False,False
792,1574861484914965760,2.2562253267867107,7.031556934792382,0.9871794871794872,0.4131950332620794,False,-0.7613461476116035,False,-0.919632354998222,False,False
793,1574861484981730816,2.2361242731204585,7.030271091298565,1.0,0.31935414854174,False,-0.8133140023377482,False,-0.26661288153844054,False,False
794,1574861485048598016,2.245959153596126,7.028490527375487,0.9859154929577465,0.3030872158511751,False,-0.9564906299680872,False,-0.1232080885165003,False,False
795,1574861485115348224,2.230163817565179,7.029873626946587,1.0,0.2123265313070319,False,-0.9737552538845589,False,0.29088410499877954,False,False
796,1574861485182105344,2.2623598228430133,7.0323692701003395,0.967032967032967,0.31058360177955124,False,-0.8361505455112853,False,-0.15353688238869562,False,False
797,1574861485248832000,2.22709671920072,7.033295423290458,0.9746835443037974,0.20216139176055745,False,-0.6842761104622864,False,-0.2942277602407352,False,False
798,1574861485315614464,2.1850461577074562,7.029474141195721,0.987012987012987,-0.08504426493743965,False,-0.8071664486610087,False,-0.11809365905746806,False,False
799,1574861485382467072,2.229435579506979,7.027320331653517,0.9888888888888889,-0.06302500605759245,False,-1.0223762767104816,False,0.04698278866015586,False,False
800,1574861485449199616,2.2089467505188782,7.029951394788306,1.0,-0.15057083256652243,False,-1.0152106519218698,False,0.41001771902243556,False,False
801,1574861485515956736,2.197259652361397,7.031543203725143,0.9868421052631579,-0.2705822575537097,False,-0.9147172052831412,False,0.37107207124451835,False,False
802,1574861485582735616,2.2030893568750716,7.0338210606369715,0.9885057471264368,-0.32529515275671783,False,-0.7077447770313706,False,0.38086495790741415,False,False
803,1574861485649446400,2.2188449516586983,7.03010210259316,1.0,-0.28442005321243885,False,-0.7859290713933608,False,0.6437352374955114,False,False
804,1574861485716358912,2.215591722175416,7.029324714590556,0.9871794871794872,-0.272155428827067,False,-0.8872862050570134,False,0.5421889520995606,False,False
805,1574861485783098112,2.1887584217587595,7.023851354854234,0.9746835443037974,-0.3984113794345375,False,-1.2865310981921096,False,0.19278032390104166,False,False
806,1574861485849838592,2.1965749912798023,7.028794231554906,0.9659090909090909,-0.44751116060911694,False,-1.2695262659851017,False,-0.24724199016329493,False,False
807,1574861485916608512,2.2072924205988875,7.029956078477198,0.987012987012987,-0.42802438615132476,False,-1.1879347143733328,False,-0.08520362000325984,False,False
808,1574861485983355392,2.2117447803489276,7.025541007636227,0.9876543209876543,-0.3920098969576586,False,-1.395638821851623,False,0.0425078807803287,False,False
809,1574861486050073088,2.21719061703969,7.0268023792910554,0.987012987012987,-0.33943364316507013,False,-1.4653739839646462,False,0.11762128965727833,False,False
810,1574861486116946176,2.2061288874693448,7.027769891242211,1.0,-0.3582170449920651,False,-1.4561567387429537,False,0.4594646697204196,False,False
811,1574861486183724288,2.222565177223224,7.029396203443865,0.9743589743589743,-0.2887707101157876,False,-1.3521576344361805,False,0.1276440735493775,False,False
812,1574861486250487552,2.2065562598100184,7.026332660505458,0.9764705882352941,-0.3206053844778544,False,-1.463111124332966,False,-0.057597676293811226,False,False
813,1574861486317221888,2.194172577050186,7.030254169322104,0.9882352941176471,-0.4051194406139725,False,-1.3055644747939061,False,0.07477224618531421,False,False
814,1574861486383966720,2.208269967777906,7.027334598827402,1.0,-0.39343786721088025,False,-1.3703991426606768,False,0.42947033929004147,False,False
815,1574861486450853376,2.1929378031885984,7.027013733386894,1.0,-0.4623070944868821,False,-1.4350290824130805,False,0.6777590044633472,False,False
816,1574861486517599232,2.2239503688127393,7.024457678501422,0.98,-0.35467295812054317,False,-1.633583511735783,False,0.40609451955677056,False,False
817,1574861486584334080,2.200208157967897,7.026587891606541,0.9883720930232558,-0.3986370813830616,False,-1.6448003472437298,False,0.4024037501105896,False,False
818,1574861486651106560,2.220230172256812,7.026898131647352,0.9418604651162791,-0.32879847083689917,False,-1.6340437767294833,False,-0.6361485106596091,False,False
819,1574861486717827584,2.227737857970942,7.027736271026804,0.9555555555555556,-0.24218424468732902,False,-1.576242151290496,False,-1.058099858341147,False,False
820,1574861486784736512,2.2014745983172728,7.028264117211609,0.9759036144578314,-0.3135309373717833,False,-1.5041205309683015,False,-0.9002468212614746,False,False
821,1574861486851479808,2.1993730000582548,7.026288272415094,1.0,-0.37403445527800694,False,-1.5721475721318314,False,-0.25304300792271567,False,False
822,1574861486918218240,2.1826161777752215,7.030344586835319,0.9900990099009901,-0.5005923559528733,False,-1.3764666998432165,False,-0.020528333896406563,False,False
823,1574861486984957184,2.2282761627006895,7.030811781100001,0.989247311827957,-0.359734905704545,False,-1.2114675397300778,False,0.12326178778773492,False,False
824,1574861487051748608,2.2166721239766027,7.034095249382311,0.9605263157894737,-0.31944665138205997,False,-0.8990240308047464,False,-0.4157972786827683,False,False
825,1574861487118603520,2.179097768084475,7.0266306922866395,1.0,-0.48006140714194967,False,-1.1280415040403287,False,0.08607167188238701,False,False
826,1574861487185356032,2.200136843555266,7.0230133756327024,0.9746835443037974,-0.4867673608617926,False,-1.505322227205797,False,-0.1265017722509782,False,False
827,1574861487252116224,2.195253113055299,7.028012829859472,0.9876543209876543,-0.5160029754992479,False,-1.4695489272415698,False,0.013599174206928327,False,False
828,1574861487318812416,2.1927003020866973,7.024396820094282,1.0,-0.5492961474293763,False,-1.6613977213155524,False,0.38664918890516886,False,False
829,1574861487385598464,2.164897427344541,7.0282312679334575,0.989010989010989,-0.712314805667754,False,-1.5656997463895923,False,0.40302235824454713,False,False
830,1574861487452479232,2.206358247994147,7.022314472548829,0.9850746268656716,-0.6180812891721655,False,-1.8536035591341593,False,0.32680769345695937,False,False
831,1574861487519223552,2.2266099563127653,7.02414630377001,0.9770114942528736,-0.4503500853135275,False,-1.945262060129531,False,0.09386463453204767,False,False
832,1574861487585985536,2.192075001071426,7.022336172804217,1.0,-0.5064813516901739,False,-2.117995586401821,False,0.44283501113275814,False,False
833,1574861487652722688,2.1838271860762504,7.016266316770456,0.9767441860465116,-0.5872196928359814,False,-2.602982105534311,False,0.1691299136743195,False,False
834,1574861487719481600,2.2033980467065626,7.026704835728019,0.9615384615384616,-0.5453901467252575,False,-2.3163649950435885,False,-0.36114573679051143,False,False
835,1574861487786222592,2.2122553395603384,7.024326947783413,0.9873417721518988,-0.4716002960091621,False,-2.2583599455051644,False,-0.15761310355751934,False,False
836,1574861487853098240,2.203869017294724,7.020439415736519,0.9558823529411765,-0.462089874112731,False,-2.450932559372208,False,-0.7158462081649892,False,False
837,1574861487920546816,2.1968044551829795,7.020175978373561,1.0,-0.4909330178208974,False,-2.601534496037712,False,-0.12396257875516599,False,False
838,1574861487986613248,2.204660587639311,7.024845756609938,1.0,-0.4716450247351584,False,-2.4268601790302466,False,0.2903559618317135,False,False
839,1574861488053358592,2.2621263570219847,7.025469835089527,0.9879518072289156,-0.16936968672479463,False,-2.2671556126459174,False,0.31202559655101614,False,False
840,1574861488120099072,2.225668026633369,7.023821084998209,1.0,-0.14098529549417171,False,-2.2542552848572606,False,0.5955476845460295,False,False
841,1574861488186955520,2.2559642164448857,7.018938395304567,0.9866666666666667,0.031126482501555603,False,-2.538091265526649,False,0.49703544579061554,False,False
842,1574861488253731840,2.2440713576671465,7.022032137480845,1.0,0.09184140400497584,False,-2.5512122234434127,False,0.7250545790137574,False,False
843,1574861488320448256,2.2162684088684808,7.026573197646274,0.975,-0.0053719609745188765,False,-2.288021796646154,False,0.32783478411009154,False,False
844,1574861488387245824,2.212207870842169,7.026682379055302,1.0,-0.09382610310863995,False,-2.0972397414680537,False,0.6066141158373864,False,False
845,1574861488453979136,2.233797130110762,7.020707135702914,0.9791666666666666,-0.04725487470375786,False,-2.3220904368565036,False,0.33773199124660636,False,False
846,1574861488520813568,2.232870978665434,7.0265942208206145,1.0,-0.019309058822299954,False,-2.1263755653504006,False,0.613542160832941,False,False
847,1574861488587591680,2.243687468322736,7.026309040408656,1.0,0.05460742599865739,False,-2.0064804213873297,False,0.8066092795433769,False,False
848,1574861488654348032,2.211345129937525,7.023302898736049,0.961038961038961,-0.0561759291571157,False,-2.1028637264200376,False,0.07396428109285733,False,False
849,1574861488721124352,2.2064811020556965,7.0277615641574265,1.0,-0.15816671631440457,False,-1.9028990212403887,False,0.42890476372531666,False,False
850,1574861488787814656,2.2287153445013135,7.0278974281451765,0.9736842105263158,-0.11783000634589488,False,-1.754774536558078,False,0.09122290350503708,False,False
851,1574861488854741248,2.21065647946879,7.03075170517956,0.9878048780487805,-0.180342699289322,False,-1.4798864096803759,False,0.16935985397000788,False,False
852,1574861488921484032,2.1947861223622622,7.028143536951209,0.972972972972973,-0.30385240768778926,False,-1.4439039771616735,False,-0.10630016029835362,False,False
853,1574861488988238848,2.1935592125249572,7.0276034051439,0.9726027397260274,-0.3964746016752663,False,-1.4511136547969812,False,-0.30750849665659286,False,False
854,1574861489054947840,2.2510685429389055,7.029571722352227,0.9634146341463414,-0.1723174941789269,False,-1.3380997623191313,False,-0.6530040170307907,False,False
855,1574861489121746432,2.2028360257246087,7.027014076172035,0.974025974025974,-0.2577828438021185,False,-1.4123989557468488,False,-0.6585010326597851,False,False
856,1574861489188606976,2.2258461088999058,7.025888885830817,1.0,-0.201979616487525,False,-1.5318978798449188,False,-0.0838209559015248,False,False
857,1574861489255345152,2.2387205424311487,7.026909665389091,0.9634146341463414,-0.09822148018975785,False,-1.554320249856946,False,-0.4964227385022538,False,False
858,1574861489322100224,2.2332984564520504,7.029820039108295,0.9880952380952381,-0.05283754540178243,False,-1.39545021359105,False,-0.23552481101975445,False,False
859,1574861489388827392,2.2105496431345424,7.028212797058377,0.9619047619047619,-0.135384844549025,False,-1.3806443834601547,False,-0.6362453160447202,False,False
860,1574861489455607296,2.2402282849329613,7.029516055777179,0.99,-0.0440285172594021,False,-1.2921101818548615,False,-0.29097522953492555,False,False
861,1574861489522474496,2.2260361176005916,7.0277282260262135,0.972972972972973,-0.05139676690269391,False,-1.3373711781036155,False,-0.4285347187518103,False,False
862,1574861489589238016,2.2462599495802387,7.02659926404767,1.0,0.04507311805254431,False,-1.436769588900748,False,0.0771554638340625,False,False
863,1574861489655975936,2.1898705877872886,7.026162217404167,0.9777777777777777,-0.17076260262580706,False,-1.5325627563249202,False,-0.0638242422757058,False,False
864,1574861489722738688,2.1914140180233654,7.030603850713537,0.9746835443037974,-0.314091648538046,False,-1.3332065495564356,False,-0.23142891216164235,False,False
865,1574861489789448960,2.1955736555150427,7.024343805581358,1.0,-0.3935192049846518,False,-1.5691378943731915,False,0.2151295284471768,False,False
866,1574861489856230912,2.2086616927332092,7.042734775195061,0.9833333333333333,-0.3833492281208609,False,-0.6311901285820614,False,0.15649831143344403,False,False
867,1574861489923104768,2.2157302239323404,7.0449924976274545,1.0,-0.3407098600464847,False,0.16079264676363647,False,0.48667858496372735,False,False
868,1574861489989863936,2.215306800347972,7.037583660718827,0.9746835443037974,-0.31299006670668467,False,0.2707947851686853,False,0.15392306690596005,False,False
869,1574861490056565760,2.216327749136279,7.039971809718555,0.9733333333333334,-0.2884557971061289,False,0.4910386731600918,False,-0.10907948690935634,False,False
870,1574861490123356672,2.2125363684871258,7.0388214080854405,0.978021978021978,-0.29033404056478596,False,0.5762077199503943,False,-0.1887495557750048,False,False
871,1574861490190088448,2.2204121287219185,7.041242917135958,0.9629629629629629,-0.25207198489920146,False,0.7810693966177695,False,-0.5799329786153071,False,False
872,1574861490256952320,2.2155442297742,7.046220747218046,0.9647058823529412,-0.2497504371435021,False,1.2230453492733995,False,-0.8149407601784224,False,False
873,1574861490323779328,2.2084203345058353,7.043184696428913,0.9879518072289156,-0.2839239503820476,False,1.3503246463109508,False,-0.46168210885606586,False,False
874,1574861490390473728,2.221710299465714,7.044516798914229,1.0,-0.2410614273750275,False,1.5193203385304563,False,0.053952290761080324,False,False
875,1574861490457244160,2.216684075472174,7.043784342983569,1.0,-0.23631515856999746,False,1.5936842439917984,False,0.4148963704930711,False,False
876,1574861490523973632,2.2062990331274497,7.046377557646609,1.0,-0.2851790994117495,False,1.8012813116609057,False,0.6675572263054663,False,False
877,1574861490590847488,2.2291072966384267,7.045468673938512,0.9736842105263158,-0.2047690587433224,False,1.8920839521526869,False,0.2582796273111385,False,False
878,1574861490657597696,2.240901239181139,7.040369209469601,0.9882352941176471,-0.0892157754665554,False,1.649777329149545,False,0.2958863587087675,False,False
879,1574861490724318720,2.2184333824255558,7.047006258647587,0.9753086419753086,-0.12123268360447796,False,1.8782562769334497,False,0.03429151370103695,False,False
880,1574861490791102976,2.2106485687049506,7.041905315162511,0.9438202247191011,-0.1827643260945577,False,1.7322343568932368,False,-0.8501767086396446,False,False
881,1574861490857848320,2.2651461137610207,7.044012110331561,1.0,0.04802151355427429,False,1.7563856581724422,False,-0.2179939290874297,False,False
882,1574861490924742144,2.23171537284027,7.045006002541388,0.9772727272727273,0.0415773277495577,False,1.8329057290952995,False,-0.2816779726371207,False,False
883,1574861490991481344,2.2230044986473074,7.046372133056944,0.9876543209876543,-0.00670699595699685,False,1.968410981587519,False,-0.09502416606336894,False,False
884,1574861491058213120,2.2131498351689833,7.046679371848718,0.9711538461538461,-0.09002712159432319,False,2.081692997258856,False,-0.331886981776185,False,False
885,1574861491124965632,2.2149663860114965,7.052524087036453,1.0,-0.1392227807121972,False,2.5115593965673852,False,0.1448088797169912,False,False
886,1574861491191729408,2.2361045148033054,7.048922837959832,0.9714285714285714,-0.0674376096211145,False,2.5964611256389047,False,-0.15788480370619573,False,False
887,1574861491258605824,2.23946451655757,7.04479637968965,0.9662921348314607,-0.0003034985682671269,False,2.4083852711051494,False,-0.48417591674843696,False,False
888,1574861491325311488,2.2250782647067884,7.045483107065985,0.974025974025974,-0.02560260215156779,False,2.3179224300873726,False,-0.5403213624621341,False,False
889,1574861491392098304,2.2199927072433616,7.039253848927649,0.9846153846153847,-0.06886763116583731,False,1.880964371362749,False,-0.3437617640923068,False,False
890,1574861491458829568,2.2361243024423256,7.044472807229214,0.9876543209876543,-0.018089569211214056,False,1.8881295024346851,False,-0.13848282008199758,False,False
891,1574861491525602304,2.2008137021383742,7.043896174468511,0.9642857142857143,-0.15998576273776366,False,1.858558368045185,False,-0.5152841901825882,False,False
892,1574861491592360960,2.2341691814878524,7.0423277844234216,0.9866666666666667,-0.09169702485015552,False,1.743785741718898,False,-0.2805468665194209,False,False
893,1574861491659223296,2.2198621092017503,7.0460709649322055,0.9772727272727273,-0.115790000966956,False,1.8879627731921123,False,-0.3254650288395046,False,False
894,1574861491725945344,2.2389263428364172,7.040091870777113,0.9767441860465116,-0.03685457273731535,False,1.6302575881063237,False,-0.3686801143062727,False,False
895,1574861491792722944,2.2066156688714265,7.049521140601303,0.9651162790697675,-0.14396554924860033,False,2.0154363563208877,False,-0.6579228546724685,False,False
896,1574861491859437568,2.2062951176401846,7.044435596126759,0.958904109589041,-0.22055404877252022,False,1.980027951062321,False,-0.9987584584225018,False,False
897,1574861491926230016,2.203682961140886,7.041596825574174,0.9803921568627451,-0.2872924599365419,False,1.784971166442949,False,-0.758733066217672,False,False
898,1574861491993105408,2.1867163422362057,7.048693340000437,0.9876543209876543,-0.41926904404104487,False,2.0740839602733163,False,-0.428962731569754,False,False
899,1574861492059840512,2.220732776032395,7.045036879163575,0.9770114942528736,-0.34071518855461563,False,2.057146536061968,False,-0.4351746629866599,False,False
900,1574861492126601728,2.1839617958096693,7.040414449999271,0.989010989010989,-0.4705069454015954,False,1.7680346878554611,False,-0.17225433807972146,False,False
901,1574861492193363968,2.188540853683465,7.044566105432967,0.975,-0.5383507518563928,False,1.8146747976722568,False,-0.30028145785534033,False,False
902,1574861492260077056,2.213628728487815,7.040740637240914,0.9489795918367347,-0.45977124303087075,False,1.6178693475658799,False,-0.9694615150891485,False,False
903,1574861492326966784,2.1900249876032163,7.039727265706019,0.975,-0.5233777741383725,False,1.419322992643301,False,-0.8583264817619376,False,False
904,1574861492393723904,2.217523107893653,7.041980538262175,0.9836065573770492,-0.42972034290693106,False,1.4154929776505378,False,-0.5888352870991663,False,False
905,1574861492460480768,2.228062436620034,7.046455418898884,0.9518072289156626,-0.3111985008173271,False,1.6812175827172764,False,-1.108468308775092,False,False
906,1574861492527224064,2.20695209335086,7.044286460891076,1.0,-0.3343157175871379,False,1.7371296022852007,False,-0.39879804918223466,False,False
907,1574861492593971968,2.172840677822265,7.042737649269005,0.9888888888888889,-0.521912530529673,False,1.6833695074950559,False,-0.14951028442718078,False,False
908,1574861492660841472,2.19538763413393,7.038114951891785,0.987012987012987,-0.5399286065303139,False,1.3684657023363056,False,-0.016791425987979947,False,False
909,1574861492727571200,2.1995036667994956,7.042728084973301,1.0,-0.5318562045513648,False,1.4247311062121106,False,0.3653757687687372,False,False
910,1574861492794356992,2.2087093135742237,7.042978450980539,1.0,-0.4799458262534253,False,1.4791339693220746,False,0.6328928050984326,False,False
911,1574861492861099008,2.1757218794235413,7.045554556548862,0.9879518072289156,-0.6093751548282675,False,1.6717320951460315,False,0.5518013868377343,False,False
912,1574861492927856640,2.1350998175246634,7.0397061773258285,0.987012987012987,-0.9041073789305214,False,1.4557620241844453,False,0.47412674389745896,False,False
913,1574861492994731776,2.1704620896452185,7.042692272617943,0.9746835443037974,-0.9327194406091511,False,1.4836904882249502,False,0.14513677815957546,False,False
914,1574861493061486592,2.17395277938028,7.0416207767939785,1.0,-0.9352066666256632,False,1.4389715487969792,False,0.47872551167203253,False,False
915,1574861493128226560,2.172852507926563,7.034399837798336,0.9743589743589743,-0.9424767468838184,False,0.9745526992063774,False,0.1411266629155016,False,False
916,1574861493194979584,2.1720253622795265,7.038982686689945,1.0,-0.9517223287135039,False,0.9243411108729102,False,0.4759184310011693,False,False
917,1574861493261725184,2.1710953318113058,7.041004725149465,0.9746835443037974,-0.9628677726432854,False,1.0104758938201004,False,0.14639095913216776,False,False
918,1574861493328608000,2.153994106932421,7.037846415149197,0.971830985915493,-1.0566056940327155,False,0.8813332024228122,False,-0.1478142384470044,False,False
919,1574861493395357440,2.1902941031277967,7.039255533745999,1.0,-0.9398095456854435,False,0.875452968258571,False,0.2736598000474168,False,False
920,1574861493462112768,2.1736242610909757,7.038871549389485,1.0,-0.9418205917558635,False,0.8483052274273623,False,0.56869162699351,False,False
921,1574861493528828416,2.1583000886524824,7.0330577881777465,0.9545454545454546,-1.020234490957863,False,0.4805894557237496,False,-0.23721007261668947,False,False
922,1574861493595603712,2.1585572951606053,7.035163861546459,0.9230769230769231,-1.0738317207628005,False,0.34951176688722246,False,-1.5022501705170734,False,False
923,1574861493662350592,2.136837480235534,7.032033244431448,1.0,-1.2204949704457588,False,0.06998137857782187,False,-0.6744453524016225,False,False
924,1574861493729233408,2.1676520963840953,7.036031889698278,1.0,-1.1683113743033064,False,0.11415088272558722,False,-0.09498197972081592,False,False
925,1574861493795972352,2.1582723557901646,7.036931159160941,1.0,-1.1789174003564777,False,0.19900817517652242,False,0.3106423811557438,False,False
926,1574861493862733824,2.173038536199567,7.0370810854878485,0.9850746268656716,-1.1121394417111217,False,0.26740093720079255,False,0.2621417094948036,False,False
927,1574861493929510400,2.171293204912195,7.032717299183458,1.0,-1.0741654109963847,False,0.05353374958742542,False,0.5606289636066824,False,False
928,1574861493996206848,2.1629860053218275,7.037478032095814,0.9855072463768116,-1.0893284602962943,False,0.18937789863676047,False,0.4467681932763872,False,False
929,1574861494063098112,2.199515535153792,7.03608832019576,0.975609756097561,-0.9163764620030025,False,0.2011131766943867,False,0.14661561136613158,False,False
930,1574861494129841408,2.1577261875373623,7.030145841302906,0.9634146341463414,-1.0053075356427241,False,-0.14710503373859068,False,-0.335117141414891,False,False
931,1574861494196622848,2.192791347280244,7.033538865765492,0.9875,-0.8913518243587502,False,-0.18734244880570808,False,-0.13586882611002732,False,False
932,1574861494263352576,2.1728207771562214,7.0310212186568855,1.0,-0.911937808974275,False,-0.3665183928663804,False,0.28202158868329824,False,False
933,1574861494330098688,2.203409810053492,7.035605440607123,0.9878048780487805,-0.772633715514608,False,-0.2169775905740257,False,0.3029189335947899,False,False
934,1574861494396986368,2.1708736137677973,7.028104647112916,0.9764705882352941,-0.8386199084099207,False,-0.5622004360588946,False,0.06509472573797578,False,False
935,1574861494463762688,2.1976672908198056,7.030384029017333,0.9777777777777777,-0.7501681688564146,False,-0.6671379424630568,False,-0.07226675894297144,False,False
936,1574861494530472704,2.1855804747103833,7.029415043820116,0.9866666666666667,-0.7489899377052417,False,-0.7987144216946126,False,0.029565335348322317,False,False
937,1574861494597222400,2.184895817294022,7.030078712614108,0.989010989010989,-0.7516056777288909,False,-0.8510107654924035,False,0.15306366075476283,False,False
938,1574861494663977216,2.1887625055648146,7.029210108630718,0.9761904761904762,-0.73400603195398,False,-0.9397175146619151,False,-0.04604299256835099,False,False
939,1574861494730852608,2.154417583584356,7.027642114931954,0.9838709677419355,-0.8942744445657974,False,-1.0958612982800358,False,-0.014347546005175517,False,False
940,1574861494797611776,2.173794298452401,7.032990195940961,1.0,-0.9090915588147168,False,-0.8843813289969508,False,0.3670864847567077,False,False
941,1574861494864353536,2.228671806777165,7.030491722551904,0.9866666666666667,-0.6436961794116877,False,-0.8862050545661022,False,0.3371126059380952,False,False
942,1574861494931101440,2.1934167616358056,7.029967484925904,0.9620253164556962,-0.6350810780549822,False,-0.9189257017876216,False,-0.23271397317646939,False,False
943,1574861494997856256,2.2034494922498324,7.031290467084568,1.0,-0.5786345951363883,False,-0.8624770123788588,False,0.2142299857367888,False,False
944,1574861495064722688,2.1694805624770948,7.029825362620848,0.984375,-0.7098208069138514,False,-0.910840640367028,False,0.17907001437616357,False,False
945,1574861495131499776,2.1896924500096966,7.029185527161011,0.9361702127659575,-0.7000835180140806,False,-0.9830728361238774,False,-0.9192229799802624,False,False
946,1574861495198249216,2.197940262436076,7.028711939134416,0.9736842105263158,-0.6518209740106624,False,-1.0620414237549585,False,-0.8524665170888716,False,False
947,1574861495264981760,2.1945604465090085,7.030918545694476,1.0,-0.6350212535608729,False,-0.9849660518139113,False,-0.21959679500189438,False,False
948,1574861495331721728,2.2029310488710188,7.033110967783392,0.9866666666666667,-0.581197970414081,False,-0.7995106999626002,False,-0.07356568989292292,False,False
949,1574861495398482432,2.186577826914785,7.031785967139694,0.9761904761904762,-0.6256989607553494,False,-0.7491661658890691,False,-0.204683538021731,False,False
950,1574861495465358592,2.1914655994622083,7.029015257333848,0.9875,-0.6322878950917885,False,-0.880113574785593,False,-0.04456530373481283,False,False
951,1574861495532109568,2.1797269912282893,7.032069342965682,0.9863013698630136,-0.6958883410888325,False,-0.7885911521578095,False,0.04081997864192569,False,False
952,1574861495598866432,2.169630960218537,7.030486748702065,1.0,-0.7911426588336963,False,-0.8194502648207388,False,0.4057037520096744,False,False
953,1574861495665600768,2.2129638283548236,7.027223269382803,1.0,-0.6400667965585004,False,-1.0367967923650994,False,0.6611223933671019,False,False
954,1574861495732350208,2.2078781395382077,7.0314108208104145,0.9885057471264368,-0.5598700095404618,False,-0.9377678981206775,False,0.5839001833932144,False,False
955,1574861495799214592,2.20718552355334,7.030639503291522,0.9883720930232558,-0.5072127534068458,False,-0.9147116890605245,False,0.5268677147961018,False,False
956,1574861495865947136,2.166013579972126,7.0310986205830055,0.9848484848484849,-0.6772476026262773,False,-0.871034254166033,False,0.40846250782676713,False,False
957,1574861495932725504,2.1920354992546853,7.034683532319843,0.9506172839506173,-0.6655081161104185,False,-0.6254352212411874,False,-0.4368638862717785,False,False
958,1574861495999479296,2.184060670505386,7.028165047354853,0.9863013698630136,-0.6973651351469373,False,-0.8444979403080043,False,-0.23378902913395852,False,False
959,1574861496066235904,2.1572393648152577,7.028564330897025,0.9540229885057471,-0.854445960926568,False,-0.9738926138047059,False,-0.8105835891297418,False,False
960,1574861496133101824,2.179754772615789,7.030252821696718,0.9620253164556962,-0.8512593817117712,False,-0.9631923486796492,False,-1.0361013097239504,False,False
961,1574861496199866624,2.216969018915096,7.029487249500717,0.9787234042553191,-0.6620218448890569,False,-1.001621572615419,False,-0.8220417355144053,False,False
962,1574861496266612992,2.2059864126465327,7.027784096488208,1.0,-0.5847447426419259,False,-1.1306780129216896,False,-0.19829944789976464,False,False
963,1574861496333353472,2.1926726437194635,7.0318064463909185,0.946236559139785,-0.5975543716961541,False,-0.9797549290604135,False,-0.9591705737950105,False,False
964,1574861496400099328,2.1735450491970587,7.029747712184108,0.9876543209876543,-0.7026400211046004,False,-0.9975926947163806,False,-0.569268986873895,False,False
965,1574861496466980608,2.2005762230278725,7.032432782770865,1.0,-0.6403644456938306,False,-0.8490272318262013,False,-0.021358523851403414,False,False
966,1574861496533723136,2.195431210703286,7.03256354045145,0.9852941176470589,-0.6226259686268999,False,-0.7371884956461833,False,0.03462986605265205,False,False
967,1574861496600472320,2.1966739437599148,7.030765153260112,0.963855421686747,-0.6039641226222812,False,-0.7667695583335516,False,-0.4036893578773184,False,False
968,1574861496667223552,2.1890791154328704,7.029648405850212,0.9857142857142858,-0.6290659333293052,False,-0.8544593796005613,False,-0.223643176788002,False,False
969,1574861496734013952,2.2124572004507015,7.03168416737175,0.9651162790697675,-0.5291589666720435,False,-0.7937362434706486,False,-0.5563969984096921,False,False
970,1574861496800837888,2.196044636910944,7.038286218618683,0.974025974025974,-0.5416995785342394,False,-0.3552356579905076,False,-0.5908761196250244,False,False
971,1574861496867618560,2.233943544511133,7.03655890566613,0.9733333333333334,-0.3600305541156764,False,-0.1518903571924453,False,-0.630438917481052,False,False
972,1574861496934364928,2.2004733077883842,7.036814701867046,0.95,-0.40105498265796075,False,0.005794139540730771,False,-1.17784385159614,False,False
973,1574861497001105664,2.190278241313879,7.03370505104129,1.0,-0.4810037556157094,False,-0.07034515018126604,False,-0.4473609291569831,False,False
974,1574861497067855104,2.1848878176874336,7.037723186887259,0.9743589743589743,-0.5640555494380101,False,0.1173671778231686,False,-0.5071338456648093,False,False
975,1574861497134722816,2.1643632575774796,7.03785301741604,1.0,-0.725330666856513,False,0.25655310854668495,False,0.022136074994954947,False,False
976,1574861497201490432,2.185580457167387,7.036576672979681,0.9866666666666667,-0.7316037744613821,False,0.27742747188319905,False,0.09564731910486172,False,False
977,1574861497268259840,2.206330724801969,7.045454440974111,0.9857142857142858,-0.6317218753205476,False,0.8245325638679399,False,0.12589249709951753,False,False
978,1574861497334985472,2.1832692173229575,7.041454115804854,0.984375,-0.6776919324831456,False,0.967564590891162,False,0.11723377233007616,False,False
979,1574861497401735424,2.1912399683122703,7.040670806832569,0.9863013698630136,-0.669816804228816,False,1.020703739425436,False,0.15407933188733314,False,False
980,1574861497468494592,2.1911211770365058,7.040365367471862,0.987012987012987,-0.664901157669137,False,1.0395807352627426,False,0.19572130543218144,False,False
981,1574861497535361024,2.1897519309660645,7.040316545436036,0.9861111111111112,-0.6683408631959659,False,1.0498662618196082,False,0.2047829095629355,False,False
982,1574861497602098176,2.186197823798427,7.040559282397382,1.0,-0.6886085559282811,False,1.071625616755422,False,0.5204778036543763,False,False
983,1574861497668848384,2.176002877681411,7.043583597249132,0.963855421686747,-0.754027009005388,False,1.2682571075412967,False,-0.06359580155610978,False,False
984,1574861497735606784,2.160096848410029,7.039177628230736,0.9782608695652174,-0.8797500072481068,False,1.1416268894298973,False,-0.1515900664418798,False,False
985,1574861497802321920,2.216042922542247,7.038530861785669,0.9866666666666667,-0.6866190500193362,False,1.0141923565691446,False,-0.025960979900923428,False,False
986,1574861497869223424,2.2034811569206676,7.034059356137766,0.9864864864864865,-0.6145520559936578,False,0.6567850015491556,False,0.0579661685108323,False,False
987,1574861497935982848,2.2041697996830147,7.038611836441145,1.0,-0.5606446314103656,False,0.679659936054602,False,0.4177060849179041,False,False
988,1574861498002740224,2.2021949392074562,7.036427494957795,0.9634146341463414,-0.5328333916685752,False,0.5646544775457971,False,-0.14535380992864863,False,False
989,1574861498069472512,2.1783893602697173,7.033732294929555,1.0,-0.6329919763343187,False,0.32249118869063104,False,0.275382100010274,False,False
990,1574861498136235264,2.1987477695908924,7.037549455286333,1.0,-0.6007990554292167,False,0.3819321052870868,False,0.5698972369675117,False,False
991,1574861498203110400,2.1632115813053057,7.036959255122073,1.0,-0.7568384596910851,False,0.38814024100197486,False,0.776057832837583,False,False
992,1574861498269850624,2.1948414929474658,7.036539337110428,0.9411764705882353,-0.7071211948275232,False,0.3672990401829334,False,-0.3898254869000972,False,False
993,1574861498336611840,2.159226157332457,7.034852779116079,1.0,-0.8512912850138512,False,0.25154959368428254,False,0.1042519261302485,False,False
994,1574861498403376896,2.1377911423736538,7.033995966959024,1.0,-1.0599243762378965,False,0.11913295236279962,False,0.45010611525149213,False,False
995,1574861498470113792,2.178171698965925,7.035209457784134,1.0,-1.003049444839122,False,0.09922710005091713,False,0.6922040476363595,False,False
996,1574861498536946688,2.183890531833153,7.035670256315569,1.0,-0.9344990365157829,False,0.11293193361222068,False,0.8616726003057731,False,False
997,1574861498603724288,2.1774275742829987,7.037412713939245,1.0,-0.9189910404167012,False,0.22703881121625893,False,0.9803005871743676,False,False
998,1574861498670472960,2.1403161780948046,7.036194631711078,0.9873417721518988,-1.0946255379427747,False,0.23385243423619154,False,0.7813993232178952,False,False
999,1574861498737232128,2.198367836897136,7.03877783028425,0.9782608695652174,-0.9258517648970662,False,0.3935635340339411,False,0.4399065208999261,False,False
1000,1574861498803996928,2.1846860620550523,7.034936560830575,1.0,-0.8764630069584459,False,0.27496000920887265,False,0.6850643315902772,False,False
1001,1574861498870840576,2.1688948110832302,7.034911473316774,1.0,-0.9212441800534673,False,0.19043277999939542,False,0.8566747990735122,False,False
1002,1574861498937625344,2.1890197427418547,7.033943055594861,0.9864864864864865,-0.8514603298290098,False,0.07317753226110632,False,0.6758112137929373,False,False
1003,1574861499004363776,2.164426602143965,7.034202031822879,1.0,-0.9261956975877661,False,0.006632384661122489,False,0.8501976166153743,False,False
1004,1574861499071107328,2.1656336629417603,7.0356550107741,0.9857142857142858,-0.9724448011840665,False,0.047201197511347735,False,0.6540777053568779,False,False
1005,1574861499137848064,2.1889010207609276,7.031181772986237,0.9868421052631579,-0.8878973596222742,False,-0.192707710146199,False,0.5419140616786289,False,False
1006,1574861499204757760,2.1530679930792296,7.03262957994956,0.9861111111111112,-1.0087802600140887,False,-0.27380374779985706,False,0.4471178389354462,False,False
1007,1574861499271475456,2.1572274816120673,7.03014510740767,0.9506172839506173,-1.0724962631359491,False,-0.479590900293768,False,-0.4098051544957015,False,False
1008,1574861499338239488,2.157338320146107,7.03508465784049,0.9855072463768116,-1.1165404857720271,False,-0.32736516087523815,False,-0.2325356893952831,False,False
1009,1574861499404976384,2.165839432772091,7.033524012937096,0.9859154929577465,-1.1046521299684595,False,-0.31441541799957223,False,-0.0993540540162967,False,False
1010,1574861499471743232,2.1785120121795547,7.034065789758969,0.9782608695652174,-1.0326487496853076,False,-0.2728545487781953,False,-0.1766208431640057,False,False
1011,1574861499538501120,2.154271044628707,7.032455171674542,0.9876543209876543,-1.1040607262718856,False,-0.34036763184470703,False,-0.021484175432189275,False,False
1012,1574861499605351680,2.168404026698187,7.034253569621685,0.974025974025974,-1.0830288455810868,False,-0.2797579668392952,False,-0.2164371435407567,False,False
1013,1574861499672108288,2.159154899182722,7.032333278237427,0.9714285714285714,-1.114784722975958,False,-0.35251125481487866,False,-0.4107570199866242,False,False
1014,1574861499738855936,2.1500876609364212,7.036129859250597,0.9743589743589743,-1.1825780113351545,False,-0.1757176970948562,False,-0.4815111092455531,False,False
1015,1574861499805604352,2.163967472843762,7.035383523272435,0.9857142857142858,-1.160285265303505,False,-0.09672781808841541,False,-0.27811840274576877,False,False
1016,1574861499872360192,2.1602393390841925,7.034992778628238,0.971830985915493,-1.1634147505584078,False,-0.06487196519261504,False,-0.4449707917615476,False,False
1017,1574861499939240448,2.197077630235359,7.031636459842822,1.0,-0.9804876874685421,False,-0.2438865752240617,False,0.06565021272724478,False,False
1018,1574861500005990144,2.1481762105942988,7.0303994525402125,0.9863013698630136,-1.098175398920694,False,-0.4433931291352341,False,0.11797084016536272,False,False
1019,1574861500072732672,2.1583197936827827,7.029053380684855,1.0,-1.1295838353664793,False,-0.6637857910829433,False,0.459709355076077,False,False
1020,1574861500139473408,2.140320173621993,7.0343845969253955,0.975,-1.2420204163097652,False,-0.4982915940168617,False,0.1420931273537203,False,False
1021,1574861500206229248,2.1455483428375883,7.034940018549387,0.9195402298850575,-1.2944537219313572,False,-0.349131184694627,False,-1.3155118563605797,False,False
1022,1574861500273108224,2.1425840269497236,7.036936863889629,0.9666666666666667,-1.3460531488590446,False,-0.12494709949062428,False,-1.2861727833719026,False,False
1023,1574861500339855104,2.1657524375516775,7.034718176733595,0.9770114942528736,-1.265748157603882,False,-0.10109622341874563,False,-1.0352216992481589,False,False
1024,1574861500406628864,2.1601007800305863,7.035227182324417,0.958904109589041,-1.2379350543092014,False,-0.05387019605910374,False,-1.2628676496254883,False,False
1025,1574861500473359104,2.1786149049890686,7.032101271507128,1.0,-1.125429745581299,False,-0.20830569690127582,False,-0.5068775877775121,False,False
1026,1574861500540098560,2.183063367296069,7.032266408248386,1.0,-1.0243218676094765,False,-0.30650556179686794,False,0.022315455516071277,False,False
1027,1574861500606985472,2.183043440158897,7.037235666358464,0.9662921348314607,-0.9536464897549006,False,-0.07718683947418581,False,-0.3580357352928352,False,False
1028,1574861500673732352,2.176517311905887,7.036740717894755,0.9701492537313433,-0.9369684568366948,False,0.0536490056730121,False,-0.5383706962937419,False,False
1029,1574861500740486144,2.193329683963307,7.03017287877411,1.0,-0.8408092500605663,False,-0.24870823218543867,False,0.0002702795547054509,False,False
1030,1574861500807237376,2.1839022908256607,7.037819592878284,0.9743589743589743,-0.8208718095449266,False,-0.0017044992265824322,False,-0.19379199956662735,False,False
1031,1574861500873965824,2.1733431826678755,7.03201555398776,0.9861111111111112,-0.8599766358945752,False,-0.1769310895079492,False,-0.06787640393624221,False,False
1032,1574861500940849152,2.1985695943151446,7.036235908893721,0.9761904761904762,-0.7605836734668134,False,-0.046450669871187365,False,-0.20070103785206111,False,False
1033,1574861501007617024,2.218931915802946,7.04144290652674,0.9876543209876543,-0.5886850103971947,False,0.35720398907378836,False,-0.03834031171382476,False,False
1034,1574861501074357504,2.1420180712771884,7.036572861211138,0.9866666666666667,-0.8548590593070923,False,0.34765445643688453,False,0.05331384840872665,False,False
1035,1574861501141099264,2.173778342344875,7.036065426516271,0.9759036144578314,-0.8815809708651333,False,0.31053359261983254,False,-0.12225722653656138,False,False
1036,1574861501207897088,2.182873345814058,7.038258963201896,0.9871794871794872,-0.8545826105410911,False,0.41611843351750477,False,0.005994227277117907,False,False
1037,1574861501274605824,2.164387020819856,7.03560726399667,1.0,-0.9285801959234857,False,0.3309775557267407,False,0.38132572605430237,False,False
1038,1574861501341485824,2.1586839538439455,7.041210895306786,0.9852941176470589,-1.0090372361676103,False,0.6074875960679009,False,0.3165088409866527,False,False
1039,1574861501408192512,2.158790766714434,7.031735760880192,0.9883720930232558,-1.0648204143266746,False,0.23272124436318134,False,0.33969377511150545,False,False
1040,1574861501474973184,2.193863812347691,7.041875013541375,1.0,-0.9276215484747413,False,0.5785423274535095,False,0.6149154095383712,False,False
1041,1574861501541733376,2.169322259610634,7.037398853460943,1.0,-0.9549071688858988,False,0.5521347283701189,False,0.8075705536371797,False,False
1042,1574861501608473088,2.182271780410943,7.035816374087071,0.941747572815534,-0.908933901687068,False,0.4387314916547598,False,-0.355046235380705,False,False
1043,1574861501675358720,2.18217686440212,7.038646877322083,0.9555555555555556,-0.8772295812215349,False,0.5291242489814607,False,-0.8613282656459224,False,False
1044,1574861501742146304,2.176275902302593,7.042205493910503,1.0,-0.8846897387847046,False,0.8058468112385138,False,-0.22580001899182908,False,False
1045,1574861501808853760,2.1807520235720372,7.037430748527427,1.0,-0.8674186969587108,False,0.7131609493224769,False,0.21906975366603948,False,False
1046,1574861501875591168,2.1412699324276394,7.039973456574457,0.9759036144578314,-1.0537321450469022,False,0.8007937673220427,False,-0.006228092856448988,False,False
1047,1574861501942346752,2.1771387305462997,7.035995663178243,0.975,-1.0039056976414373,False,0.6235466697578322,False,-0.18406308619905123,False,False
1048,1574861502009228288,2.160642961339738,7.037762912097797,0.974025974025974,-1.0519207934033659,False,0.6054741901042139,False,-0.3302423810775699,False,False
1049,1574861502075988736,2.1764540116354687,7.041066851203198,1.0,-1.006078562338971,False,0.7909954015690692,False,0.14596010020603079,False,False
1050,1574861502142723840,2.1701889595467674,7.040158019995611,0.975609756097561,-1.005471786959444,False,0.8663480917251554,False,-0.06395005378312782,False,False
1051,1574861502209477376,2.1627761812892485,7.036416538342214,1.0,-1.0422973193634804,False,0.6946790031425556,False,0.33236472931213534,False,False
1052,1574861502276225536,2.149181426321755,7.036462788732626,0.974025974025974,-1.1363907878743895,False,0.5772847630646469,False,0.03125708978025817,False,False
1053,1574861502343097088,2.165146699061184,7.041468841262391,1.0,-1.122028427809372,False,0.7953743707582595,False,0.3990097298064956,False,False
1054,1574861502409849600,2.1689145839360107,7.038936192114157,0.975609756097561,-1.0930406132246429,False,0.796127512666417,False,0.11318468693720911,False,False
1055,1574861502476620032,2.172611101894522,7.033648341217129,1.0,-1.0541736094784113,False,0.47948672692272126,False,0.45635904781637116,False,False
1056,1574861502543349760,2.2148912354936607,7.036841346293394,0.975,-0.8145029643742955,False,0.44935624465943313,False,0.13974791227191957,False,False
1057,1574861502610097664,2.1663183208280237,7.038082280566765,1.0,-0.890819383743844,False,0.5026967756668872,False,0.47495330555065945,False,False
1058,1574861502676973312,2.1662588700393446,7.041091344135803,1.0,-0.9445396260523813,False,0.7205203100122887,False,0.7095970808457766,False,False
1059,1574861502743742464,2.153657598528543,7.036566155182389,1.0,-1.0454669944689408,False,0.6015736500805012,False,0.8738477235523667,False,False
1060,1574861502810479104,2.1629345485635696,7.041564441962216,1.0,-1.0694981463261783,False,0.8181107702470436,False,0.9888231734469716,False,False
1061,1574861502877238528,2.14640709194293,7.036834583853253,0.9873417721518988,-1.169372795377845,False,0.6859874603888522,False,0.7873651336087196,False,False
1062,1574861502943942656,2.1575242350788213,7.041417711261879,0.9864864864864865,-1.183419809108313,False,0.8683994554605686,False,0.627294447967584,False,False
1063,1574861503010861312,2.1665399044169917,7.036945643243715,0.9878048780487805,-1.1479476857051654,False,0.7278509387395314,False,0.5446099350937974,False,False
1064,1574861503077619968,2.1694805624770948,7.038667832355722,0.9871794871794872,-1.1083399703119967,False,0.7327647555115943,False,0.4728012404183575,False,False
1065,1574861503144348416,2.197888833057424,7.039937088826109,0.9761904761904762,-0.9378589306318375,False,0.8123350756196381,False,0.177773313196162,False,False
1066,1574861503211113472,2.141930995358989,7.038325771213469,0.9879518072289156,-1.099718372463815,False,0.7713866501158141,False,0.23321774250614324,False,False
1067,1574861503277853184,2.168985822537834,7.036388752620274,0.9878048780487805,-1.0770655902792028,False,0.6265393922881053,False,0.268756241270788,False,False
1068,1574861503344593408,2.1740516927019176,7.038216118012105,0.9647058823529412,-1.0357519177501815,False,0.6347526170197233,False,-0.22085830625816003,False,False
1069,1574861503411478272,2.1442026841409794,7.03760270219626,0.9846153846153847,-1.1568279011177536,False,0.6037088818449287,False,-0.12013762474953645,False,False
1070,1574861503478247168,2.1586245777069837,7.039153170367406,1.0,-1.1691090034178542,False,0.6749761363657795,False,0.29303342963564105,False,False
1071,1574861503544989952,2.146292393401353,7.039433084885845,0.9722222222222222,-1.2396767719833828,False,0.7416526296513616,False,-0.036450374694572296,False,False
1072,1574861503611723008,2.1714871293507594,7.0348131489537185,1.0,-1.1624670440369214,False,0.5112200690263612,False,0.3516145046741283,False,False
1073,1574861503679655936,2.16647658121537,7.04088929888311,0.9861111111111112,-1.1335989583361317,False,0.7143678383903627,False,0.31390814903229086,False,False
1074,1574861503745366272,2.1677391372163,7.041533543392441,0.9855072463768116,-1.1070467731462545,False,0.8952133901402061,False,0.2740636230743099,False,False
1075,1574861503812108288,2.1392713941378334,7.038465784767242,0.9620253164556962,-1.2315147402612645,False,0.8377995544166765,False,-0.27684826118111583,False,False
1076,1574861503878864384,2.158846075272613,7.035606822776418,0.9836065573770492,-1.220276733745441,False,0.6261278757409021,False,-0.18180053269259358,False,False
1077,1574861503945599232,2.1575717505365475,7.037180125314512,0.975,-1.218813793967653,False,0.5723251867496322,False,-0.3069637940843524,False,False
1078,1574861504012350208,2.194465495790114,7.0351401229722414,0.9873417721518988,-1.0323933685275055,False,0.4123029268555514,False,-0.11968574366320969,False,False
1079,1574861504079222272,2.1626970145058966,7.035994001009838,0.9871794871794872,-1.0615402509152936,False,0.3515033837251901,False,0.007794265288450899,False,False
1080,1574861504145943040,2.155513818660764,7.039851563894601,1.0,-1.1180396591677009,False,0.5403222864976127,False,0.3825857526622371,False,False
1081,1574861504212737792,2.14417107166056,7.032023477934665,0.9743589743589743,-1.214588177363461,False,0.2029629428628089,False,0.07382883160864975,False,False
1082,1574861504279486208,2.152941252194418,7.037132873060372,1.0,-1.2381007235782393,False,0.27327551950924595,False,0.4288099490863697,False,False
1083,1574861504346222336,2.1717482894395124,7.034426291765492,0.9764705882352941,-1.1600514432064848,False,0.16015220110373743,False,0.15321843658208334,False,False
1084,1574861504413098752,2.1746651439709996,7.032477197849295,1.0,-1.0907593340846127,False,-0.03594176576794258,False,0.48438267256777817,False,False
1085,1574861504479855360,2.1770120420398653,7.033454077851857,0.925,-1.0304613579042903,False,-0.1146137833911133,False,-0.9543019267218025,False,False
1086,1574861504546603520,2.181729645622059,7.034800959560849,0.9666666666666667,-0.9645461391610384,False,-0.08889754608469073,False,-1.0333258326247543,False,False
1087,1574861504613363200,2.156815937941577,7.0359778879632735,1.0,-1.043600444577961,False,-0.00030341605748171295,False,-0.34619831587700317,False,False
1088,1574861504680097280,2.165981952830774,7.037883379696371,0.9487179487179487,-1.052877917372795,False,0.1760048378402124,False,-1.0074309785840578,False,False
1089,1574861504746977280,2.1177692627272404,7.0302652498932945,0.9767441860465116,-1.301647839121187,False,-0.15751868297930313,False,-0.8460562791274665,False,False
1090,1574861504813731584,2.135495743918082,7.033434602657513,0.9859154929577465,-1.386708670956245,False,-0.20088575749668725,False,-0.5288184668288234,False,False
1091,1574861504880505600,2.1443531284340165,7.030112681838066,1.0,-1.4017416241866796,False,-0.4304932092312931,False,0.006956840180148388,False,False
1092,1574861504947231488,2.143114355755929,7.030573350836979,0.95,-1.4184897020348972,False,-0.5635872646925183,False,-0.7316668212332915,False,False
1093,1574861505013986560,2.1449230622473765,7.031414189860373,1.0,-1.4211243466909018,False,-0.6063191514206363,False,-0.13503700790298254,False,False
1094,1574861505080734976,2.123127953327816,7.034217372814895,0.9603960396039604,-1.5324921499036268,False,-0.46809513341583325,False,-0.5995081198151077,False,False
1095,1574861505147612928,2.1581218680782097,7.033694584899024,0.9864864864864865,-1.4346001656383074,False,-0.4026954057849899,False,-0.34351682942909667,False,False
1096,1574861505214366720,2.1321356451761058,7.031294191849538,0.9605263157894737,-1.496660278184498,False,-0.5008923918805325,False,-0.7425423107345561,False,False
1097,1574861505281107456,2.156182675099815,7.030756954094095,0.9696969696969697,-1.4192625786065731,False,-0.6018540758437497,False,-0.8175991695355109,False,False
1098,1574861505347817984,2.139801765235193,7.029727933165805,0.9852941176470589,-1.4474006131614991,False,-0.7342484530376027,False,-0.5227385859262207,False,False
1099,1574861505414599680,2.1587907221677534,7.035267689146712,1.0,-1.3716750020758632,False,-0.49464713699774676,False,0.011212756811962049,False,False
1100,1574861505481495296,2.1287399948773795,7.026396085880256,0.9761904761904762,-1.4696762940346861,False,-0.8590494899010247,False,-0.14533862532831812,False,False
1101,1574861505548233984,2.130770287589245,7.030041425595677,1.0,-1.5280746859922099,False,-0.8954818075585588,False,0.275392729230493,False,False
1102,1574861505614976000,2.145021902045061,7.027184734421457,1.0,-1.4973371512849174,False,-1.0923302188536805,False,0.5699046774216716,False,False
1103,1574861505682618368,2.1666270693658998,7.034338006006097,0.9883720930232558,-1.367251808844219,False,-0.8010672404821856,False,0.5170708606160203,False,False
1104,1574861505748482816,2.1709606299145006,7.033278805115257,0.9875,-1.254415305108528,False,-0.6607145635387422,False,0.46066277531161226,False,False
1105,1574861505815373056,2.1743999850344204,7.035741976949209,0.974025974025974,-1.1581464991474115,False,-0.4147253908330874,False,0.12106572197989862,False,False
1106,1574861505882107904,2.188160852446714,7.03526474750632,0.967391304347826,-1.0216080002587895,False,-0.27115743454093333,False,-0.26442838612312547,False,False
1107,1574861505948855296,2.1724527910710587,7.035939839114259,0.9871794871794872,-1.0049663150226031,False,-0.13016752728431077,False,-0.09352558443349013,False,False
1108,1574861506015605248,2.1425444499487103,7.03705612993063,0.9680851063829787,-1.143610844136003,False,0.035481098469204116,False,-0.39918902064506706,False,False
1109,1574861506082360064,2.1519242292625402,7.035722182969882,0.9886363636363636,-1.19352727658944,False,0.07142431962948897,False,-0.15540854210934532,False,False
1110,1574861506149232640,2.1472738870498214,7.032242968633288,0.9418604651162791,-1.2518374166839845,False,-0.11210047025515374,False,-1.026617115213562,False,False
1111,1574861506215979008,2.1517382096044004,7.038852365950107,0.9746835443037974,-1.2702206528663686,False,0.1558671880209435,False,-0.9053839232181383,False,False
1112,1574861506282733568,2.160112715236232,7.039159936379436,1.0,-1.2410058248707585,False,0.3618927795303949,False,-0.25663897929237944,False,False
1113,1574861506349473536,2.147103607689019,7.0362622061153335,0.9868421052631579,-1.285928078719917,False,0.3323033591772617,False,-0.09558761757585212,False,False
1114,1574861506416223232,2.1504717352341416,7.035679088298608,0.978021978021978,-1.3004483318593705,False,0.2766150618333273,False,-0.17930524724155678,False,False
1115,1574861506483124736,2.1676283877756237,7.037379378597908,0.972972972972973,-1.2243978664548012,False,0.3396175302503398,False,-0.3503657311464464,False,False
1116,1574861506549849856,2.1221860049150054,7.034855170316513,0.9767441860465116,-1.3995170397702552,False,0.2323159621490181,False,-0.38611060592113855,False,False
1117,1574861506616577024,2.162716776644917,7.0371175288749495,0.984375,-1.3184275131989296,False,0.2929022809672938,False,-0.2411683997843905,False,False
1118,1574861506683361792,2.1471551449571016,7.039120719180479,0.974025974025974,-1.3398642783771197,False,0.4554650770618958,False,-0.3702161005873115,False,False
1119,1574861506750114048,2.121129367734573,7.039125191980489,0.9873417721518988,-1.4856532816736319,False,0.5695273151465289,False,-0.1639623582152753,False,False
1120,1574861506816973568,2.1372134622620504,7.036773201546145,1.0,-1.5068806994115764,False,0.5082972998321428,False,0.2623561162096247,False,False
1121,1574861506883732224,2.1394850965980967,7.034883355349242,0.96,-1.510324603097915,False,0.35208235344852623,False,-0.3301540527487078,False,False
1122,1574861506950524672,2.133417990507702,7.0376326910074045,0.9634146341463414,-1.5432234149786792,False,0.40763844148318473,False,-0.6688559062952687,False,False
1123,1574861507017228544,2.139227905534076,7.035731074830847,1.0,-1.537056926022523,False,0.332467798080527,False,-0.09106936744637156,False,False
1124,1574861507083936256,2.1223166369775006,7.039592641200583,0.9714285714285714,-1.6177219365957316,False,0.5114670617262287,False,-0.3229995767205414,False,False
1125,1574861507150760192,2.1011864777498968,7.033100306068357,1.0,-1.7803695282660597,False,0.24735298442734968,False,0.1510300632559392,False,False
1126,1574861507217643776,2.09985671206868,7.03460190306272,1.0,-1.9009051059289201,False,0.15253968143262817,False,0.48285081123948387,False,False
1127,1574861507284365568,2.1325987538702056,7.033758377772266,0.972972972972973,-1.8207465487007453,False,0.03557529357744482,False,0.11314350979027793,False,False
1128,1574861507351098624,2.149126117199694,7.034562757392569,0.984375,-1.6815831846908522,False,0.001947320640720417,False,0.10830948121360184,False,False
1129,1574861507417849088,2.10827075767327,7.032054330809691,0.9736842105263158,-1.789472878062199,False,-0.17204896210765858,False,-0.13319379425316166,False,False
1130,1574861507484610048,2.1467910861694,7.032359821494772,0.971830985915493,-1.6714254814660268,False,-0.2755228734329307,False,-0.34352356581672594,False,False
1131,1574861507551475968,2.10954515728034,7.035420611740667,0.9838709677419355,-1.7759584447839856,False,-0.16436685634524736,False,-0.22258394727903713,False,False
1132,1574861507618234880,2.1228826112581425,7.031365560876063,0.9759036144578314,-1.7821088976983825,False,-0.32978165677873267,False,-0.3153856835180018,False,False
1133,1574861507685011200,2.1378189893594315,7.033953249574913,1.0,-1.7113567700148964,False,-0.2903611333773398,False,0.15635978849772353,False,False
1134,1574861507751745280,2.141523376479818,7.0278591538919795,0.9594594594594594,-1.643215203431155,False,-0.6282937242185737,False,-0.41639111864779055,False,False
1135,1574861507818483968,2.122059420538788,7.03140674471889,0.9866666666666667,-1.6933252803208785,False,-0.6520602364598191,False,-0.21132171644506176,False,False
1136,1574861507885365248,2.122146485054039,7.036926784752495,0.9864864864864865,-1.7279648224526563,False,-0.337601987495648,False,-0.07178634707006123,False,False
1137,1574861507952116224,2.1757297231480717,7.029783213686592,1.0,-1.4829490363256546,False,-0.5459562374534848,False,0.32687932401127284,False,False
1138,1574861508018852608,2.1690610752123005,7.034651436770947,0.961038961038961,-1.3449488994875096,False,-0.3998057168821825,False,-0.26184668777962045,False,False
1139,1574861508085578240,2.1660452885631067,7.038298005642417,1.0,-1.2635035646599209,False,-0.07877729770278989,False,0.1938370855145946,False,False
1140,1574861508152348160,2.1138274080872623,7.034948440684328,1.0,-1.4688941778121818,False,-0.054966013338981164,False,0.5128157268205328,False,False
1141,1574861508219231232,2.1674977786130047,7.033693326207675,1.0,-1.3429662884185414,False,-0.11358051867821346,False,0.736100775734701,False,False
1142,1574861508285973248,2.1557592310903857,7.031423146218605,0.9764705882352941,-1.3138046527215257,False,-0.29077722229020025,False,0.3683220152359185,False,False
1143,1574861508352749824,2.1303664909061872,7.033708990081456,0.9560439560439561,-1.4209936733878792,False,-0.2777088378312719,False,-0.34409218617209253,False,False
1144,1574861508419473664,2.1368889248390004,7.0344481160660735,1.0,-1.4632498207637932,False,-0.22422781639056769,False,0.1362652366398625,False,False
1145,1574861508486226432,2.1119395593413306,7.035858450302809,0.971830985915493,-1.6182032681157306,False,-0.1021985368670163,False,-0.15490224419162135,False,False
1146,1574861508553107712,2.1354086910563925,7.035085199659836,0.9473684210526315,-1.608734924382624,False,-0.06315800787671264,False,-0.9035822000998289,False,False
1147,1574861508619869696,2.1497356166111192,7.032378968810898,0.9866666666666667,-1.5301122256056967,False,-0.1981507397155621,False,-0.5523554734614828,False,False
1148,1574861508686646272,2.125284936300416,7.032053327932051,0.9863013698630136,-1.5979445159782564,False,-0.3121777574677474,False,-0.3146331401667433,False,False
1149,1574861508753350912,2.11009131475673,7.0342660255430465,1.0,-1.7217772491991008,False,-0.2592779422798307,False,0.15688656884359786,False,False
1150,1574861508820097024,2.1797468540829086,7.037622525279006,0.9512195121951219,-1.4584310752673166,False,-0.020923511083962842,False,-0.5995534166244886,False,False
1151,1574861508886966016,2.143660544559099,7.034589023187943,0.9743589743589743,-1.4554276406263322,False,-0.03602640686243645,False,-0.6136685868920648,False,False
1152,1574861508953733376,2.131082956094116,7.031979019932901,1.0,-1.5165294244722618,False,-0.20314775603677437,False,-0.052438243864121395,False,False
1153,1574861509020473344,2.143506169585308,7.034036955484416,0.9743589743589743,-1.4968722414803137,False,-0.19669667985094869,False,-0.2306879659598078,False,False
1154,1574861509087222016,2.1705609944459714,7.036142910853814,0.9863013698630136,-1.3471578335681467,False,-0.06586465282364244,False,-0.0894658849155848,False,False
1155,1574861509153991168,2.1303783958814906,7.040274526595207,0.9594594594594594,-1.4442810757701376,False,0.2735341787245718,False,-0.5884690900371212,False,False
1156,1574861509220736512,2.1394059601390665,7.030104397211954,0.9571428571428572,-1.4669025386190064,False,-0.09889616996238604,False,-0.9893697757682799,False,False
1157,1574861509287598592,2.1593488002201817,7.035286561220262,0.9558823529411765,-1.3825219275463694,False,-0.04876858227920398,False,-1.2980758787125224,False,False
1158,1574861509354358784,2.13948118706292,7.038030703921807,0.9848484848484849,-1.4232931087679197,False,0.1509158034243637,False,-0.8689980076292666,False,False
1159,1574861509421097216,2.143973154075643,7.03247927722683,1.0,-1.4292601563674734,False,-0.042282522021858754,False,-0.23116883838016838,False,False
1160,1574861509487861760,2.135756983200934,7.039089624503473,0.9857142857142858,-1.4747245281200856,False,0.2189706404344827,False,-0.10287881313999861,False,False
1161,1574861509554630144,2.1213232851872648,7.03641983116164,0.96,-1.5790809934486756,False,0.2417122922222132,False,-0.5858185032934474,False,False
1162,1574861509621490944,2.1618025910741525,7.033482488094151,0.9855072463768116,-1.4487161945378846,False,0.0814481179782175,False,-0.355745033553697,False,False
1163,1574861509688226816,2.121172895716093,7.033854767594589,0.9558823529411765,-1.5616308886286978,False,-0.008407290294434749,False,-0.8545385591623095,False,False
1164,1574861509755007488,2.1095412158231746,7.033339366100053,1.0,-1.6991220361860762,False,-0.10222011975083178,False,-0.2210472244532877,False,False
1165,1574861509821732096,2.1543661257296605,7.03480077813414,0.9857142857142858,-1.5701142306371125,False,-0.08023286360285374,False,-0.09579368339118706,False,False
1166,1574861509888474368,2.099199712299036,7.033322774347064,0.9886363636363636,-1.7570279157719157,False,-0.15349320284609247,False,0.05696819396837316,False,False
1167,1574861509955351808,2.127168810633409,7.032761535124971,0.9883720930232558,-1.747318760059486,False,-0.2384388541844731,False,0.1580153221987114,False,False
1168,1574861510022092288,2.154809394907592,7.038776509171207,1.0,-1.6016244460788902,False,0.0628803911074333,False,0.48774049249942114,False,False
1169,1574861510088860928,2.1408584892534597,7.03813872063497,1.0,-1.5697437304617816,False,0.23554898216485387,False,0.7185481117099113,False,False
1170,1574861510155604480,2.1288982511295913,7.036536334053539,0.9772727272727273,-1.6075291435129238,False,0.2603050341180079,False,0.37390145592102464,False,False
1171,1574861510222359040,2.11001612711666,7.033461471174302,0.9850746268656716,-1.7288643171611693,False,0.09320243176796891,False,0.3064230618304936,False,False
1172,1574861510289238528,2.133572292646729,7.034201660993659,0.9642857142857143,-1.695425824417591,False,0.02062757179094141,False,-0.203850072843846,False,False
1173,1574861510355983360,2.1054291440373785,7.035495882900252,1.0,-1.8134422424281,False,0.04745325773015449,False,0.23443471596962848,False,False
1174,1574861510422734336,2.133813719166484,7.034981750910534,0.9565217391304348,-1.7534171691754254,False,0.035393339766198725,False,-0.4271714764867743,False,False
1175,1574861510489472000,2.1353097158956915,7.040203158209939,1.0,-1.7038820195191064,False,0.3401340615062312,False,0.07810973341957701,False,False
1176,1574861510556221696,2.130085597248437,7.035990210307884,0.9761904761904762,-1.6954593611108415,False,0.300757809750332,False,-0.0985107417029827,False,False
1177,1574861510623108864,2.1757099086306737,7.037429884330411,1.0,-1.4602947841815412,False,0.3595468133041777,False,0.30817224776823443,False,False
1178,1574861510689856512,2.1186320390937996,7.035588538663296,1.0,-1.5825040707564004,False,0.2902542665617809,False,0.5928503403980856,False,False
1179,1574861510756613376,2.1658315805266772,7.039196547556227,0.9855072463768116,-1.4308660981182522,False,0.4581596915053947,False,0.46932315703036454,False,False
1180,1574861510823347712,2.141780612341134,7.037034258176775,0.9852941176470589,-1.445579085963029,False,0.4459982727063407,False,0.3781070426698929,False,False
1181,1574861510890143744,2.138032636120679,7.036227655273764,0.9882352941176471,-1.4747122961466264,False,0.3891048273577976,False,0.37976554945990054,False,False
1182,1574861510956849664,2.1725081595886953,7.033499850397653,0.9821428571428571,-1.3218610873924113,False,0.185664292363728,False,0.24522766003949373,False,False
1183,1574861511023756800,2.138559041388637,7.038210488207916,1.0,-1.3854644350874143,False,0.32580236855515515,False,0.5487891289879655,False,False
1184,1574861511090502912,2.148449341381939,7.0375172313494705,1.0,-1.3802866008262462,False,0.38231712307691257,False,0.761282157251899,False,False
1185,1574861511157249536,2.1666665508202336,7.0349378338594,0.9846153846153847,-1.2851180235458428,False,0.2671638784551844,False,0.5673606997075163,False,False
1186,1574861511224032000,2.1205314451817547,7.036430723101389,0.9743589743589743,-1.4503355499773505,False,0.2761008629201503,False,0.20317129454033864,False,False
1187,1574861511290750464,2.1672761343753906,7.035371649476604,0.958904109589041,-1.331089043054806,False,0.2188329776114114,False,-0.3959925539735376,False,False
1188,1574861511357627136,2.141820214842146,7.035971665519581,0.9821428571428571,-1.3755361391643814,False,0.21473472519368825,False,-0.2978030123639113,False,False
1189,1574861511424381696,2.1227638520610013,7.039208744744686,0.9753086419753086,-1.502410065783329,False,0.4060276061126221,False,-0.3812910460498382,False,False
1190,1574861511491116288,2.166892252925329,7.040425574467211,1.0,-1.3694702635283738,False,0.6129186881333732,False,0.11022603472542815,False,False
1191,1574861511557866496,2.1676995946747453,7.036348048657036,0.9743589743589743,-1.2723553937301826,False,0.5131703744918382,False,-0.11682297094712311,False,False
1192,1574861511624622080,2.1610506770499867,7.039090088366111,0.9705882352941176,-1.2377867506762248,False,0.6078154907107645,False,-0.35974418112602974,False,False
1193,1574861511691503616,2.1575401645585837,7.039324583620033,1.0,-1.2312295298940077,False,0.6881322166089946,False,0.12530884017210067,False,False
1194,1574861511758255616,2.1978730774412916,7.036552741666986,0.9879518072289156,-1.0239607965727224,False,0.5780974352249403,False,0.19649261138930033,False,False
1195,1574861511824994048,2.1487818153820943,7.036257213094326,0.984375,-1.125563324274126,False,0.48334713422503695,False,0.16665385233292165,False,False
1196,1574861511891750144,2.15945966582056,7.036727467451939,1.0,-1.1430273619434854,False,0.4452280189661066,False,0.4937874635933757,False,False
1197,1574861511958492160,2.1869300770883595,7.035035115910345,0.9864864864864865,-1.0172094271229346,False,0.3170365324502234,False,0.42179007895684334,False,False
1198,1574861512025373696,2.135321596091511,7.038174081148771,0.95,-1.1884769003924527,False,0.4155792226995399,False,-0.44128355408960995,False,False
1199,1574861512092136704,2.17190664750376,7.032825021053242,0.9875,-1.1245189949644225,False,0.16371976195065843,False,-0.21018531498233553,False,False
1200,1574861512158872064,2.162708924211543,7.034539644060151,1.0,-1.1259683414401076,False,0.0902620990733321,False,0.23000004647268416,False,False
1201,1574861512225616384,2.1325076949242034,7.034596769681835,0.9863013698630136,-1.2787483978376928,False,0.04226815888963531,False,0.23301572378717358,False,False
1202,1574861512292368384,2.15770247329007,7.039012861770033,1.0,-1.2590870582248666,False,0.27355184929563164,False,0.5402407736113463,False,False
1203,1574861512359254016,2.1758484584742064,7.035391620270683,1.0,-1.154137939302776,False,0.21824652645615544,False,0.755298308488259,False,False
1204,1574861512426000640,2.1406684418328745,7.034093085144349,1.0,-1.2574581912964933,False,0.10164600343249913,False,0.9058385829020978,False,False
1205,1574861512492756736,2.168843383615512,7.035370479111593,1.0,-1.1881992395000274,False,0.09664437688192049,False,1.01121677499179,False,False
1206,1574861512559494912,2.1399442693172173,7.034754986633763,1.0,-1.2849401723121054,False,0.05622568656771978,False,1.0849815094545745,False,False
1207,1574861512626247936,2.1465496363111938,7.034717575765008,0.9827586206896551,-1.3194659076490438,False,0.025688680420479944,False,0.7525939351924158,False,False
1208,1574861512693134080,2.1853350301394854,7.035905967245608,0.9456521739130435,-1.1487317490730498,False,0.07559310128675972,False,-0.30656140918729197,False,False
1209,1574861512759876352,2.1714989744919118,7.0326166714311285,0.9871794871794872,-1.098746004464515,False,-0.08676743929473454,False,-0.12301870057839268,False,False
1210,1574861512826621952,2.153281682570206,7.032637369268775,1.0,-1.155300491027105,False,-0.1991783508773372,False,0.29101667655544333,False,False
1211,1574861512893355520,2.2001842933520606,7.034788790896843,1.0,-0.9591962775390335,False,-0.14882262597855067,False,0.5808414405491252,False,False
1212,1574861512960099072,2.1389469125391063,7.038600112282528,1.0,-1.1296499599632197,False,0.11503137579082506,False,0.7837187753447091,False,False
1213,1574861513026856448,2.155842333065548,7.042507018344578,1.0,-1.164065623444727,False,0.5340673888518691,False,0.9257329097016129,False,False
1214,1574861513093744640,2.1477052593034327,7.0374331755534785,1.0,-1.2290465519660987,False,0.5230609279080705,False,1.0251428037514523,False,False
1215,1574861513160484096,2.1958467763407667,7.040895469353268,1.0,-1.0326151660166831,False,0.7230265475446913,False,1.0947297295863363,False,False
1216,1574861513227219456,2.141345281118686,7.040794011934494,1.0,-1.1689910353953978,False,0.8569170137325136,False,1.1434405776707552,False,False
1217,1574861513293984768,2.158260478507736,7.038123513622983,1.0,-1.1794528481706477,False,0.7904624936924611,False,1.1775381713298436,False,False
1218,1574861513360737792,2.179125495997161,7.038569235388664,1.0,-1.081926408151169,False,0.7706789477689449,False,1.2014064868912202,False,False
1219,1574861513427618304,2.1655228856829027,7.035148901224659,0.9726027397260274,-1.0820129702110834,False,0.5516770836115685,False,0.6078861563761121,False,False
1220,1574861513494374656,2.180368168029222,7.040445325851287,1.0,-1.0074738881789298,False,0.7160580204408367,False,0.8026500764235934,False,False
1221,1574861513561100800,2.1697971096915913,7.034109316190936,0.9767441860465116,-1.0084176168367067,False,0.4510875956476349,False,0.42100045937789593,False,False
1222,1574861513627854336,2.180296921658357,7.035295932507143,1.0,-0.9563151640609712,False,0.3367821481990517,False,0.6718300885248569,False,False
1223,1574861513694612480,2.151856946622182,7.040651764981959,1.0,-1.0627584054660564,False,0.5780138896608404,False,0.8474108289277147,False,False
1224,1574861513761487360,2.200212011428138,7.035240319383012,0.9565217391304348,-0.8942775303338802,False,0.42229485054995497,False,0.0019118025838827726,False,False
1225,1574861513828252928,2.178828650116406,7.034330721612076,1.0,-0.8837953788413286,False,0.2587333864435975,False,0.37846802876904767,False,False
1226,1574861513895006720,2.185022474661637,7.035123381244109,0.9861111111111112,-0.8453330150647267,False,0.19178448927655894,False,0.3327056158987278,False,False
1227,1574861513961741568,2.173101834339764,7.036561404279604,1.0,-0.8783122897632122,False,0.23117361400115075,False,0.6100236980894376,False,False
1228,1574861514028491008,2.1424178091842885,7.036312033393447,1.0,-1.0555894144804205,False,0.24378860877973532,False,0.8041463556229344,False,False
1229,1574861514095366912,2.174886769036625,7.035519784896664,1.0,-1.0165222161977192,False,0.205099637518519,False,0.9400322158963822,False,False
1230,1574861514162116608,2.1651033048136883,7.0380127309110865,0.9818181818181818,-1.0383384899605017,False,0.32754552696250067,False,0.6301827266988032,False,False
1231,1574861514228858624,2.192815189967334,7.033872394396392,1.0,-0.9143536794549182,False,0.164918160528004,False,0.8182576756494895,False,False
1232,1574861514295603712,2.177993604293983,7.045018427336936,1.0,-0.902044908390752,False,0.7196237262977311,False,0.9499101399149674,False,False
1233,1574861514362357504,2.1973902754957595,7.035443179956307,0.9565217391304348,-0.7959577106238885,False,0.5335894165135512,False,0.07366132027495967,False,False
1234,1574861514429236736,2.1549992614473488,7.035499181405402,1.0,-0.9347176048481194,False,0.4067243950518792,False,0.4286926911527908,False,False
1235,1574861514495974912,2.1410523103136496,7.039428554854928,1.0,-1.1019349629413735,False,0.5536046971741906,False,0.6772146507672816,False,False
1236,1574861514562739456,2.2188369310005136,7.032660968090265,0.9811320754716981,-0.8281082253007974,False,0.25049761396124387,False,0.43092855973526284,False,False
1237,1574861514629478144,2.171190270500717,7.035080070383719,1.0,-0.8758608197075313,False,0.1834216411140185,False,0.6787797587750104,False,False
1238,1574861514696224768,2.182786276411829,7.03721644403805,1.0,-0.8510160409795525,False,0.2646092380126624,False,0.852275598102837,False,False
1239,1574861514763109376,2.1914259702707795,7.036297426179557,0.9833333333333333,-0.7902089936261492,False,0.26631739747260363,False,0.6025005601923946,False,False
1240,1574861514829861376,2.1897756458398927,7.040691877431662,1.0,-0.7559371777195864,False,0.5310945292783532,False,0.7988801590949928,False,False
1241,1574861514896613120,2.18305944989787,7.03639174526168,0.972972972972973,-0.7656967555947437,False,0.45851440785480496,False,0.33436405328913416,False,False
1242,1574861514963359232,2.175587262484964,7.037553849370047,1.0,-0.8100772748136359,False,0.47741191807680805,False,0.6111846042627088,False,False
1243,1574861515030113024,2.162661461884036,7.037174014761716,0.9838709677419355,-0.9060976423455515,False,0.46785750232166573,False,0.4457117717765721,False,False
1244,1574861515096848384,2.1841912902877834,7.04088458436895,1.0,-0.8651214203488476,False,0.6837312627409545,False,0.6891280072039253,False,False
1245,1574861515163741696,2.1607538551342182,7.036105260975763,1.0,-0.9542145420576779,False,0.5481766481643126,False,0.8595193720030659,False,False
1246,1574861515230498560,2.169480565108544,7.037678407365288,0.9838709677419355,-0.9727267565353428,False,0.5476465381718627,False,0.6195461091948188,False,False
1247,1574861515297236224,2.187713688175251,7.035888137306012,1.0,-0.8940612451042607,False,0.43989415287143263,False,0.8108120433966963,False,False
1248,1574861515363974912,2.160472844564924,7.034109653259433,1.0,-0.9758845378484221,False,0.25779310588889687,False,0.9446981973380172,False,False
1249,1574861515430740992,2.1828773250826474,7.035800548856485,1.0,-0.920575111033331,False,0.2317431505417213,False,1.0384185050969383,False,False
1250,1574861515497647360,2.1918375625604325,7.035271747717251,0.9803921568627451,-0.8368320323063736,False,0.1817904206317978,False,0.6672908082459312,False,False
1251,1574861515564349952,2.218932008530215,7.0357486363583535,1.0,-0.6420583956170481,False,0.17542753283227794,False,0.8442333327324816,False,False
1252,1574861515631106816,2.2041539717020195,7.032674089300826,0.9833333333333333,-0.5799786070240363,False,-0.013439384198131133,False,0.5968709744331507,False,False
1253,1574861515697854464,2.1874524953186865,7.032157743778416,0.9821428571428571,-0.6204500720561354,False,-0.17661689305692874,False,0.39720145752076724,False,False
1254,1574861515764608256,2.1764223842435024,7.0337939291576195,1.0,-0.7042079895820232,False,-0.19270191839767717,False,0.6551707872248552,False,False
1255,1574861515831482880,2.2173370634560303,7.033225691815515,0.9830508474576272,-0.5572363937312843,False,-0.23804460080041087,False,0.45823529214663217,False,False
1256,1574861515898236672,2.1852084371170766,7.028884949723485,1.0,-0.6158072374461387,False,-0.5301443959397537,False,0.6978944714629689,False,False
1257,1574861515964977920,2.1581416994494154,7.031400007538732,1.0,-0.7928210714301096,False,-0.5837598061557454,False,0.8656558969843932,False,False
1258,1574861516031732224,2.1695043319848275,7.035203818555683,0.9827586206896551,-0.8596318951299596,False,-0.39313607470145007,False,0.5990660064632889,False,False
1259,1574861516098478848,2.181872094067723,7.030689288539106,1.0,-0.8442496913248934,False,-0.5304832682068655,False,0.7964759714846246,False,False
1260,1574861516165359872,2.2176695264291593,7.036872267072541,1.0,-0.6535949107718486,False,-0.25576810787831933,False,0.9346629469995554,False,False
1261,1574861516232108544,2.1741110629494447,7.035162543066897,0.9814814814814815,-0.7390240980760363,False,-0.16601761070861557,False,0.6189248015934481,False,False
1262,1574861516298847232,2.2034217801258436,7.03591103482853,1.0,-0.6515339665534569,False,-0.05829734630332104,False,0.8103771280757285,False,False
1263,1574861516365611520,2.1757297695743594,7.0362894199099,1.0,-0.7294472038974551,False,0.039802568326871415,False,0.9443937566133281,False,False
1264,1574861516432348416,2.1781637065018433,7.030779720944949,0.9859154929577465,-0.7717555874804799,False,-0.2220020364100025,False,0.7244965581897312,False,False
1265,1574861516499237888,2.193369194676853,7.027935158253883,1.0,-0.7249616945021733,False,-0.5758835760751145,False,0.884277357693135,False,False
1266,1574861516565984768,2.18258445527515,7.0364285927929195,1.0,-0.7464008335277906,False,-0.31416013223609757,False,0.9961239173455094,False,False
1267,1574861516632760832,2.204292489811524,7.035431009320268,0.9818181818181818,-0.652322240171011,False,-0.19078928539684872,False,0.6694469177131905,False,False
1268,1574861516699484160,2.184211048448303,7.0312353703822,1.0,-0.6873793512329204,False,-0.35608624912369263,False,0.8457426093595499,False,False
1269,1574861516766233344,2.1814446962270493,7.035183419934079,1.0,-0.7258206461178413,False,-0.2349881044733073,False,0.9691495935120048,False,False
1270,1574861516832980992,2.156986118121794,7.035542740047868,1.0,-0.8756374196053982,False,-0.1286672001191564,False,1.055534482418725,False,False
1271,1574861516899847936,2.1745621948985883,7.034889888470598,1.0,-0.8921868514355282,False,-0.0934009365772434,False,1.1160039046534356,False,False
1272,1574861516966632192,2.175852347239728,7.034658086551838,1.0,-0.8972882529450893,False,-0.08261814903041652,False,1.1583325002177296,False,False
1273,1574861517033347072,2.1778748051238694,7.03370564019338,1.0,-0.8906960927224671,False,-0.1321984145392245,False,1.1879625171127404,False,False
1274,1574861517100098560,2.192553928505121,7.031779713670648,0.9629629629629629,-0.8123168777513164,False,-0.2824226523452153,False,0.383765472406117,False,False
1275,1574861517166848000,2.1606192918897413,7.031342321417714,1.0,-0.9179275618652876,False,-0.4138146285050963,False,0.6457655976445968,False,False
1276,1574861517233735424,2.1967807321641883,7.033173237551465,0.9838709677419355,-0.8101386108235819,False,-0.3959697313003409,False,0.4699184671438888,False,False
1277,1574861517300483072,2.206908557287031,7.036152750921177,1.0,-0.6837925695637491,False,-0.20476557659546865,False,0.7060726939610444,False,False
1278,1574861517367224064,2.2165454136667293,7.0294862825338775,1.0,-0.5469237535853778,False,-0.4707808313192697,False,0.8713806527330559,False,False
1279,1574861517433978880,2.1845871324748165,7.029644276610021,0.9827586206896551,-0.6117105343865797,False,-0.6475149446164525,False,0.6030733354873529,False,False
1280,1574861517500734208,2.1636548499820094,7.029258543631947,1.0,-0.7622490062103718,False,-0.7943652840510699,False,0.7992811018014776,False,False
1281,1574861517567608576,2.229297212486536,7.035521613447466,0.96875,-0.5377636390949544,False,-0.5214984100562381,False,0.240585053021534,False,False
1282,1574861517634373120,2.2134308329569508,7.032584513834002,1.0,-0.46035471755693785,False,-0.5066603262590604,False,0.545539304075397,False,False
1283,1574861517701098496,2.227203622354989,7.03492016598951,1.0,-0.33695822807419873,False,-0.35618006389826307,False,0.7590072798130993,False,False
1284,1574861517767846400,2.208851751306128,7.028049454294688,1.0,-0.34280147266347977,False,-0.662952660682605,False,0.9084348628294845,False,False
1285,1574861517834609152,2.1989772739056153,7.0321804648954025,0.9824561403508771,-0.3965124107228487,False,-0.6299133624480396,False,0.6222740388989598,False,False
1286,1574861517901492736,2.189043475409293,7.033207624975656,0.9821428571428571,-0.4840288312358478,False,-0.5451762698752401,False,0.41498360264683193,False,False
1287,1574861517968244480,2.1982965952879407,7.034480878725439,0.9705882352941176,-0.4987920695182461,False,-0.40948989785655143,False,0.012520420389738813,False,False
1288,1574861518034990080,2.177946081631097,7.035537639443476,1.0,-0.6113905896400232,False,-0.25112439233195216,False,0.38589406123313785,False,False
1289,1574861518101743872,2.191319161410118,7.03378210808685,1.0,-0.6230079075503409,False,-0.24556620172472676,False,0.6472556098235246,False,False
1290,1574861518168472576,2.249904999158257,7.029787291358591,1.0,-0.3367377828663821,False,-0.48128660657420486,False,0.8302086938367854,False,False
1291,1574861518235357184,2.2110681040876803,7.0319452858751195,1.0,-0.3315096700371781,False,-0.5168532817706933,False,0.9582758526460795,False,False
1292,1574861518302156800,2.2207169295685993,7.03027797901808,1.0,-0.2793632575079334,False,-0.6417558673309179,False,1.0479228638125706,False,False
1293,1574861518368856320,2.2153938176224393,7.032025310545257,1.0,-0.2696101706303953,False,-0.6243818439022221,False,1.1106757716291276,False,False
1294,1574861518435597056,2.196163358140028,7.033904469267067,0.9649122807017544,-0.35941883008136505,False,-0.4995071320277616,False,0.37308254301670096,False,False
1295,1574861518502368000,2.231703505049856,7.03219360664639,0.9848484848484849,-0.2436905501463528,False,-0.5147132434843344,False,0.30081288758119556,False,False
1296,1574861518569103872,2.177154561346705,7.034557576173751,0.9714285714285714,-0.43679702916582325,False,-0.3835654274410709,False,-0.048681998201251006,False,False
1297,1574861518635990784,2.2118595895993463,7.043894677366931,1.0,-0.397573814098606,False,0.26828212021844644,False,0.34305236821944746,False,False
1298,1574861518702749696,2.2245123431177904,7.0392019151472915,1.0,-0.3065356602701001,False,0.4431011399059153,False,0.6172664247139347,False,False
1299,1574861518769477632,2.18890892312919,7.034252232798882,1.0,-0.4217212504472552,False,0.2685899900747235,False,0.8092162642600791,False,False
1300,1574861518836223744,2.1849195785314848,7.037867534912783,1.0,-0.5223981930180903,False,0.36327984395791685,False,0.9435811519423801,False,False
1301,1574861518902972416,2.1837994425001743,7.039009213071208,1.0,-0.598500897219095,False,0.4980411780330334,False,1.0376365733199893,False,False
1302,1574861518969853440,2.2131695570844188,7.039000919700275,1.0,-0.5041837470207907,False,0.5918766712806262,False,1.1034753682843157,False,False
1303,1574861519036615424,2.21869850590022,7.039847873688822,0.9807692307692307,-0.4103779801622863,False,0.7083622473675703,False,0.7212293030979092,False,False
1304,1574861519103351808,2.193484040297663,7.038692242687068,1.0,-0.4714202536438003,False,0.7205868156353354,False,0.8819902791288621,False,False
1305,1574861519170099456,2.2139136340879864,7.040313446000796,1.0,-0.4114882027306459,False,0.8263846123789783,False,0.9945229623505233,False,False
1306,1574861519236859648,2.216525736454609,7.038692704223042,1.0,-0.35640957761862246,False,0.8032301543056736,False,1.0732958406056912,False,False
1307,1574861519303747328,2.1989614889049625,7.037610481308496,0.9833333333333333,-0.40611740608635305,False,0.7221097530517478,False,0.7572147299444056,False,False
1308,1574861519370483200,2.228442397758507,7.039031150675186,0.9811320754716981,-0.29276708576219973,False,0.750537943038031,False,0.48692861515925623,False,False
1309,1574861519437263104,2.190773014459527,7.0380829423539275,1.0,-0.4027159216856598,False,0.7135636588623775,False,0.7179797975717992,False,False
1310,1574861519503973632,2.2491134525593695,7.040797888279143,0.9814814814814815,-0.18651102808134604,False,0.8505254967774188,False,0.46724659699401544,False,False
1311,1574861519570742016,2.173501567359886,7.038204326825428,1.0,-0.4151281830497284,False,0.7908356487909323,False,0.7042023848561373,False,False
1312,1574861519637620480,2.1635399622893337,7.035639560649175,1.0,-0.6252186874273774,False,0.5952167760543601,False,0.8700714363596159,False,False
1313,1574861519704365824,2.2029429457326857,7.043393460221827,0.9850746268656716,-0.5742763906824455,False,0.9233664034894012,False,0.6537420481375058,False,False
1314,1574861519771099136,2.2264675046091167,7.042011102884469,1.0,-0.420402496636675,False,1.070156646826584,False,0.8347492006565805,False,False
1315,1574861519837850368,2.2160942535234827,7.036790278789819,1.0,-0.36481784703983433,False,0.8597621337654916,False,0.9614542074199328,False,False
1316,1574861519904605952,2.2232696333056325,7.040012849877774,1.0,-0.28985127857991716,False,0.9057774267920762,False,1.050147712154268,False,False
1317,1574861519971490816,2.217831713330798,7.039065495869148,1.0,-0.2647010093806706,False,0.8811653568508472,False,1.112233165468309,False,False
1318,1574861520038251008,2.2402640546807358,7.0354396473138205,1.0,-0.13437008452268515,False,0.6464566682084844,False,1.1556929827881313,False,False
1319,1574861520104985600,2.237857730414713,7.0385714982595475,1.0,-0.055230562091028425,False,0.6700105980763492,False,1.186114854912015,False,False
1320,1574861520171741952,2.238079364941026,7.032653756290694,1.0,0.0012808489310973921,False,0.331549177188144,False,1.2074101653987255,False,False
1321,1574861520238473728,2.23890260791345,7.034934455067752,1.0,0.04497575079523779,False,0.23142365469221485,False,1.2223168827394308,False,False
1322,1574861520305388032,2.254907532086322,7.036234098745879,0.9863013698630136,0.1559892242695147,False,0.2392890774812156,False,0.9276375091738814,False,False
1323,1574861520372120064,2.227912028352794,7.037014826451829,1.0,0.09804237306567548,False,0.29162331814823456,False,1.0264760233820351,False,False
1324,1574861520438846464,2.2526396978610093,7.0351986860840885,0.9833333333333333,0.18173966723070845,False,0.21932426405567948,False,0.7244408578878482,False,False
1325,1574861520505637376,2.2005524943702617,7.038062219762969,1.0,-0.021417903770888275,False,0.34047113203397944,False,0.8842383674818103,False,False
1326,1574861520572358144,2.209817459452716,7.031620708684848,1.0,-0.11707042354528377,False,0.03890883037149463,False,0.996096624197587,False,False
1327,1574861520639101952,2.1859604283304286,7.037937113609965,0.9672131147540983,-0.30391219448791046,False,0.20667639779554303,False,0.3441243702463628,False,False
1328,1574861520705984256,2.194350771967825,7.03987393597807,1.0,-0.39253875257226917,False,0.4402852852868529,False,0.6180168261327722,False,False
1329,1574861520772744704,2.20934252052901,7.038041240331626,0.9871794871794872,-0.37924165399594617,False,0.4938854899382113,False,0.5241860641456464,False,False
1330,1574861520839490816,2.2416611223622622,7.037242284758097,0.96875,-0.20752807004408305,False,0.48348387171501794,False,0.04801852666245055,False,False
1331,1574861520906233856,2.2089705079971274,7.036185520472801,1.0,-0.2516035926174533,False,0.4128174798814121,False,0.4107427356240336,False,False
1332,1574861520972985856,2.237715297319173,7.037371594241202,1.0,-0.1380097645148996,False,0.43449231321122367,False,0.66464968189714,False,False
1333,1574861521039854336,2.232202222252792,7.040083087355239,1.0,-0.08619807869260032,False,0.6123014320103752,False,0.8423845442883278,False,False
1334,1574861521106633728,2.200615809113652,7.038109740958195,0.9824561403508771,-0.20865616024009004,False,0.618405495050874,False,0.5760388159201436,False,False
1335,1574861521173368832,2.2656922805101374,7.033903361878931,0.9661016949152542,0.032641795992623845,False,0.37037758353615935,False,0.025328886362240993,False,False
1336,1574861521240104704,2.2481913310380346,7.0421208391288665,1.0,0.11360558123822749,False,0.6896465085868944,False,0.3948599874138852,False,False
1337,1574861521306841088,2.2101063829787235,7.032106095492273,1.0,-0.021102101833219842,False,0.31244534143256564,False,0.6535317581500346,False,False
1338,1574861521373723904,2.232882946920833,7.035862223473531,1.0,-0.0009419756109828139,False,0.27369899030736383,False,0.834601997665349,False,False
1339,1574861521440497664,2.2159598100099602,7.038436376322709,1.0,-0.07187108028250064,False,0.400975541079656,False,0.9613511653260625,False,False
1340,1574861521507222784,2.2450488764327745,7.035845731755485,1.0,0.02465528221861876,False,0.33468094842785684,False,1.0500755826885702,False,False
1341,1574861521573986560,2.2243936697560263,7.036338996830786,1.0,-0.011571643531604654,False,0.31786102355766765,False,1.112182674842329,False,False
1342,1574861521640757504,2.2221100466455406,7.0377409210337145,1.0,-0.04840602560004948,False,0.39017520256053695,False,1.1556576393499467,False,False
1343,1574861521707613184,2.2360055723790895,7.037132163776095,1.0,-0.004363080931773401,False,0.4042815580660448,False,1.186090114505281,False,False
1344,1574861521774347776,2.2675919761828487,7.036595789455058,1.0,0.1851931950474947,False,0.38198400245837416,False,1.2073928471140116,False,False
1345,1574861521841107200,2.2212710260029307,7.03688214303507,1.0,0.08511316219841877,False,0.3835513468407365,False,1.2223047599401344,False,False
1346,1574861521907853312,2.2209385889683753,7.038654104692441,1.0,0.013386595369679644,False,0.490931648960013,False,1.232743098918419,False,False
1347,1574861521974598656,2.232989774640216,7.043806534221851,0.9821428571428571,0.023736937060695767,False,0.8751432030464845,False,0.842311944660455,False,False
1348,1574861522041483008,2.2072528108927156,7.040491476927486,1.0,-0.09834976224365934,False,0.9452524690585317,False,0.9667481282226383,False,False
1349,1574861522108233472,2.2411228786570825,7.041190024802745,1.0,-0.013608497724226426,False,1.0362282119576314,False,1.0538534567161748,False,False
1350,1574861522174984704,2.223859361869192,7.04292599219775,1.0,-0.04104126334600017,False,1.2040354388829837,False,1.1148271866616473,False,False
1351,1574861522241750016,2.2720285284396082,7.037874685892473,1.0,0.1818127795071581,False,1.0185205775209996,False,1.1575087976234761,False,False
1352,1574861522308490496,2.2093543597494016,7.038094108196626,1.0,0.02286391224215556,False,0.9018212359221858,False,1.1873859252967498,False,False
1353,1574861522375357952,2.228335547389862,7.037572340215295,0.9821428571428571,0.006982898622312654,False,0.7888357880225202,False,0.810561923125285,False,False
1354,1574861522442112000,2.2287905823895393,7.038266915660426,1.0,-0.0018471946981975002,False,0.7514069628049026,False,0.9445231131480185,False,False
1355,1574861522508854016,2.2307497451408542,7.038625127100714,0.9838709677419355,0.001816814125544388,False,0.7466924894510928,False,0.6790487279962839,False,False
1356,1574861522575619328,2.2940412590972366,7.041160879451061,0.9846153846153847,0.32243056617358656,False,0.8954880732215036,False,0.5097972992285743,False,False
1357,1574861522642347776,2.2593322562750235,7.040869086628259,1.0,0.3724424694435634,False,0.9821431000050905,False,0.7339878764203169,False,False
1358,1574861522709108480,2.219426765949819,7.038534424487492,1.0,0.2069199826852982,False,0.9027673966382866,False,0.8909212804545417,False,False
1359,1574861522776012544,2.2016210212698555,7.0360829289376525,0.9682539682539683,0.0015778181511426621,False,0.7001624548932319,False,0.29368490053582047,False,False
1360,1574861522842733056,2.253949742347308,7.038612599368038,1.0,0.12079764044786434,False,0.7100699141383017,False,0.5827091973354024,False,False
1361,1574861522909476864,2.210015342703482,7.037479152736643,1.0,-0.01652515084234156,False,0.649020430428947,False,0.7850262050951016,False,False
1362,1574861522976229120,2.2249358562967503,7.035270524308617,1.0,-0.037673381452761445,False,0.47381113588118573,False,0.9266481105268892,False,False
1363,1574861523042973696,2.2444631762895226,7.0383964569065895,1.0,0.0456504440769446,False,0.5386596561080269,False,1.0257834443291374,False,False
1364,1574861523109860864,2.2626844174061103,7.038653448794152,0.9848484848484849,0.19554147500766986,False,0.5994681243343354,False,0.7577035184999027,False,False
1365,1574861523176631552,2.219185340745789,7.035361073141595,1.0,0.0818760902628634,False,0.44455568665063017,False,0.9075222299102617,False,False
1366,1574861523243349248,2.2969383156205403,7.037916431895905,1.0,0.3930301844973686,False,0.48938869746709707,False,1.0123953278975046,False,False
1367,1574861523310098176,2.2517730104869145,7.031685008083195,1.0,0.3838759067275264,False,0.1470078367765756,False,1.085806496488583,False,False
1368,1574861523376878592,2.272539097550281,7.032462350559231,1.0,0.481820481654084,False,-0.046033368803241284,False,1.137194314502323,False,False
1369,1574861523443743744,2.245927511543227,7.04120116876657,1.0,0.4166546431704061,False,0.3429965460698971,False,1.173165787111951,False,False
1370,1574861523510482944,2.22139371603746,7.033998955967258,0.96875,0.24775271092543577,False,0.18332510126598964,False,0.5023043327388687,False,False
1371,1574861523577242368,2.2461887197499135,7.032371811704827,1.0,0.25411981240671966,False,-0.026041850176517677,False,0.7287427998775328,False,False
1372,1574861523643978240,2.2448233176790255,7.038230888570933,1.0,0.25171544197474705,False,0.1788316929220043,False,0.8872497268746027,False,False
1373,1574861523710736640,2.2049534451667108,7.034737088417799,1.0,0.04968054824937083,False,0.11268326370309764,False,0.9982045757725516,False,False
1374,1574861523777620224,2.2390292530636207,7.0379224498995745,1.0,0.07949195038303511,False,0.257438964323528,False,1.075872970001111,False,False
1375,1574861523844373504,2.2261508715592426,7.035648288286325,1.0,0.03564421556714196,False,0.22236258504064058,False,1.1302408459611073,False,False
1376,1574861523911128064,2.2116459091304828,7.03692007332973,1.0,-0.067938717824667,False,0.2740914330051513,False,1.168298359133095,False,False
1377,1574861523977860608,2.267097222083883,7.0334920838116215,1.0,0.13820403883176507,False,0.10468907253825684,False,1.1949386183534914,False,False
1378,1574861524044588544,2.230330227426429,7.045597960980945,0.9841269841269841,0.09774454084158071,False,0.7122240872999279,False,0.8600419184364261,False,False
1379,1574861524111487744,2.2143766752102207,7.041438689335523,1.0,-0.01074599846202486,False,0.8880233698204977,False,0.9791591098658181,False,False
1380,1574861524178241536,2.2436201851811486,7.035161832696669,1.0,0.060263460802963714,False,0.6345938153131837,False,1.0625411438663992,False,False
1381,1574861524244972800,2.215104957815102,7.035352996017474,1.0,-0.03332302982299107,False,0.4686592003249209,False,1.120908567666801,False,False
1382,1574861524311749888,2.2336309220566295,7.041393704190327,1.0,-0.005737942742191227,False,0.7148297170592921,False,1.1617657643270904,False,False
1383,1574861524378482432,2.253007847002063,7.0397635619357,1.0,0.11094344846276383,False,0.7893723175973557,False,1.1903658019892798,False,False
1384,1574861524445222912,2.2494181671947517,7.033990294745852,1.0,0.17458176582034368,False,0.49526863687214007,False,1.2103858283528142,False,False
1385,1574861524513113856,2.2062634557887595,7.037801832646947,1.0,0.002269966425900276,False,0.5180140414088693,False,1.224399846807288,False,False
1386,1574861524578856192,2.22987507792737,7.040628851942671,1.0,0.0003034985682596882,False,0.7035018791625861,False,1.2342096597254248,False,False
1387,1574861524645619968,2.2317430749083633,7.036179058430787,1.0,0.008313924129351662,False,0.5664424885295394,False,1.2410765287681238,False,False
1388,1574861524712347648,2.218674788645557,7.038256316338007,1.0,-0.05174879296750696,False,0.5950959004126439,False,1.2458833370980065,False,False
1389,1574861524779112704,2.2359777895818844,7.040364519760839,1.0,-0.0068426306343754885,False,0.7416044018159026,False,1.2492481029289195,False,False
1390,1574861524845972992,2.2133952185900068,7.037373552826136,1.0,-0.08888897894241327,False,0.664760635485442,False,1.2516034390105635,False,False
1391,1574861524912740864,2.2047040561626017,7.0359553953716425,0.9838709677419355,-0.18999576194888726,False,0.5259081939606032,False,0.894004956100067,False,False
1392,1574861524979492608,2.2342403925221097,7.038056753576428,0.9493670886075949,-0.11234617862537605,False,0.5547520183197914,False,-0.12483018282757029,False,False
1393,1574861525046232576,2.197849341766481,7.035986024987375,0.9821428571428571,-0.24086172585888513,False,0.4507393418679767,False,-0.10798935256173503,False,False
1394,1574861525112973568,2.2538626589106814,7.0344569921836335,1.0,-0.049347647132805136,False,0.28621830344280524,False,0.3015372201671144,False,False
1395,1574861525179871232,2.227433186441209,7.0306836698990764,1.0,-0.04809968628017463,False,-0.055272212391418024,False,0.5882058210773098,False,False
1396,1574861525246619648,2.2317708327694517,7.035208761770495,1.0,-0.025428818026740695,False,-0.022898262529019036,False,0.7888738417144466,False,False
1397,1574861525313366016,2.24044207529617,7.034405250859036,1.0,0.03401502858019524,False,-0.048431490589310594,False,0.9293414561604407,False,False
1398,1574861525380097280,2.2035721761129863,7.0323093653402395,0.9846153846153847,-0.10965081646282979,False,-0.19201702917016586,False,0.6850022089434906,False,False
1399,1574861525446856448,2.2185837675736324,7.033454259559271,1.0,-0.13478150533847605,False,-0.22385556886969757,False,0.85663131322076,False,False
1400,1574861525513744384,2.219501932694927,7.033077626817477,1.0,-0.147759075974518,False,-0.2687331699873472,False,0.9767716862148469,False,False
1401,1574861525580482816,2.2505421857262276,7.0319218341237555,1.0,-0.0008616467635012401,False,-0.3694725241293446,False,1.0608699473107226,False,False
1402,1574861525647239424,2.2403827075547853,7.036308821982258,0.9838709677419355,0.050913717039193986,False,-0.17685630998728644,False,0.7604915119101768,False,False
1403,1574861525713987072,2.261010320115525,7.033857361832801,1.0,0.190813186806815,False,-0.18906478614337718,False,0.9094738252974477,False,False
1404,1574861525780738816,2.212991488069109,7.033037117850212,1.0,0.04744128942588872,False,-0.24680937052987853,False,1.0137614446685284,False,False
1405,1574861525847616768,2.2315452440359733,7.038411297974439,0.9852941176470589,0.04031624918873127,False,0.03511547641498154,False,0.7592138440166075,False,False
1406,1574861525914368000,2.199662010516077,7.037205483589103,1.0,-0.12488910563511471,False,0.160137509423311,False,0.9085794577719435,False,False
1407,1574861525981111552,2.2582913377137968,7.036161255711514,1.0,0.05408793393832023,False,0.18501961355934374,False,1.01313538740069,False,False
1408,1574861526047853312,2.2368683350245187,7.035102318116025,1.0,0.07171819692534888,False,0.13892147112689288,False,1.086324538140798,False,False
1409,1574861526114600192,2.2407467528093177,7.0332114774923795,1.0,0.10354898729988868,False,-0.006760810461164833,False,1.1375569436588817,False,False
1410,1574861526181350912,2.251717634262891,7.037707128959604,0.9642857142857143,0.18096079521190525,False,0.1609130529626983,False,0.37794364443602574,False,False
1411,1574861526248246784,2.2581053698074975,7.039546244417217,1.0,0.26724834909832723,False,0.3885958374898337,False,0.6416903180655396,False,False
1412,1574861526314980864,2.2201470668670304,7.034853063833091,1.0,0.1369037139830445,False,0.2664744292700993,False,0.8263129896061991,False,False
1413,1574861526381736448,2.2699863674047727,7.036144537302994,1.0,0.2961121111966922,False,0.2584526788097603,False,0.9555488596846659,False,False
1414,1574861526448471040,2.276615504219749,7.039603587220194,1.0,0.4408703536414755,False,0.4603130260576874,False,1.0460139687395942,False,False
1415,1574861526515222272,2.24126522616786,7.038831781660177,1.0,0.3645609000771817,False,0.5553219792653346,False,1.109339545078044,False,False
1416,1574861526582112768,2.29180116826004,7.042276099513171,1.0,0.5650946482206669,False,0.8284201823802443,False,1.153667448514959,False,False
1417,1574861526648846592,2.2700022140565284,7.0365161699469665,0.9852941176470589,0.5959253968635734,False,0.6741054209055608,False,0.8571480467091106,False,False
1418,1574861526715597312,2.2401017630849975,7.033906349245148,1.0,0.46725286127570026,False,0.40954671537885173,False,0.9771333996567039,False,False
1419,1574861526782364160,2.250767786238575,7.035816621720599,0.9795918367346939,0.4307803842809312,False,0.33893473574578803,False,0.6065654420997175,False,False
1420,1574861526849108992,2.236983117459213,7.041134656977945,0.9830508474576272,0.3359797103815137,False,0.6084848083589725,False,0.4242115505590382,False,False
1421,1574861526915973888,2.2018070112928614,7.037262822011725,0.9841269841269841,0.09285425411103185,False,0.5649352295231638,False,0.3205329709803098,False,False
1422,1574861526982775040,2.2354316976411184,7.039865106039247,1.0,0.09163531190308187,False,0.6905368432764982,False,0.6015028466465433,False,False
1423,1574861527049486080,2.238847185075177,7.040437122090708,1.0,0.1079453671549504,False,0.8127677864761252,False,0.7981817596128985,False,False
1424,1574861527116223488,2.2723253806170463,7.0372093537750136,1.0,0.2875951456754471,False,0.7047262621846067,False,0.9358569986893438,False,False
1425,1574861527182981632,2.2230876353012157,7.03653529033812,1.0,0.16592325021488466,False,0.5886665275504107,False,1.0322296660428556,False,False
1426,1574861527249851648,2.2656922545715634,7.038138623102875,1.0,0.29484725296604813,False,0.6035934276503317,False,1.099690533190317,False,False
1427,1574861527316605952,2.221955709451847,7.034119185078421,1.0,0.16531163538819843,False,0.3729543215827408,False,1.1469131401935502,False,False
1428,1574861527383347712,2.246635873714866,7.043025389938013,1.0,0.19865807241287253,False,0.7457056426140263,False,1.1799689650958032,False,False
1429,1574861527450100736,2.2352614684344907,7.039620869353191,0.9838709677419355,0.16484255850728696,False,0.8024266918437755,False,0.8438608243597316,False,False
1430,1574861527516851200,2.215508585333547,7.037559426188087,1.0,0.041910624808455296,False,0.7184850172503777,False,0.9678323440121427,False,False
1431,1574861527583732480,2.2176774587458232,7.041622503620394,0.9836065573770492,-0.03324282844823953,False,0.9034312950411646,False,0.6894758909426874,False,False
1432,1574861527650482688,2.2211562214515292,7.039807295530029,0.9649122807017544,-0.06836896360456073,False,0.9240165854061754,False,0.07824262653619041,False,False
1433,1574861527717236480,2.2732592499785547,7.034564001807451,1.0,0.16886794178280037,False,0.6239308655583801,False,0.431899605535649,False,False
1434,1574861527783975680,2.2323803168934075,7.039887228157068,1.0,0.12951126685808365,False,0.7331606843747697,False,0.6794594908352808,False,False
1435,1574861527850732800,2.231541237607065,7.033633089996922,1.0,0.0977451005107053,False,0.43449517117711467,False,0.8527514105450197,False,False
1436,1574861527917474048,2.265878270188549,7.034482456778939,1.0,0.24805730335908246,False,0.2763747633313081,False,0.9740557543418336,False,False
1437,1574861527984376832,2.2326652733056167,7.033372696232751,1.0,0.18637576685068283,False,0.09912647609089795,False,1.0589687949995985,False,False
1438,1574861528051107328,2.227120511890269,7.036698127985512,0.9836065573770492,0.11533546899180712,False,0.17451376216021497,False,0.753271406633908,False,False
1439,1574861528117847552,2.2127540835789983,7.038645612724983,0.9868421052631579,-0.006586104697128726,False,0.34409598715816103,False,0.6113496525725566,False,False
1440,1574861528184599296,2.252849448776883,7.034624181547006,1.0,0.10955376126785143,False,0.22159605815782593,False,0.8050745237611135,False,False
1441,1574861528251353088,2.262605195863546,7.036518724060682,1.0,0.23987569741423403,False,0.24948173098882398,False,0.9406819335931026,False,False
1442,1574861528318222848,2.2441781885505336,7.033396770624646,1.0,0.23850269497308094,False,0.08174534771601523,False,1.03560712047549,False,False
1443,1574861528384972288,2.23346861636384,7.035866331978096,0.9857142857142858,0.18372445520278052,False,0.11245542489840492,False,0.7838643580589623,False,False
1444,1574861528451738624,2.241724434035628,7.037210718475141,1.0,0.18686635664482593,False,0.21458946448767674,False,0.9258348176015901,False,False
1445,1574861528518481920,2.23078531862635,7.0350076283931156,1.0,0.13409506193839857,False,0.1539408290575624,False,1.025214139281433,False,False
1446,1574861528585232384,2.2214570307808508,7.033508183428369,0.9818181818181818,0.050279169740145596,False,0.0215493129723755,False,0.6898100730683387,False,False
1447,1574861528652107520,2.2696895106222974,7.037111656163535,1.0,0.23398318226806747,False,0.14501337832747108,False,0.8599968181081669,False,False
1448,1574861528718871296,2.246529042486884,7.034995296961192,0.9803921568627451,0.2461913129679224,False,0.1044979231893937,False,0.5423956273537943,False,False
1449,1574861528785604608,2.271893971899062,7.038944474844874,0.9848484848484849,0.38219941698923476,False,0.31301080176745016,False,0.4193320466171519,False,False
1450,1574861528852364288,2.276342451874367,7.037245159569345,1.0,0.49975934045220677,False,0.3570440226357827,False,0.6706621995923361,False,False
1451,1574861528919098880,2.243248163063271,7.037727101007416,1.0,0.4157477334806888,False,0.41677436971189413,False,0.8465933066749518,False,False
1452,1574861528985980928,2.233524090953954,7.039419107503478,1.0,0.308074749939209,False,0.5600730224934314,False,0.9697450816327927,False,False
1453,1574861529052732928,2.258220092220081,7.038076526897765,1.0,0.3568046140040483,False,0.5798534121589446,False,1.0559513241032699,False,False
1454,1574861529119471872,2.2200164076442173,7.040460177802352,1.0,0.19893651806061577,False,0.7366722779993924,False,1.1162956938326103,False,False
1455,1574861529186233088,2.270283088949537,7.0356475300399985,1.0,0.34102614242067303,False,0.5577804246136192,False,1.158536752643157,False,False
1456,1574861529252981504,2.2306230800041984,7.040306529378311,1.0,0.24119163960879123,False,0.7120052761309215,False,1.1881054938105298,False,False
1457,1574861529319864064,2.213426861645363,7.038919190290587,0.9814814814814815,0.08489402112469507,False,0.7367493684060227,False,0.79633458436113,False,False
1458,1574861529386607616,2.2730693549314283,7.039258367250101,0.9852941176470589,0.2751977812138023,False,0.774414239463401,False,0.6070150418014354,False,False
1459,1574861529453365248,2.2259173734403044,7.040021456874344,0.9821428571428571,0.1714649355722361,False,0.8465501528105666,False,0.40430230467856815,False,False
1460,1574861529520106752,2.2673623986261133,7.035574667065648,0.9680851063829787,0.3071191464118939,False,0.6303245787373425,False,-0.050709498266629606,False,False
1461,1574861529586848768,2.275970400434623,7.038541225443819,1.0,0.44533353913923823,False,0.656902356568786,False,0.3416331181736824,False,False
1462,1574861529653766656,2.257345463757824,7.04256906755983,1.0,0.4484906328303911,False,0.9170988188724468,False,0.6162729496819025,False,False
1463,1574861529720496128,2.25054220301861,7.035800030721141,0.9838709677419355,0.4165132362966372,False,0.6932260716089419,False,0.44927361357000606,False,False
1464,1574861529787244288,2.261077602442616,7.039510280646667,1.0,0.4470709536419535,False,0.7590578253010759,False,0.6916212964593266,False,False
1465,1574861529853977088,2.2653439592943436,7.039574013579005,1.0,0.4899004115840852,False,0.8089627865680388,False,0.8612646744818566,False,False
1466,1574861529920733184,2.2420133451562307,7.037482056717564,1.0,0.40264134597849105,False,0.7184196233817817,False,0.9800150390976294,False,False
1467,1574861529987476736,2.269582699850703,7.038546479507344,1.0,0.4800999661703312,False,0.718884029221505,False,1.0631402943286605,False,False
1468,1574861530054359552,2.2352971202995904,7.03767173726852,1.0,0.362031039879004,False,0.6667416291167465,False,1.1213279729903887,False,False
1469,1574861530121106944,2.2629614651847003,7.038291838434411,1.0,0.41840009693875063,False,0.6674359322250076,False,1.1620593480535986,False,False
1470,1574861530187847424,2.2693254450680125,7.036571809308825,1.0,0.48983834961941103,False,0.5647537230074019,False,1.1905713105978422,False,False
1471,1574861530254608384,2.293514850445986,7.041658540249436,1.0,0.6614003619579752,False,0.7979808844017056,False,1.2105296843788076,False,False
1472,1574861530321348096,2.2655695465241354,7.035327389571484,0.9705882352941176,0.6410646056278299,False,0.5814942610382425,False,0.569402677602121,False,False
1473,1574861530388236288,2.2426940840466294,7.044440709944637,1.0,0.511877092482939,False,0.9765752137608869,False,0.7757116412818095,False,False
1474,1574861530454979584,2.29256897993596,7.040392534426406,1.0,0.6720743468288475,False,1.010320255042636,False,0.9201279158575865,False,False
1475,1574861530521748480,2.257353400522891,7.0418859006783086,1.0,0.6072490815972419,False,1.123514650937144,False,1.0212193080606287,False,False
1476,1574861530588467456,2.299249604021479,7.040587527801951,1.0,0.772405834531798,False,1.1248736628633837,False,1.0919832826027698,False,False
1477,1574861530655243264,2.2526199771673188,7.042198089054512,1.0,0.6536949909394375,False,1.222427253928957,False,1.1415180647822587,False,False
1478,1574861530722121728,2.2380002457117256,7.043300436860653,0.9666666666666667,0.497131150564195,False,1.3568341495064846,False,0.43374816142809686,False,False
1479,1574861530788855808,2.2642793713771003,7.044155219339741,1.0,0.5195928422777599,False,1.5021892640671406,False,0.6807534799599877,False,False
1480,1574861530855613184,2.2429987153527766,7.044049605385718,1.0,0.4283776741943055,False,1.5976030656043332,False,0.8536572029323211,False,False
1481,1574861530922349312,2.276860909318905,7.040038217339599,1.0,0.5346894436015979,False,1.4237876323360419,False,0.974689809012943,False,False
1482,1574861530989104384,2.239353750639006,7.038966270684143,0.9852941176470589,0.4206288240415997,False,1.237820923690031,False,0.7318636990577011,False,False
1483,1574861531055984128,2.2436042708635475,7.040081034262229,1.0,0.36214586482436756,False,1.174508313782965,False,0.8894343563007205,False,False
1484,1574861531122749184,2.2295147748603554,7.040932522165483,1.0,0.25040605279831735,False,1.181262164170674,False,0.9997338163708258,False,False
1485,1574861531189472768,2.2782065259749738,7.038622225089393,1.0,0.41687122554276274,False,1.0474170662929299,False,1.076943438419898,False,False
1486,1574861531256223232,2.253150311173769,7.040671822880426,1.0,0.40748576918196944,False,1.0766614152736529,False,1.13099017385425,False,False
1487,1574861531322972160,2.264220005045421,7.045143703780099,1.0,0.4565427509689036,False,1.3653581493693523,False,1.1688228886582932,False,False
1488,1574861531389847552,2.2707976948447683,7.041753866503916,1.0,0.5239364739739936,False,1.3641217000612282,False,1.19530578902112,False,False
1489,1574861531456613632,2.294290497764127,7.041043135317764,1.0,0.6891667881576415,False,1.3206261676735742,False,1.2138438192751022,False,False
1490,1574861531523354112,2.267109105819629,7.037075857648471,1.0,0.6682376104979255,False,1.0522199634851062,False,1.2268204404528864,False,False
1491,1574861531590102016,2.224314512245401,7.042777917546462,1.0,0.4385382084065209,False,1.2063480720886353,False,1.2359040752773502,False,False
1492,1574861531656847360,2.268989040011181,7.037225402768826,1.0,0.502244543930743,False,0.9811950889214953,False,1.2422626196544617,False,False
1493,1574861531723745280,2.2164544947827607,7.040935913070507,1.0,0.28284534541347933,False,1.04614629497495,False,1.2467136007184447,False,False
1494,1574861531790489856,2.2896560908579517,7.04463761990477,0.9846153846153847,0.4971144379917327,False,1.3136423970318116,False,0.9071627101340901,False,False
1495,1574861531857248000,2.211922950267796,7.039654033324458,1.0,0.2564826093688114,False,1.2019716117930255,False,1.0121436640541912,False,False
1496,1574861531923998208,2.2507756951228073,7.036317254287292,0.9722222222222222,0.28328095122503266,False,0.9236603591009257,False,0.4669267893984145,False,False
1497,1574861531990746624,2.257567099975783,7.040403660122987,1.0,0.33616757511118,False,0.9739471817176938,False,0.7039785195392066,False,False
1498,1574861532057486848,2.249904972843762,7.040566335567355,1.0,0.3346849227625649,False,1.0189053134048986,False,0.8699147306377728,False,False
1499,1574861532124347392,2.235863094987481,7.039619146856505,1.0,0.2630846135704216,False,0.9935631451703743,False,0.9860700784067591,False,False
