frame_idx,blur,illumination,occlusion,gt_fault,gt_blur,gt_illumination,gt_occlusion
0,2.326383386402603,7.040616127223178,0.9537037037037037,False,False,False,False
1,2.329502169114378,7.0443938517373725,0.9537037037037037,False,False,False,False
2,2.307263859998455,7.042024746076295,0.9777777777777777,False,False,False,False
3,2.3021385446531863,7.040553970285275,0.9801980198019802,False,False,False,False
4,2.2826271412335433,7.044970124363346,0.9591836734693877,False,False,False,False
5,2.3532681025707625,7.0386642928286935,0.9387755102040817,False,False,False,False
6,2.290467323753725,7.040808230127336,1.0,False,False,False,False
7,2.352440905861075,7.040713334153059,0.9903846153846154,False,False,False,False
8,2.3481705438648373,7.040813640989363,0.9468085106382979,False,False,False,False
9,2.3166673653384473,7.036556321538983,0.968421052631579,False,False,False,False
10,2.317775521366816,7.037999968674962,0.9912280701754386,False,False,False,False
11,2.274264551416081,7.041392479497558,0.9285714285714286,False,False,False,False
12,2.3124643615114353,7.037397020832992,0.9903846153846154,False,False,False,False
13,2.3422143666862434,7.038412589955895,0.989010989010989,False,False,False,False
14,2.3405837293980656,7.039524176748428,0.968421052631579,False,False,False,False
15,2.340057382335265,7.040750875959018,0.9901960784313726,False,False,False,False
16,2.2839490130673834,7.042453219289201,0.9607843137254902,False,False,False,False
17,2.337575897370204,7.039968711016506,0.9574468085106383,False,False,False,False
18,2.3241394099012362,7.036029529813721,0.9719626168224299,False,False,False,False
19,2.3423449461510746,7.041744623442153,0.9803921568627451,False,False,False,False
20,2.346848731802494,7.040144369169479,0.9333333333333333,False,False,False,False
21,2.3290706048589307,7.044880548802115,0.9895833333333334,False,False,False,False
22,2.32952578499558,7.0404447777771315,0.98989898989899,False,False,False,False
23,2.3255681076375057,7.034318616142815,0.9813084112149533,False,False,False,False
24,2.3236844077946777,7.042450613281047,1.0,False,False,False,False
25,2.372977527141658,7.037921151896051,0.9761904761904762,False,False,False,False
26,2.320292618631254,7.041493176426695,0.9696969696969697,False,False,False,False
27,2.350473978955251,7.036949697582534,0.9495798319327731,False,False,False,False
28,2.3623709754524347,7.038046946176389,0.9894736842105263,False,False,False,False
29,2.35515208310154,7.036749552561618,0.9662921348314607,False,False,False,False
30,2.384245092140612,7.036814914885738,1.0,False,False,False,False
31,2.372914144669769,7.0410509787229945,1.0,False,False,False,False
32,2.360768005115029,7.036596603391924,1.0,False,False,False,False
33,2.3520215120127386,7.038619674909045,1.0,False,False,False,False
34,2.347751075020189,7.039166871548016,1.0,False,False,False,False
35,2.3834416611481157,7.0365417539261745,1.0,False,False,False,False
36,2.3490610575421162,7.039812570010625,1.0,False,False,False,False
37,2.414909303467879,7.03834507711482,1.0,False,False,False,False
38,2.381118483059343,7.041421944252943,1.0,False,False,False,False
39,2.3592601289418447,7.034152003586728,1.0,False,False,False,False
40,2.36975996271205,7.038441183065216,1.0,False,False,False,False
41,2.3887291687832297,7.03583826474006,1.0,False,False,False,False
42,2.399106293033648,7.039271273118663,1.0,False,False,False,False
43,2.4075796967623013,7.041177596540075,1.0,False,False,False,False
44,2.384189652761799,7.038706906020193,1.0,False,False,False,False
45,2.4006932888120542,7.0353941527830735,1.0,False,False,False,False
46,2.376966790853617,7.032969560389846,1.0,False,False,False,False
47,2.4455459697055493,7.035896877588405,1.0,False,False,False,False
48,2.4819804500766076,7.04132183252241,1.0,False,False,False,False
49,2.4484627651234026,7.038461611717702,1.0,False,False,False,False
50,2.4976925630857143,7.038393331316138,1.0,False,False,False,False
51,2.4381846582935114,7.039018413217002,1.0,False,False,False,False
52,2.4211665055040408,7.036656177065059,1.0,False,False,False,False
53,2.416072969297663,7.039111997664103,1.0,False,False,False,False
54,2.4672381021730927,7.0370791059115865,1.0,False,False,False,False
55,2.4155030304093636,7.035424261466295,1.0,False,False,False,False
56,2.3877516533382392,7.033814145196175,1.0,False,False,False,False
57,2.399023206471262,7.038333196044883,1.0,False,False,False,False
58,2.419706147200745,7.0365091465199825,1.0,False,False,False,False
59,1.1363665124354543,7.02725973102554,0.38461538461538464,True,True,False,False
60,1.1330301722368379,7.023541573502288,0.135,True,True,False,False
61,1.1392239741641337,7.0216715142665365,0.15,True,True,False,False
62,1.1393268743041147,7.024867733967079,0.155,True,True,False,False
63,1.1462053565789754,7.021630037103121,0.14,True,True,False,False
64,1.1355551849014782,7.025809563104538,0.15,True,True,False,False
65,1.1324483900243396,7.024674489296094,0.14,True,True,False,False
66,1.1363467249217416,7.02189970579445,0.15,True,True,False,False
67,1.1368612271879839,7.022225985188539,0.16,True,True,False,False
68,1.134510352575959,7.023766544210384,0.15,True,True,False,False
69,1.1300856438626863,7.021706508635392,0.165,True,True,False,False
70,1.1395682936813636,7.024436576087175,0.15,True,True,False,False
71,1.1374350936556852,7.023580910012827,0.165,True,True,False,False
72,1.1359707424253227,7.025991191511178,0.155,True,True,False,False
73,1.1406091686357127,7.0243006074426875,0.16,True,True,False,False
74,1.1370037017601817,7.0244779201675325,0.2,True,True,False,False
75,1.137225334344234,7.023865679349777,0.175,True,True,False,False
76,1.1454058994668628,7.025530059069682,0.155,True,True,False,False
77,1.1348507151605935,7.015893526297839,0.15,True,True,False,False
78,1.140055088929882,7.020826117360938,0.155,True,True,False,False
79,1.1369087183361286,7.022877338224513,0.185,True,True,False,False
80,1.1356303824094844,7.0206004199583045,0.185,True,True,False,False
81,1.1338731596173248,7.021845192420589,0.195,True,True,False,False
82,1.140997023245642,7.022419785501215,0.19,True,True,False,False
83,1.13949705507954,7.027524276245986,0.195,True,True,False,False
84,1.1404231527681132,7.028597881636082,0.195,True,True,False,False
85,1.1419270814380629,7.0232334111217,0.215,True,True,False,False
86,1.139544547856677,7.0245766627818735,0.22,True,True,False,False
87,1.1373163624646847,7.025810157779778,0.245,True,True,False,False
88,1.1362754830619328,7.022417138067697,0.25,True,True,False,False
89,1.140739772535432,7.028294598577996,0.26,True,True,False,False
90,1.1371699270440443,7.026257782833084,0.25,True,True,False,False
91,1.1385313753776687,7.0304111775197455,0.215,True,True,False,False
92,1.1457066869300911,7.02872511394855,0.275,True,True,False,False
93,1.146854418957016,7.024715401924787,0.275,True,True,False,False
94,1.1418123094665131,7.029794685131481,0.25,True,True,False,False
95,1.1482475288287974,7.0322165553324485,0.25,True,True,False,False
96,1.1488807593413233,7.032887084429101,0.255,True,True,False,False
97,1.1478478026692402,7.032771551742027,0.24,True,True,False,False
98,1.152612871711619,7.03585257017554,0.265,True,True,False,False
99,1.159431989879002,7.035630042677504,0.23,True,True,False,False
100,1.2294476621051256,7.1045844595218695,0.29,True,True,False,False
101,1.2277300213889182,7.148133356262306,0.085,True,True,False,False
102,1.1950750349238968,7.135380553509981,0.135,True,True,False,False
103,1.1310790242855986,7.0374194208619985,0.09,True,True,False,False
104,1.1323731907620342,7.030017471272426,0.115,True,True,False,False
105,1.1342412297209123,7.022081839012766,0.135,True,True,False,False
106,1.1373203191466656,7.0293570428574945,0.14,True,True,False,False
107,1.1308494804991325,7.020619186866245,0.125,True,True,False,False
108,1.131466880399213,7.024849561388294,0.14,True,True,False,False
109,1.1273864923935881,7.02520422036123,0.125,True,True,False,False
110,1.1319774252629586,7.021527106358139,0.12,True,True,False,False
111,1.1276516580654254,7.021639743748143,0.14,True,True,False,False
112,1.1320486619851757,7.022387612896123,0.14,True,True,False,False
113,1.1232111185517477,7.0227971967948655,0.135,True,True,False,False
114,1.1306951291770608,7.022442978853315,0.12,True,True,False,False
115,1.1274933508132157,7.016530971172525,0.13,True,True,False,False
116,1.12809492147923,7.0208835309859605,0.155,True,True,False,False
117,1.1291160071029127,7.01097645254935,0.14,True,True,False,False
118,2.270429451441434,7.031325700944734,0.135,False,False,False,False
119,2.2923750509863394,7.031550964491878,0.9393939393939394,False,False,False,False
120,2.307572575267291,7.028249857430348,1.0,False,False,False,False
121,2.2832525821542156,7.033962546586232,0.9659090909090909,False,False,False,False
122,2.24726515465659,7.029177278362729,0.9894736842105263,False,False,False,False
123,2.2639270585499656,7.032304928367909,0.9587628865979382,False,False,False,False
124,2.2771813399420426,7.026315527964632,0.9655172413793104,False,False,False,False
125,2.265790997851438,7.026982351088046,0.9411764705882353,False,False,False,False
126,2.281107333269332,7.0287403672713795,0.9345794392523364,False,False,False,False
127,2.2744742848516113,7.02874892092983,0.9711538461538461,False,False,False,False
128,2.284024194254137,7.023453281250782,1.0,False,False,False,False
129,2.299605602303332,7.026913095439529,0.967032967032967,False,False,False,False
130,2.281067920733915,7.025764638001814,0.9368421052631579,False,False,False,False
131,2.299008149464256,7.029364412556861,0.9541284403669725,False,False,False,False
132,2.290510814675664,7.028096841261686,0.9711538461538461,False,False,False,False
133,2.3054273755027994,7.031481585993937,0.9724770642201835,False,False,False,False
134,2.299589799571722,7.026660409529045,0.989247311827957,False,False,False,False
135,2.2673542931350084,7.029349942403583,0.9494949494949495,False,False,False,False
136,2.283933252438966,7.03618189231678,0.9401709401709402,False,False,False,False
137,2.2713753784649717,7.030077472893595,0.9439252336448598,False,False,False,False
138,2.295905331756812,7.035497808508599,0.9385964912280702,False,False,False,False
139,2.2642713161341512,7.03216094166509,0.970873786407767,False,False,False,False
140,2.277822609094324,7.031415255209664,0.98989898989899,False,False,False,False
141,2.296985677201122,7.037981986383636,0.9306930693069307,False,False,False,False
142,2.2765165182513085,7.032373850125438,0.9595959595959596,False,False,False,False
143,2.2588691130588123,7.0306313476001705,0.9797979797979798,False,False,False,False
144,2.237426339396361,7.031228469298902,0.90625,False,False,False,False
145,2.313924699608958,7.034607791248018,0.9537037037037037,False,False,False,False
146,2.262917864900972,7.0320621475647105,1.0,False,False,False,False
147,2.272891246914277,7.029027186466893,0.9888888888888889,False,False,False,False
148,2.297306270754844,7.029716096248089,0.98989898989899,False,False,False,False
149,2.2717474643015203,7.027204343932256,0.96,False,False,False,False
150,2.2895688675159254,7.029534895659845,0.9433962264150944,False,False,False,False
151,2.3287304698320273,7.029822435611289,0.9405940594059405,False,False,False,False
152,2.2617740832280178,7.032107620725567,0.9875,False,False,False,False
153,2.2858011655894948,7.02806422489475,0.9454545454545454,False,False,False,False
154,2.2782499728514605,7.033565650720449,0.9705882352941176,False,False,False,False
155,2.2679204384285434,7.024466894261295,0.9611650485436893,False,False,False,False
156,2.2967877980228373,7.024524029331467,0.98989898989899,False,False,False,False
157,2.286715552121554,7.029734696019506,0.9469026548672567,False,False,False,False
158,2.286070410493677,7.03182192576334,0.9906542056074766,False,False,False,False
159,2.2796747789714713,7.0240934475973145,0.9734513274336283,False,False,False,False
160,2.2934910735451344,7.0276792353899555,0.9732142857142857,False,False,False,False
161,2.2728161064836647,7.029287813493218,0.9626168224299065,False,False,False,False
162,2.27679356145619,7.028533756066151,0.9243697478991597,False,False,False,False
163,2.2523508675948265,7.025306370075173,0.968421052631579,False,False,False,False
164,2.2847960429025758,7.02724045540055,0.963302752293578,False,False,False,False
165,2.3004368940027353,7.0246348800963645,0.9479166666666666,False,False,False,False
166,2.2922918203207643,7.0345395401796935,0.944,False,False,False,False
167,2.258481253561905,7.0287460376577835,0.9894736842105263,False,False,False,False
168,2.270164438017748,7.029274392061319,0.9801980198019802,False,False,False,False
169,2.2994949613786213,7.031243476079676,0.989247311827957,False,False,False,False
170,2.2803673494072005,7.031261818903346,0.9705882352941176,False,False,False,False
171,2.317767590929759,7.027252208341105,0.96875,False,False,False,False
172,2.276955876202418,7.030065101448034,0.9439252336448598,False,False,False,False
173,2.3045370998150694,7.024989391466203,0.989010989010989,False,False,False,False
174,2.3029539004821635,7.030952251391183,1.0,False,False,False,False
175,2.298944741680328,7.0267084475899715,0.9393939393939394,False,False,False,False
176,2.2836523069040675,7.029813465594796,0.9519230769230769,False,False,False,False
177,2.273955947294661,7.030539545059511,0.9895833333333334,False,False,False,False
178,2.30368219849982,7.03252654908865,0.9519230769230769,False,False,False,False
179,2.2906771413956406,7.031189733191109,0.9504950495049505,False,False,False,False
180,2.2992217563778388,7.032758293548753,0.9894736842105263,False,False,False,False
181,2.2916705266115502,7.02942769271001,0.978494623655914,False,False,False,False
182,2.3135566990194967,7.028018319207004,0.9719626168224299,False,False,False,False
183,2.272222299972158,7.02782756347934,0.9893617021276596,False,False,False,False
184,2.2906692538136193,7.034249249506641,0.963302752293578,False,False,False,False
185,2.2877761685079228,7.028898253830308,0.96,False,False,False,False
186,2.2500355215456946,7.0298244845189295,0.9797979797979798,False,False,False,False
187,2.2732949836378777,7.033354721156984,0.967741935483871,False,False,False,False
188,2.2854293009826674,7.032136898290101,0.9333333333333333,False,False,False,False
189,2.3115538952596384,7.031968478993664,0.9626168224299065,False,False,False,False
190,2.275345062328444,7.033989164022103,0.9895833333333334,False,False,False,False
191,2.2881917783474903,7.033159179141811,0.967741935483871,False,False,False,False
192,2.24276927362896,7.031990651124401,0.9473684210526315,False,False,False,False
193,2.2737580691814867,7.03346134875574,1.0,False,False,False,False
194,2.269424315346653,7.032577798169333,0.9689922480620154,False,False,False,False
195,2.289580845545279,7.032272564792327,0.978494623655914,False,False,False,False
196,2.3037731358039344,7.03423078141647,0.96875,False,False,False,False
197,2.2909304342021253,7.030073369966473,0.925,False,False,False,False
198,2.2969343653605496,7.031976987483702,0.9807692307692307,False,False,False,False
199,2.29259276542035,7.033239644611406,0.9595959595959596,False,False,False,False
200,2.320957538938691,7.03700326463809,0.9595959595959596,False,False,False,False
201,2.286640338417602,7.0295923754515695,0.9753086419753086,False,False,False,False
202,2.2851443693186155,7.03805321203852,0.9711538461538461,False,False,False,False
203,2.2798923956972548,7.030059939785216,1.0,False,False,False,False
204,2.2720244982963274,7.035097165328171,0.9519230769230769,False,False,False,False
205,2.3305626703435025,7.036342501941782,0.9537037037037037,False,False,False,False
206,2.2804820367651173,7.037081937128093,0.9333333333333333,False,False,False,False
207,2.253162048864066,7.0311222450073565,0.9789473684210527,False,False,False,False
208,2.2743556472650304,7.0327223742746305,0.9727272727272728,False,False,False,False
209,2.2737895817921308,7.02856484707261,0.98,False,False,False,False
210,2.252425956994114,7.030281498211677,0.954954954954955,False,False,False,False
211,2.302510728855825,7.035768420545384,0.9523809523809523,False,False,False,False
212,2.265585327702922,7.031630350316789,0.9789473684210527,False,False,False,False
213,2.272732825820548,7.026766344671191,0.9900990099009901,False,False,False,False
214,2.259640885019293,7.027238927265678,0.9726027397260274,False,False,False,False
215,2.2440554532488073,7.030737857446881,0.9340659340659341,False,False,False,False
216,2.2336585773225126,7.028550298003493,0.9736842105263158,False,False,False,False
217,2.2519271552088713,7.030403824094435,0.9426229508196722,False,False,False,False
218,2.3065316929511486,7.02730610336822,0.98989898989899,False,False,False,False
219,1.1290685151402722,7.020822253677798,0.25862068965517243,True,True,False,False
220,1.1353098068686607,7.0242533145733885,0.12,True,True,False,False
221,1.1350288118061234,7.0189990403339095,0.135,True,True,False,False
222,1.1320921983309462,7.023536541454417,0.115,True,True,False,False
223,1.1275170972017843,7.018098119443874,0.145,True,True,False,False
224,1.1298600551605353,7.024083456176785,0.14,True,True,False,False
225,1.1299075480629799,7.015811269137059,0.12,True,True,False,False
226,1.1355037350664388,7.0183602251138915,0.125,True,True,False,False
227,1.1330460042903143,7.021095368213323,0.12,True,True,False,False
228,1.1346409568829265,7.0161571840713695,0.115,True,True,False,False
229,1.133386365747185,7.021012231986934,0.115,True,True,False,False
230,1.1275289695972355,7.017333328161941,0.11,True,True,False,False
231,1.134063132668134,7.015225363800786,0.12,True,True,False,False
232,1.1241570079831493,7.015971340877478,0.135,True,True,False,False
233,1.1288904190586242,7.017879647673912,0.13,True,True,False,False
234,1.1271767344918426,7.017018363455344,0.145,True,True,False,False
235,1.125538246211322,7.016575583999774,0.115,True,True,False,False
236,1.1294365810460703,7.016080450461376,0.15,True,True,False,False
237,1.1258588209063225,7.017864152399374,0.135,True,True,False,False
238,1.1238958015307623,7.016854120833779,0.15,True,True,False,False
239,1.1309167615104985,7.022285734446164,0.145,True,True,False,False
240,1.1300856446145293,7.019656144931438,0.12,True,True,False,False
241,1.1288983342082126,7.020358521572623,0.14,True,True,False,False
242,1.1250316605983535,7.021250097637456,0.12,True,True,False,False
243,1.1360142792409949,7.021064642251508,0.13,True,True,False,False
244,1.1396197436103837,7.021151201927869,0.1,True,True,False,False
245,1.1314550080977421,7.016859867054803,0.14,True,True,False,False
246,1.1325315029012217,7.019184925302422,0.12,True,True,False,False
247,1.1323296600237571,7.018494972533862,0.115,True,True,False,False
248,1.128284888014069,7.017650690083909,0.13,True,True,False,False
249,1.1269551032861687,7.0211361603441205,0.115,True,True,False,False
250,1.1307505381062435,7.0181445851283275,0.105,True,True,False,False
251,1.1226728707740863,7.021352518536839,0.14,True,True,False,False
252,1.1270461308114104,7.018736351376672,0.125,True,True,False,False
253,1.1289854032345201,7.022195137297544,0.135,True,True,False,False
254,1.1350367264544832,7.022105897042781,0.11,True,True,False,False
255,1.1275645891017716,7.018406124975076,0.125,True,True,False,False
256,1.1264880946742133,7.016402772271745,0.14,True,True,False,False
257,1.1306634680774785,7.0192697815327065,0.135,True,True,False,False
258,1.1270461296836465,7.0164640812407235,0.125,True,True,False,False
259,1.13309349669153,7.023624050123236,0.125,True,True,False,False
260,1.127188608015058,7.01584938693244,0.135,True,True,False,False
261,1.127291507967078,7.016967816726066,0.125,True,True,False,False
262,1.119637316347052,7.017290357133786,0.15,True,True,False,False
263,2.294144130541887,7.031310337160775,0.14,False,False,False,False
264,2.280893691144448,7.027804960815548,0.979381443298969,False,False,False,False
265,2.309903715589803,7.025401451512864,0.9659090909090909,False,False,False,False
266,2.3211792148790074,7.023957900936072,0.9711538461538461,False,False,False,False
267,2.3184443497057448,7.031617082148923,0.9883720930232558,False,False,False,False
268,2.324871670271021,7.024505629009747,0.9797979797979798,False,False,False,False
269,2.316829638138117,7.028279412466602,1.0,False,False,False,False
270,2.3468686516405266,7.027626221026458,0.9861111111111112,False,False,False,False
271,2.340607582109726,7.0279044029690025,1.0,False,False,False,False
272,2.3203401011332065,7.027667815768078,0.9846153846153847,False,False,False,False
273,2.322457534296439,7.0298341069023875,1.0,False,False,False,False
274,2.3164379070740915,7.03059484818408,1.0,False,False,False,False
275,2.3226672998419184,7.030498795913498,1.0,False,False,False,False
276,2.34355601052704,7.032091814581167,1.0,False,False,False,False
277,2.3106873457233768,7.028843367300425,1.0,False,False,False,False
278,2.315309876600194,7.02978100236812,1.0,False,False,False,False
279,2.3018734823597233,7.027236660240357,1.0,False,False,False,False
280,2.288393555814638,7.030949529411252,0.9868421052631579,False,False,False,False
281,2.3185117272662477,7.026102335472018,0.9886363636363636,False,False,False,False
282,2.3031835248411086,7.030713693166184,1.0,False,False,False,False
283,2.316671382763055,7.02757551715238,1.0,False,False,False,False
284,2.279425421294144,7.027513310114196,0.9864864864864865,False,False,False,False
285,2.3488909979073496,7.030638237430141,1.0,False,False,False,False
286,2.352330172522363,7.034113290327313,1.0,False,False,False,False
287,2.3317699756154897,7.028164590733809,1.0,False,False,False,False
288,2.330760751516866,7.0303545128485645,1.0,False,False,False,False
289,2.3410862151969947,7.0286146891874175,1.0,False,False,False,False
290,2.3264508419667886,7.027097983152198,0.9863013698630136,False,False,False,False
291,2.296257498538498,7.028376132306425,0.9733333333333334,False,False,False,False
292,2.3008762156147786,7.028214727396069,0.9770114942528736,False,False,False,False
293,2.2878156831059897,7.032399776379721,0.9514563106796117,False,False,False,False
294,2.3086847630052794,7.0297262963134415,0.9326923076923077,False,False,False,False
295,2.3191488256493327,7.029611489549595,0.978494623655914,False,False,False,False
296,2.327737092698426,7.029608133231859,0.9904761904761905,False,False,False,False
297,2.286157523064209,7.031778705127787,0.9883720930232558,False,False,False,False
298,2.2804109284200456,7.031383404472246,0.9887640449438202,False,False,False,False
299,2.3213611719706493,7.030506986766039,1.0,False,False,False,False
300,2.319584132750159,7.023432329384695,0.978021978021978,False,False,False,False
301,2.3386603023736416,7.028508211366487,1.0,False,False,False,False
302,2.364286364463639,7.025565879873547,1.0,False,False,False,False
303,2.3359966993286143,7.029110764909237,1.0,False,False,False,False
304,2.4124635079600534,7.027162042158784,1.0,False,False,False,False
305,2.3932923945722226,7.027239432300386,1.0,False,False,False,False
306,2.3586546383714886,7.03006590915829,1.0,False,False,False,False
307,2.4284684642115484,7.028005408095783,1.0,False,False,False,False
308,2.3895681147427954,7.025362149436091,1.0,False,False,False,False
309,2.4609928395716913,7.0295566216162655,1.0,False,False,False,False
310,2.426145228700788,7.022602181447123,1.0,False,False,False,False
311,2.3940879875729895,7.025032836105389,1.0,False,False,False,False
312,2.3925484219494866,7.026298066940522,1.0,False,False,False,False
313,2.470606142159865,7.0317418212435765,1.0,False,False,False,False
314,2.4725967686520467,7.024446031544192,1.0,False,False,False,False
315,2.4408045716795055,7.029919210453029,1.0,False,False,False,False
316,2.4755214951648203,7.027673910120502,1.0,False,False,False,False
317,2.5653296934044465,7.0251974772214565,1.0,False,False,False,False
318,2.5816868247705504,7.029418398463683,1.0,False,False,False,False
319,2.6037945523854016,7.025677130645455,1.0,False,False,False,False
320,2.6835501761404106,7.02241994727188,1.0,False,False,False,False
321,2.598091553012682,7.028447362692955,1.0,False,False,False,False
322,2.5700868764937965,7.022275143229795,1.0,False,False,False,False
323,2.6713921379697037,7.020772715485804,1.0,False,False,False,False
324,2.8186383690331263,7.02445516761763,1.0,False,False,False,False
325,2.793400134236105,7.0227088521687016,1.0,False,False,False,False
326,2.591596915848818,7.022232374276388,1.0,False,False,False,False
327,2.931555407574362,7.027255980957326,1.0,False,False,False,False
328,2.721132345933973,7.022430580337592,1.0,False,False,False,False
329,2.9410301180591762,7.025217634273657,1.0,False,False,False,False
330,2.93515693101914,7.031154590405931,1.0,False,False,False,False
331,3.0015592614124027,7.026696636263005,1.0,False,False,False,False
332,2.915051885866854,7.0252222534491535,1.0,False,False,False,False
333,2.9955435083886237,7.026637085308824,1.0,False,False,False,False
334,2.8498289816811773,7.032393566936403,1.0,False,False,False,False
335,2.9522858570576402,7.028004843204762,1.0,False,False,False,False
336,3.100137722888588,7.034360464521824,1.0,False,False,False,False
337,3.1858021176949265,7.031019470395716,1.0,False,False,False,False
338,3.0287327523043643,7.030821306803828,1.0,False,False,False,False
339,2.9934420717444645,7.03280166019562,1.0,False,False,False,False
340,2.9905133690331263,7.042675177846826,1.0,False,False,False,False
341,3.2727487648863063,7.033691424029853,1.0,False,False,False,False
342,3.2610972467302894,7.039116642349027,1.0,False,False,False,False
343,3.092823825748776,7.0382307231659595,1.0,False,False,False,False
344,3.1641692281942024,7.041648463187016,1.0,False,False,False,False
345,3.122981533789853,7.043450257127841,1.0,False,False,False,False
346,3.4660784338754116,7.0480831929990195,1.0,False,False,False,False
347,4.005200312612495,7.049517154313285,1.0,False,False,False,False
348,3.5017531479768897,7.0541571846969955,0.9615384615384616,False,False,False,False
349,3.770314864830442,7.053883318088203,0.8837209302325582,False,False,False,False
350,4.2472928378346335,7.0546693379140475,1.0,False,False,False,False
351,4.150230271968073,7.0500665951023,0.9166666666666666,False,False,False,False
352,4.358710060708533,7.060062142092438,0.9047619047619048,False,False,False,False
353,5.4178815778302685,7.059821029248442,1.0,False,False,False,False
354,6.238985262604845,7.114219937664492,0.8958333333333334,False,False,False,False
355,3.8449725333451426,7.133486158265576,0.49056603773584906,False,False,False,False
356,4.146980750526117,7.113426467240793,0.5038167938931297,False,False,False,False
357,2.959631433905141,7.105114439796548,0.51,False,False,False,False
358,2.2001842933520606,7.0351417095396656,0.5958549222797928,False,False,False,False
359,2.2017040927953873,7.032663613250964,0.9304347826086956,False,False,False,False
360,2.238099066086806,7.0309960046104045,0.9555555555555556,False,False,False,False
361,2.197338809308141,7.033734813599667,0.9504950495049505,False,False,False,False
362,2.2736826287343006,7.03552127931706,0.9626168224299065,False,False,False,False
363,2.246216249176121,7.035602400973959,0.9574468085106383,False,False,False,False
364,2.2260280377974464,7.03354376932543,0.9807692307692307,False,False,False,False
365,2.2155283108202353,7.032878387017327,0.9814814814814815,False,False,False,False
366,2.235744351954958,7.037894948018452,0.9181818181818182,False,False,False,False
367,2.1989810109242134,7.033489476806312,0.9893617021276596,False,False,False,False
368,2.239781172663953,7.035225715171544,0.9831932773109243,False,False,False,False
369,2.2519510671908,7.0347469918454415,0.975609756097561,False,False,False,False
370,2.2460739411997404,7.036676021839059,0.96875,False,False,False,False
371,2.212124606468978,7.0336999927260795,0.9803921568627451,False,False,False,False
372,2.267488963579727,7.040766382860157,0.9411764705882353,False,False,False,False
373,2.1980946157943886,7.0353410955122815,1.0,False,False,False,False
374,2.24114639554566,7.038468208065865,0.9795918367346939,False,False,False,False
375,2.2083609491274734,7.038045594405158,0.96875,False,False,False,False
376,2.2285372196616815,7.038535247973989,0.9807692307692307,False,False,False,False
377,2.240410306557771,7.035226662918012,0.9736842105263158,False,False,False,False
378,2.2091642538730443,7.036588184498601,0.9454545454545454,False,False,False,False
379,2.2190665856837817,7.038569067857729,0.967391304347826,False,False,False,False
380,2.192502447155341,7.039614937053331,0.967741935483871,False,False,False,False
381,2.219454252520991,7.039133275265503,0.9719626168224299,False,False,False,False
382,2.21666808033148,7.034477936249016,0.9587628865979382,False,False,False,False
383,2.243600232763265,7.040249981662415,0.9649122807017544,False,False,False,False
384,2.2059546081956047,7.036305685488369,0.987012987012987,False,False,False,False
385,2.209663043816765,7.041196942584266,0.9320388349514563,False,False,False,False
386,2.204569447368987,7.037353167670554,0.9603174603174603,False,False,False,False
387,2.1649052757054337,7.037206600814779,0.9385964912280702,False,False,False,False
388,2.1971526831702755,7.037503588015955,0.9702970297029703,False,False,False,False
389,2.1748787150467463,7.034714455063407,0.9772727272727273,False,False,False,False
390,2.1934285442800316,7.033990630857726,0.9901960784313726,False,False,False,False
391,2.157286706659968,7.039019870974334,0.979381443298969,False,False,False,False
392,2.2011856501997435,7.0374119734998235,0.9180327868852459,False,False,False,False
393,2.1967332826180077,7.037069150821628,0.9814814814814815,False,False,False,False
394,2.16243564828693,7.036922153793483,0.979381443298969,False,False,False,False
395,2.170758879451037,7.038663538000783,1.0,False,False,False,False
396,2.1684592830032963,7.036888054105173,0.9767441860465116,False,False,False,False
397,2.178773256224078,7.0384773797260625,0.9304347826086956,False,False,False,False
398,2.1812150563926753,7.03443153378676,0.9901960784313726,False,False,False,False
399,2.2045496996089584,7.034302068012666,0.9652173913043478,False,False,False,False
400,9.596927873399116,7.0762334130362206,0.4835164835164835,True,False,False,True
401,24.004816361241062,7.08992908645104,0.14814814814814814,True,False,False,True
402,32.460794966408145,7.108725216143405,0.6666666666666666,True,False,False,True
403,31.59554275003932,7.122262109613365,0.92,True,False,False,True
404,6.5663111520295745,7.031599672540682,0.5833333333333334,True,False,False,True
405,4.508160667088036,7.226820801685048,0.0,True,False,False,True
406,12.323913925893185,7.01743943108847,0.17721518987341772,True,False,False,True
407,6.226633575639914,7.158458158328484,0.05405405405405406,True,False,False,True
408,13.628910197111647,7.012721321622457,0.21739130434782608,True,False,False,True
409,4.8367210033227686,7.222105075647857,0.29411764705882354,True,False,False,True
410,6.186162206894013,7.0815148661118394,0.3728813559322034,True,False,False,True
411,20.863673002099958,7.120206879913297,0.425531914893617,True,False,False,True
412,5.648124762732846,7.1762415526404535,0.4444444444444444,True,False,False,True
413,31.659249883985154,7.112884731251345,0.3157894736842105,True,False,False,True
414,7.0720142834133455,7.142634755016858,0.18181818181818182,True,False,False,True
415,25.413931807790085,7.098340587982425,0.2692307692307692,True,False,False,True
416,6.271707901585518,7.042924780470816,0.5833333333333334,True,False,False,True
417,15.278665563550364,6.920218334043376,0.6515151515151515,True,False,False,True
418,22.594007152751367,7.061641451824306,0.6666666666666666,True,False,False,True
419,17.910599465029588,6.988392179860446,0.2962962962962963,True,False,False,True
420,32.304141256187,7.097515157187287,0.21875,True,False,False,True
421,28.563457745317642,7.130623646745807,0.875,True,False,False,True
422,11.500929929815277,6.91523541636885,0.625,True,False,False,True
423,10.998211019308508,7.0470907338159625,0.12903225806451613,True,False,False,True
424,12.837959691763146,6.933281663150315,0.2894736842105263,True,False,False,True
425,17.903531009140043,6.985322614038747,0.037037037037037035,True,False,False,True
426,5.534358513793231,7.219618197951622,0.07407407407407407,True,False,False,True
427,3.7437586486567485,7.180010602890175,0.3333333333333333,True,False,False,True
428,10.31001056263781,7.014995432126628,0.13924050632911392,True,False,False,True
429,8.947065384831937,7.096261470626837,0.13793103448275862,True,False,False,True
430,8.124988008343495,7.113841735115987,0.7037037037037037,True,False,False,True
431,18.182798195891436,6.997150866584915,0.3225806451612903,True,False,False,True
432,26.179988140853894,7.114010170416177,0.4666666666666667,True,False,False,True
433,8.497079157115156,7.11605208826152,0.14814814814814814,True,False,False,True
434,12.76805896411913,7.000358076721149,0.14285714285714285,True,False,False,True
435,22.466676049300485,7.066943760092501,0.03225806451612903,True,False,False,True
436,16.110130841760203,6.981402562282155,0.5384615384615384,True,False,False,True
437,4.360439537857048,7.2275993066906725,0.06666666666666667,True,False,False,True
438,5.747890475533039,7.09149668962986,0.27380952380952384,True,False,False,True
439,20.07167783196155,7.016699042209172,0.18666666666666668,True,False,False,True
440,13.151864867723857,7.04112430389314,0.13333333333333333,True,False,False,True
441,22.410943783199766,7.054988472425757,0.1,True,False,False,True
442,11.412115265875705,7.057212973850567,0.07142857142857142,True,False,False,True
443,20.97150052699701,7.039666498044449,0.08,True,False,False,True
444,17.792929114715516,6.986837422819862,0.09090909090909091,True,False,False,True
445,5.3500783248542065,7.177264871629542,0.07142857142857142,True,False,False,True
446,27.265284434229866,7.1212781699333565,0.4,True,False,False,True
447,10.709884670574038,7.077999606958442,0.16666666666666666,True,False,False,True
448,29.937491881038376,7.1398955065206255,0.36,True,False,False,True
449,5.940325733715095,7.156641691818503,0.48,True,False,False,True
450,6.518894042176807,7.126245042563731,0.8275862068965517,True,False,False,True
451,26.70999542302209,7.113597464011118,0.2765957446808511,True,False,False,True
452,4.427874809196352,7.215949185214887,0.17391304347826086,True,False,False,True
453,30.598032213402746,7.130976869838098,0.5679012345679012,True,False,False,True
454,19.95235712040762,7.019368500538099,0.5833333333333334,True,False,False,True
455,28.349350027087162,7.132217593650406,0.5806451612903226,True,False,False,True
456,15.058091036314408,6.956298339564589,0.28,True,False,False,True
457,4.9708634042730235,7.1915620235915965,0.2903225806451613,True,False,False,True
458,24.680253148482134,7.0956861100017585,0.39344262295081966,True,False,False,True
459,30.315563169406683,7.138395970108366,0.92,True,False,False,True
460,18.13009746134229,6.990537343221128,0.21739130434782608,True,False,False,True
461,22.26669344062564,7.045459334597064,0.0967741935483871,True,False,False,True
462,26.42124961095648,7.107896492933168,0.88,True,False,False,True
463,12.659059885872923,7.027201722043317,0.2,True,False,False,True
464,19.400281677726337,6.998079539529151,0.2,True,False,False,True
465,8.455950775254404,7.103136419120282,0.2857142857142857,True,False,False,True
466,23.74675069361639,7.071837710033202,0.48148148148148145,True,False,False,True
467,3.9603556598016323,7.199048255326694,0.37037037037037035,True,False,False,True
468,20.20551133964421,7.01568378897869,0.3225806451612903,True,False,False,True
469,29.322588094088044,7.134363287790708,0.6896551724137931,True,False,False,True
470,11.604218079160184,7.036619127923665,0.13043478260869565,True,False,False,True
471,4.013535301202771,7.200414347970549,0.1282051282051282,True,False,False,True
472,17.668942309624494,6.982582747897162,0.09649122807017543,True,False,False,True
473,4.831393927708754,7.22667283106029,0.21875,True,False,False,True
474,16.541955499814915,6.942058176365451,0.22784810126582278,True,False,False,True
475,18.56585201220357,6.981412214533765,0.7931034482758621,True,False,False,True
476,9.733338068476405,7.068321526440112,0.034482758620689655,True,False,False,True
477,4.871307458897916,7.224232988226449,0.12903225806451613,True,False,False,True
478,4.33418409749302,7.199644391489598,0.42424242424242425,True,False,False,True
479,17.465290924437003,6.957058006329371,0.2222222222222222,True,False,False,True
480,5.811360061073528,7.1644924874239955,0.1,True,False,False,True
481,15.830368902789454,6.974585950210488,0.1111111111111111,True,False,False,True
482,14.77523422761627,6.9775820250453275,0.9629629629629629,True,False,False,True
483,6.945838864323855,7.01400290067354,0.3548387096774194,True,False,False,True
484,18.877093444023444,6.987465218099872,0.6363636363636364,True,False,False,True
485,9.29679969579298,6.993495529645651,0.4827586206896552,True,False,False,True
486,7.980171876817956,7.120907275801042,0.1111111111111111,True,False,False,True
487,4.117318033790385,7.194929695040301,0.53125,True,False,False,True
488,30.00009081268618,7.131009482336365,0.5203252032520326,True,False,False,True
489,10.106837869494587,6.9329230199571885,0.56,True,False,False,True
490,4.2347232093791884,7.196919843526201,0.0625,True,False,False,True
491,4.217451730012965,7.180179420008553,0.5227272727272727,True,False,False,True
492,29.660500520788425,7.123822555928241,0.4925373134328358,True,False,False,True
493,6.2464220886772095,7.05068870616377,0.5416666666666666,True,False,False,True
494,5.525000661831487,7.124151478997968,0.7884615384615384,True,False,False,True
495,3.967142948206048,7.189165868217733,0.2608695652173913,True,False,False,True
496,2.2006552948910816,7.032792333886093,0.6057142857142858,False,False,False,False
497,2.24196954942472,7.0292108235919395,0.975,False,False,False,False
498,2.2397494241626554,7.030387830888216,0.9797979797979798,False,False,False,False
499,2.2168819013949324,7.034952033271175,0.9787234042553191,False,False,False,False
500,2.2568783323448907,7.032514464779656,0.9693877551020408,False,False,False,False
501,2.207442721102004,7.033638831119376,0.9375,False,False,False,False
502,2.242203148102623,7.033256341987865,0.9666666666666667,False,False,False,False
503,2.239618805257408,7.028800890378378,0.963855421686747,False,False,False,False
504,2.2564707317605595,7.031025385370899,0.9310344827586207,False,False,False,False
505,2.221112740052931,7.026450751488193,0.9880952380952381,False,False,False,False
506,2.2232260798554404,7.033812264014763,0.9891304347826086,False,False,False,False
507,2.2291942292052807,7.028841054458248,0.9861111111111112,False,False,False,False
508,2.231295828122161,7.033188502308204,0.95,False,False,False,False
509,2.194987882818968,7.0341028084743105,0.9753086419753086,False,False,False,False
510,2.2125996287219185,7.033214515928108,0.9578947368421052,False,False,False,False
511,2.2121208285062774,7.035695132022733,0.967741935483871,False,False,False,False
512,2.2275438991042464,7.033525148829376,0.9662921348314607,False,False,False,False
513,2.231703464325042,7.030211491883622,0.967741935483871,False,False,False,False
514,2.217649686944318,7.0333746683201195,0.9711538461538461,False,False,False,False
515,2.248183336694346,7.032164918870022,0.9770114942528736,False,False,False,False
516,2.2319725831702604,7.034822559233286,1.0,False,False,False,False
517,2.217115361953062,7.0329410958402025,1.0,False,False,False,False
518,2.2352733689613906,7.033058897040304,0.9883720930232558,False,False,False,False
519,2.2164426370169155,7.032665046531515,0.9864864864864865,False,False,False,False
520,2.237647983383361,7.03518574495415,0.9876543209876543,False,False,False,False
521,2.2221179238270716,7.0368964113598285,0.9888888888888889,False,False,False,False
522,2.234501621341818,7.033826947076133,0.9719626168224299,False,False,False,False
523,2.254341472941432,7.029578658241882,0.9791666666666666,False,False,False,False
524,2.2306467697539483,7.034558242306178,0.9574468085106383,False,False,False,False
525,2.2315094867249314,7.032111330225243,0.9642857142857143,False,False,False,False
526,2.232681013884895,7.032103821346997,0.9428571428571428,False,False,False,False
527,2.2085231976175614,7.029957163492391,1.0,False,False,False,False
528,2.222596734067282,7.033700129807251,0.9887640449438202,False,False,False,False
529,2.2224503874267363,7.0267001335159875,0.9891304347826086,False,False,False,False
530,2.19944423358514,7.029988443679958,1.0,False,False,False,False
531,2.2491648067224226,7.0353606515602785,0.9883720930232558,False,False,False,False
532,2.2120059346735523,7.0364307221304205,0.9761904761904762,False,False,False,False
533,2.246726931125856,7.036187653765014,0.9886363636363636,False,False,False,False
534,2.2300847577941076,7.031406979320451,0.987012987012987,False,False,False,False
535,2.2105060699484786,7.032039004934111,1.0,False,False,False,False
536,2.2006354769277383,7.033995296536607,0.9855072463768116,False,False,False,False
537,2.233630950125424,7.034477427894659,0.9876543209876543,False,False,False,False
538,2.2539972279819387,7.03322595453984,0.9540229885057471,False,False,False,False
539,2.212445329214341,7.031135683122763,1.0,False,False,False,False
540,2.259910077983674,7.031536113853195,0.9791666666666666,False,False,False,False
541,2.2657278896141824,7.030647839050482,0.9743589743589743,False,False,False,False
542,2.2417996250903176,7.036529012701039,0.9882352941176471,False,False,False,False
543,2.2033466151663625,7.031594424828639,0.9523809523809523,False,False,False,False
544,2.236761473973442,7.03301796608531,0.967032967032967,False,False,False,False
545,2.231355191352489,7.034551914598224,0.9625,False,False,False,False
546,2.237216608372992,7.030899688199175,0.9753086419753086,False,False,False,False
547,2.236302233776436,7.032681879839014,0.9875,False,False,False,False
548,2.244522386425876,7.02773358184545,1.0,False,False,False,False
549,2.2016684939351996,7.023884119333548,1.0,False,False,False,False
550,2.225493788397711,7.031480633684289,1.0,False,False,False,False
551,2.236001501573648,7.0309325723327945,0.9595959595959596,False,False,False,False
552,2.2238395020845974,7.025966124057708,0.9864864864864865,False,False,False,False
553,2.2460738110682947,7.028274445546031,1.0,False,False,False,False
554,2.2117843573499405,7.022707359195071,0.9504950495049505,False,False,False,False
555,2.2378577685080785,7.0267033704971755,0.9876543209876543,False,False,False,False
556,2.2332628159585717,7.026056506740664,0.9873417721518988,False,False,False,False
557,2.249639649284952,7.028284135498527,0.9902912621359223,False,False,False,False
558,2.2774940636447005,7.0236403069445865,1.0,False,False,False,False
559,2.264465353129836,7.028275340366227,0.9871794871794872,False,False,False,False
560,2.2521014878634453,7.0263233427287375,0.9733333333333334,False,False,False,False
561,2.2095324461510746,7.028227449207916,0.987012987012987,False,False,False,False
562,2.238008126339203,7.032110811394091,0.9873417721518988,False,False,False,False
563,2.2322734103558464,7.026525147251364,0.9875,False,False,False,False
564,2.252821716102526,7.0310532665531404,1.0,False,False,False,False
565,2.2228658975844895,7.029870002020771,0.9875,False,False,False,False
566,2.2523706306423237,7.030970070589993,1.0,False,False,False,False
567,2.232609805544741,7.02785115490407,1.0,False,False,False,False
568,2.2505342105545285,7.030534552919521,0.9529411764705882,False,False,False,False
569,2.23489335594577,7.033432034755902,1.0,False,False,False,False
570,2.207612910617601,7.025687085261375,0.975609756097561,False,False,False,False
571,2.2389935698404133,7.029765617357249,0.9375,False,False,False,False
572,2.2511832495627915,7.025498844831102,0.9863013698630136,False,False,False,False
573,2.2375369169156683,7.0279822998769,1.0,False,False,False,False
574,2.2509377819353826,7.024477926393004,0.9680851063829787,False,False,False,False
575,2.2607885902304936,7.0335638387578605,0.9859154929577465,False,False,False,False
576,2.2578599697832806,7.0302803419240085,0.9885057471264368,False,False,False,False
577,2.2198897649375353,7.027928724222547,1.0,False,False,False,False
578,2.255148927091336,7.026329039488138,1.0,False,False,False,False
579,2.270108938742131,7.023395067997437,0.9583333333333334,False,False,False,False
580,2.244910385389608,7.02919465723351,0.9879518072289156,False,False,False,False
581,2.21460623346966,7.028503384663128,0.9883720930232558,False,False,False,False
582,2.2374263033079096,7.026922528807317,1.0,False,False,False,False
583,2.2284067490887387,7.028734951626057,1.0,False,False,False,False
584,2.2667092593965625,7.024038725740413,0.9883720930232558,False,False,False,False
585,2.2656724066284917,7.029730926998409,0.9795918367346939,False,False,False,False
586,2.2491806632107876,7.026916231091042,0.9876543209876543,False,False,False,False
587,2.2371810074765635,7.026454851214636,0.9876543209876543,False,False,False,False
588,2.2562767493987783,7.026126791893493,0.9863013698630136,False,False,False,False
589,2.2473838767628234,7.023126877191967,1.0,False,False,False,False
590,2.2545868766622092,7.024609598870933,0.9767441860465116,False,False,False,False
591,2.2803079906252752,7.026111182412689,1.0,False,False,False,False
592,2.2711537209448025,7.03111388344429,0.9873417721518988,False,False,False,False
593,2.2613070137168014,7.026090473537115,0.9873417721518988,False,False,False,False
594,2.2373986525530833,7.027119247859023,0.9722222222222222,False,False,False,False
595,2.26799147910777,7.023573617001137,0.975,False,False,False,False
596,2.2844358740081594,7.028157995014067,0.9787234042553191,False,False,False,False
597,2.2286797905950557,7.026675806893381,1.0,False,False,False,False
598,2.2612754586270443,7.026036928802659,0.9789473684210527,False,False,False,False
599,2.2229448462707984,7.029462671122539,1.0,False,False,False,False
600,2.300702067036365,7.030905134097814,1.0,False,False,False,False
601,2.250154302922196,7.026226516353834,0.9875,False,False,False,False
602,2.22977615091593,7.033831919241736,0.9565217391304348,False,False,False,False
603,2.2473086734593632,7.032582816919268,0.9761904761904762,False,False,False,False
604,2.265161922757987,7.028844313408776,1.0,False,False,False,False
605,2.246299492121794,7.029230859037165,0.963855421686747,False,False,False,False
606,2.2326493703283097,7.021253689557275,0.9615384615384616,False,False,False,False
607,2.26297310779822,7.0282715187480855,0.9878048780487805,False,False,False,False
608,2.268862308211136,7.027153439955745,0.9896907216494846,False,False,False,False
609,2.267908392952632,7.030040724113826,0.9882352941176471,False,False,False,False
610,2.264184315964106,7.028083496446584,0.9743589743589743,False,False,False,False
611,2.2998274427092436,7.028101767412755,0.9850746268656716,False,False,False,False
612,2.272258052678163,7.028257362905288,0.9801980198019802,False,False,False,False
613,2.264469251324719,7.030133952280515,0.9489795918367347,False,False,False,False
614,2.2546146015675244,7.024370373973847,0.9746835443037974,False,False,False,False
615,2.255968125980062,7.033031823999581,1.0,False,False,False,False
616,2.273433423743699,7.030374819145672,0.975609756097561,False,False,False,False
617,2.248151600535799,7.028709821358528,0.9595959595959596,False,False,False,False
618,2.219521740101145,7.029256631804746,0.9764705882352941,False,False,False,False
619,2.257020803345836,7.030652556664069,0.9852941176470589,False,False,False,False
620,2.257080274590902,7.0271936949025395,0.9655172413793104,False,False,False,False
621,2.245626675210221,7.025872203833302,0.9864864864864865,False,False,False,False
622,2.2700693558516836,7.030741279672933,0.9868421052631579,False,False,False,False
623,2.23874421971284,7.030814896329907,0.9882352941176471,False,False,False,False
624,2.2763344762640925,7.027252173973382,0.9795918367346939,False,False,False,False
625,2.26602860421132,7.0402258823843145,0.9701492537313433,False,False,False,False
626,2.2555922298515765,7.040943121795555,0.9888888888888889,False,False,False,False
627,2.260824309761439,7.043255424742076,1.0,False,False,False,False
628,2.2726537249487406,7.03602788839666,0.9726027397260274,False,False,False,False
629,2.241589829001227,7.027264190539663,1.0,False,False,False,False
630,2.2471622409207868,7.0285254127994214,0.9879518072289156,False,False,False,False
631,2.2501582748603197,7.044311909084654,0.9859154929577465,False,False,False,False
632,2.244550212360058,7.044904290837543,0.9759036144578314,False,False,False,False
633,2.283747308748268,7.041370067224992,0.9795918367346939,False,False,False,False
634,2.205740910058437,7.029463849860565,1.0,False,False,False,False
635,2.2626250356929813,7.032230765150698,1.0,False,False,False,False
636,2.2508626733014525,7.03408069127747,0.9605263157894737,False,False,False,False
637,2.237917140321944,7.040489412776039,0.9861111111111112,False,False,False,False
638,2.2401413344471908,7.042690251124641,0.9659090909090909,False,False,False,False
639,2.2239741390723147,7.0425595768765135,1.0,False,False,False,False
640,2.1974217879810967,7.034721943635425,0.9880952380952381,False,False,False,False
641,2.2118279316324423,7.034181845768767,0.9864864864864865,False,False,False,False
642,2.184915533727271,7.035049005220118,0.975609756097561,False,False,False,False
643,2.2522635936913766,7.035420004263903,1.0,False,False,False,False
644,2.2042448817518356,7.031459256087398,0.9871794871794872,False,False,False,False
645,2.2539655202054547,7.033575872803569,1.0,False,False,False,False
646,2.2095760460902087,7.030432689407405,1.0,False,False,False,False
647,2.253894334545889,7.032584692717434,1.0,False,False,False,False
648,2.2131893691896543,7.031246675654797,1.0,False,False,False,False
649,2.22600435638062,7.042384751104477,0.978021978021978,False,False,False,False
650,2.268589295932705,7.042840477651586,0.979381443298969,False,False,False,False
651,2.2614060713922424,7.041501899977524,1.0,False,False,False,False
652,2.225525505822844,7.032166820783413,0.98,False,False,False,False
653,2.215797423149484,7.035043563558162,0.975609756097561,False,False,False,False
654,2.2081037706881457,7.035688534144923,0.974025974025974,False,False,False,False
655,2.273908411787796,7.03355222082842,1.0,False,False,False,False
656,2.253743981225821,7.037870537579136,0.9736842105263158,False,False,False,False
657,2.1896845399350466,7.03737355417769,0.9540229885057471,False,False,False,False
658,2.2588058537638225,7.044592679286428,0.9876543209876543,False,False,False,False
659,2.2165138975474856,7.044519428247941,0.975609756097561,False,False,False,False
660,2.2442336095092,7.045086684782419,0.9702970297029703,False,False,False,False
661,2.259569704747934,7.046988815503193,0.9876543209876543,False,False,False,False
662,2.2531304824966676,7.042836078633204,0.987012987012987,False,False,False,False
663,2.2197354297174283,7.043654591658643,0.9746835443037974,False,False,False,False
664,2.1962781712436406,7.04097185501475,0.975609756097561,False,False,False,False
665,2.1923520876325706,7.04516144602856,0.9873417721518988,False,False,False,False
666,2.217594343989335,7.042461635301719,0.9787234042553191,False,False,False,False
667,2.2196641970050393,7.0416610134447595,0.975609756097561,False,False,False,False
668,2.218263194601605,7.043792514664496,1.0,False,False,False,False
669,2.22542264628237,7.043045761222733,0.9868421052631579,False,False,False,False
670,2.259284700280445,7.043560201520272,1.0,False,False,False,False
671,2.236579427537822,7.040798979293442,0.9659090909090909,False,False,False,False
672,2.2340544112392755,7.040809263344135,1.0,False,False,False,False
673,2.2361638798819135,7.039983756580482,0.9878048780487805,False,False,False,False
674,2.2113965628874293,7.040137479156459,0.96,False,False,False,False
675,2.2298078065019995,7.038264752223951,0.9879518072289156,False,False,False,False
676,2.2329462570905134,7.039778514043712,0.9662921348314607,False,False,False,False
677,2.230828836551974,7.035641448354511,0.9761904761904762,False,False,False,False
678,2.25633230788201,7.0450713018012046,1.0,False,False,False,False
679,2.2453298234087047,7.040110087465168,0.9885057471264368,False,False,False,False
680,2.2123108184108946,7.039105083780191,0.9855072463768116,False,False,False,False
681,2.2561265134914827,7.037586009119473,0.9873417721518988,False,False,False,False
682,2.221021699558402,7.0376805799259206,0.975609756097561,False,False,False,False
683,2.2144796333047454,7.038577770504444,0.9605263157894737,False,False,False,False
684,2.247407696644018,7.040554512531853,0.979381443298969,False,False,False,False
685,2.2534946051910003,7.039945922479738,0.9859154929577465,False,False,False,False
686,2.234430397212966,7.039221889894096,0.9891304347826086,False,False,False,False
687,2.2617384702707795,7.038432024900954,0.93,False,False,False,False
688,2.222949053629674,7.039020450272634,0.974025974025974,False,False,False,False
689,2.238601641010425,7.0357171092440645,0.9894736842105263,False,False,False,False
690,2.188501250743878,7.038995623048603,0.9873417721518988,False,False,False,False
691,2.2448311979932343,7.0338351384700655,0.9647058823529412,False,False,False,False
692,2.201700209856647,7.033549749359553,1.0,False,False,False,False
693,2.2134664489215607,7.036660042260314,0.975,False,False,False,False
694,2.240208622319122,7.036248794010568,1.0,False,False,False,False
695,2.210787107333496,7.037551421898635,1.0,False,False,False,False
696,2.2059191001830785,7.034309613690404,0.9883720930232558,False,False,False,False
697,2.233120374467454,7.034595146070193,0.9634146341463414,False,False,False,False
698,2.2056658344429327,7.0351515528428425,0.975609756097561,False,False,False,False
699,2.252457638894678,7.033870290782677,0.975,False,False,False,False
700,2.2314739741073693,7.040894552455873,0.9857142857142858,False,False,False,False
701,2.2202222538492378,7.035511703009114,0.9885057471264368,False,False,False,False
702,2.219759198473318,7.040857852771376,0.963855421686747,False,False,False,False
703,2.2172420924373815,7.037485767501504,1.0,False,False,False,False
704,2.2500118109323086,7.035904800591474,0.9620253164556962,False,False,False,False
705,2.259292665740842,7.036614810918911,0.9761904761904762,False,False,False,False
706,2.2381150002655854,7.037457332406902,0.9772727272727273,False,False,False,False
707,2.2333895319072665,7.038854373334225,0.9595959595959596,False,False,False,False
708,2.2650470804891425,7.037448604908773,0.9861111111111112,False,False,False,False
709,2.214780413625468,7.038158641132156,0.9875,False,False,False,False
710,2.239785135298023,7.036945545849852,0.9876543209876543,False,False,False,False
711,2.2693610547985923,7.036872120617916,1.0,False,False,False,False
712,2.216727574507749,7.035024580607904,0.9878048780487805,False,False,False,False
713,2.26477004148205,7.0325352302700725,0.9387755102040817,False,False,False,False
714,2.2226086390425848,7.0368394064277515,0.9540229885057471,False,False,False,False
715,2.241308860253184,7.035237689746744,1.0,False,False,False,False
716,2.2642635088113408,7.039576050240416,0.98989898989899,False,False,False,False
717,2.252481476694791,7.033259513211355,0.989010989010989,False,False,False,False
718,2.240172989907952,7.037825224102534,0.9719626168224299,False,False,False,False
719,2.2589206257040453,7.036034969447515,0.9772727272727273,False,False,False,False
720,2.2683359583915785,7.033477924645145,0.96875,False,False,False,False
721,2.2774545073193626,7.039318289561671,1.0,False,False,False,False
722,2.2344777372407236,7.037001293873736,0.9545454545454546,False,False,False,False
723,2.2524220597703613,7.035148083797736,0.989010989010989,False,False,False,False
724,2.2790376387358084,7.036265036976474,0.9866666666666667,False,False,False,False
725,2.2378062470286926,7.0324414491735165,1.0,False,False,False,False
726,2.2525763698977173,7.032139099412614,0.9782608695652174,False,False,False,False
727,2.289054535479406,7.037013027885264,0.9885057471264368,False,False,False,False
728,2.2719810587816345,7.041348410721442,0.9859154929577465,False,False,False,False
729,2.2324792502328576,7.0326697248451655,1.0,False,False,False,False
730,2.250284905286904,7.032504983278171,0.9777777777777777,False,False,False,False
731,2.2658426727380663,7.039364293811504,1.0,False,False,False,False
732,2.2726538663578264,7.035620148428837,0.9866666666666667,False,False,False,False
733,2.2900992848516117,7.032123807642975,1.0,False,False,False,False
734,2.258224091788424,7.0343871693805635,0.9761904761904762,False,False,False,False
735,2.337148528600783,7.034047999693129,1.0,False,False,False,False
736,2.26575163581479,7.032843771331549,0.9855072463768116,False,False,False,False
737,2.279108855283579,7.035561180506978,0.9555555555555556,False,False,False,False
738,2.2668597821318572,7.034665946781002,0.9894736842105263,False,False,False,False
739,2.2542347300862966,7.0334080071545415,0.9626168224299065,False,False,False,False
740,2.257290082020287,7.037299883789551,0.9873417721518988,False,False,False,False
741,2.2837828278191465,7.038383025248205,1.0,False,False,False,False
742,2.270754174256369,7.0355906445448895,0.9878048780487805,False,False,False,False
743,2.3251369172358527,7.033735223966546,1.0,False,False,False,False
744,2.288069082674141,7.033743817791535,0.9850746268656716,False,False,False,False
745,2.286244536328848,7.035265065561202,1.0,False,False,False,False
746,2.258346757795313,7.037384277995956,1.0,False,False,False,False
747,2.2810481196870334,7.034461539643976,0.967391304347826,False,False,False,False
748,2.3068642344918424,7.036099176589708,0.989010989010989,False,False,False,False
749,2.2743714681035194,7.0399466636801415,0.9875,False,False,False,False
750,2.3077032612118478,7.037985435441062,0.9876543209876543,False,False,False,False
751,2.2840321276985645,7.03574054460667,0.96,False,False,False,False
752,2.2950979636929003,7.035447884120396,0.9629629629629629,False,False,False,False
753,2.2688030248954245,7.032232439337868,0.9746835443037974,False,False,False,False
754,2.270540358205201,7.035454853809868,0.978021978021978,False,False,False,False
755,2.27215123040964,7.0328642533995716,1.0,False,False,False,False
756,2.2550934897174373,7.028592351011242,1.0,False,False,False,False
757,2.2616870838724696,7.035593527346849,0.9528301886792453,False,False,False,False
758,2.254032772333529,7.032532149031374,0.979381443298969,False,False,False,False
759,2.23934584626583,7.035494684853269,0.9555555555555556,False,False,False,False
760,2.2535499641226417,7.034417868699923,0.9565217391304348,False,False,False,False
761,2.293562367407398,7.030434588189802,0.9320388349514563,False,False,False,False
762,2.2631830244640865,7.027594962534031,0.9634146341463414,False,False,False,False
763,2.263923181375353,7.032052810905416,0.9534883720930233,False,False,False,False
764,2.2446926360575645,7.035272249341842,0.9523809523809523,False,False,False,False
765,2.251080451986689,7.03282084928316,0.9852941176470589,False,False,False,False
766,2.250953792551506,7.035371271855606,0.9880952380952381,False,False,False,False
767,2.2087924189640056,7.030950911010317,0.9759036144578314,False,False,False,False
768,2.232336709874421,7.031590639031082,1.0,False,False,False,False
769,2.2477995064635703,7.030302947515034,0.9896907216494846,False,False,False,False
770,2.2754400899859104,7.026636997278167,0.9736842105263158,False,False,False,False
771,2.2237010420862697,7.028459125296179,0.9876543209876543,False,False,False,False
772,2.246216374545895,7.026158233062965,0.9625,False,False,False,False
773,2.2863910178311824,7.029156463575873,0.9571428571428572,False,False,False,False
774,2.2604601863152634,7.032759049985895,1.0,False,False,False,False
775,2.2327007900896403,7.030113653722907,0.9651162790697675,False,False,False,False
776,2.2420449586391067,7.034147774634035,0.9560439560439561,False,False,False,False
777,2.210569345784008,7.02962795356682,0.9772727272727273,False,False,False,False
778,2.2349448320639786,7.0310028906063184,1.0,False,False,False,False
779,2.244261234607394,7.02973024932205,0.9868421052631579,False,False,False,False
780,2.2484445449010333,7.034785594877713,1.0,False,False,False,False
781,2.2426702626617496,7.031309651203148,0.9736842105263158,False,False,False,False
782,2.2294555125962394,7.032991645479547,0.9565217391304348,False,False,False,False
783,2.264912574823288,7.0295015611314,0.9863013698630136,False,False,False,False
784,2.2350477839557996,7.027157150224516,0.975609756097561,False,False,False,False
785,2.23804376655074,7.027900758130742,0.9871794871794872,False,False,False,False
786,2.2730060317298073,7.028676435936999,0.974025974025974,False,False,False,False
787,2.224326344918495,7.0267547511795705,0.9722222222222222,False,False,False,False
788,2.2519471794277353,7.030025969309099,0.971830985915493,False,False,False,False
789,2.2391835924501895,7.034764654437494,0.9583333333333334,False,False,False,False
790,2.2689375660231943,7.032008831728199,0.9620253164556962,False,False,False,False
791,2.2610023902423504,7.030678444300987,0.9540229885057471,False,False,False,False
792,2.2562253267867107,7.031556934792382,0.9871794871794872,False,False,False,False
793,2.2361242731204585,7.030271091298565,1.0,False,False,False,False
794,2.245959153596126,7.028490527375487,0.9859154929577465,False,False,False,False
795,2.230163817565179,7.029873626946587,1.0,False,False,False,False
796,2.2623598228430133,7.0323692701003395,0.967032967032967,False,False,False,False
797,2.22709671920072,7.033295423290458,0.9746835443037974,False,False,False,False
798,2.1850461577074562,7.029474141195721,0.987012987012987,False,False,False,False
799,2.229435579506979,7.027320331653517,0.9888888888888889,False,False,False,False
800,2.2089467505188782,7.029951394788306,1.0,False,False,False,False
801,2.197259652361397,7.031543203725143,0.9868421052631579,False,False,False,False
802,2.2030893568750716,7.0338210606369715,0.9885057471264368,False,False,False,False
803,2.2188449516586983,7.03010210259316,1.0,False,False,False,False
804,2.215591722175416,7.029324714590556,0.9871794871794872,False,False,False,False
805,2.1887584217587595,7.023851354854234,0.9746835443037974,False,False,False,False
806,2.1965749912798023,7.028794231554906,0.9659090909090909,False,False,False,False
807,2.2072924205988875,7.029956078477198,0.987012987012987,False,False,False,False
808,2.2117447803489276,7.025541007636227,0.9876543209876543,False,False,False,False
809,2.21719061703969,7.0268023792910554,0.987012987012987,False,False,False,False
810,2.2061288874693448,7.027769891242211,1.0,False,False,False,False
811,2.222565177223224,7.029396203443865,0.9743589743589743,False,False,False,False
812,2.2065562598100184,7.026332660505458,0.9764705882352941,False,False,False,False
813,2.194172577050186,7.030254169322104,0.9882352941176471,False,False,False,False
814,2.208269967777906,7.027334598827402,1.0,False,False,False,False
815,2.1929378031885984,7.027013733386894,1.0,False,False,False,False
816,2.2239503688127393,7.024457678501422,0.98,False,False,False,False
817,2.200208157967897,7.026587891606541,0.9883720930232558,False,False,False,False
818,2.220230172256812,7.026898131647352,0.9418604651162791,False,False,False,False
819,2.227737857970942,7.027736271026804,0.9555555555555556,False,False,False,False
820,2.2014745983172728,7.028264117211609,0.9759036144578314,False,False,False,False
821,2.1993730000582548,7.026288272415094,1.0,False,False,False,False
822,2.1826161777752215,7.030344586835319,0.9900990099009901,False,False,False,False
823,2.2282761627006895,7.030811781100001,0.989247311827957,False,False,False,False
824,2.2166721239766027,7.034095249382311,0.9605263157894737,False,False,False,False
825,2.179097768084475,7.0266306922866395,1.0,False,False,False,False
826,2.200136843555266,7.0230133756327024,0.9746835443037974,False,False,False,False
827,2.195253113055299,7.028012829859472,0.9876543209876543,False,False,False,False
828,2.1927003020866973,7.024396820094282,1.0,False,False,False,False
829,2.164897427344541,7.0282312679334575,0.989010989010989,False,False,False,False
830,2.206358247994147,7.022314472548829,0.9850746268656716,False,False,False,False
831,2.2266099563127653,7.02414630377001,0.9770114942528736,False,False,False,False
832,2.192075001071426,7.022336172804217,1.0,False,False,False,False
833,2.1838271860762504,7.016266316770456,0.9767441860465116,False,False,False,False
834,2.2033980467065626,7.026704835728019,0.9615384615384616,False,False,False,False
835,2.2122553395603384,7.024326947783413,0.9873417721518988,False,False,False,False
836,2.203869017294724,7.020439415736519,0.9558823529411765,False,False,False,False
837,2.1968044551829795,7.020175978373561,1.0,False,False,False,False
838,2.204660587639311,7.024845756609938,1.0,False,False,False,False
839,2.2621263570219847,7.025469835089527,0.9879518072289156,False,False,False,False
840,2.225668026633369,7.023821084998209,1.0,False,False,False,False
841,2.2559642164448857,7.018938395304567,0.9866666666666667,False,False,False,False
842,2.2440713576671465,7.022032137480845,1.0,False,False,False,False
843,2.2162684088684808,7.026573197646274,0.975,False,False,False,False
844,2.212207870842169,7.026682379055302,1.0,False,False,False,False
845,2.233797130110762,7.020707135702914,0.9791666666666666,False,False,False,False
846,2.232870978665434,7.0265942208206145,1.0,False,False,False,False
847,2.243687468322736,7.026309040408656,1.0,False,False,False,False
848,2.211345129937525,7.023302898736049,0.961038961038961,False,False,False,False
849,2.2064811020556965,7.0277615641574265,1.0,False,False,False,False
850,2.2287153445013135,7.0278974281451765,0.9736842105263158,False,False,False,False
851,2.21065647946879,7.03075170517956,0.9878048780487805,False,False,False,False
852,2.1947861223622622,7.028143536951209,0.972972972972973,False,False,False,False
853,2.1935592125249572,7.0276034051439,0.9726027397260274,False,False,False,False
854,2.2510685429389055,7.029571722352227,0.9634146341463414,False,False,False,False
855,2.2028360257246087,7.027014076172035,0.974025974025974,False,False,False,False
856,2.2258461088999058,7.025888885830817,1.0,False,False,False,False
857,2.2387205424311487,7.026909665389091,0.9634146341463414,False,False,False,False
858,2.2332984564520504,7.029820039108295,0.9880952380952381,False,False,False,False
859,2.2105496431345424,7.028212797058377,0.9619047619047619,False,False,False,False
860,2.2402282849329613,7.029516055777179,0.99,False,False,False,False
861,2.2260361176005916,7.0277282260262135,0.972972972972973,False,False,False,False
862,2.2462599495802387,7.02659926404767,1.0,False,False,False,False
863,2.1898705877872886,7.026162217404167,0.9777777777777777,False,False,False,False
864,2.1914140180233654,7.030603850713537,0.9746835443037974,False,False,False,False
865,2.1955736555150427,7.024343805581358,1.0,False,False,False,False
866,2.2086616927332092,7.042734775195061,0.9833333333333333,False,False,False,False
867,2.2157302239323404,7.0449924976274545,1.0,False,False,False,False
868,2.215306800347972,7.037583660718827,0.9746835443037974,False,False,False,False
869,2.216327749136279,7.039971809718555,0.9733333333333334,False,False,False,False
870,2.2125363684871258,7.0388214080854405,0.978021978021978,False,False,False,False
871,2.2204121287219185,7.041242917135958,0.9629629629629629,False,False,False,False
872,2.2155442297742,7.046220747218046,0.9647058823529412,False,False,False,False
873,2.2084203345058353,7.043184696428913,0.9879518072289156,False,False,False,False
874,2.221710299465714,7.044516798914229,1.0,False,False,False,False
875,2.216684075472174,7.043784342983569,1.0,False,False,False,False
876,2.2062990331274497,7.046377557646609,1.0,False,False,False,False
877,2.2291072966384267,7.045468673938512,0.9736842105263158,False,False,False,False
878,2.240901239181139,7.040369209469601,0.9882352941176471,False,False,False,False
879,2.2184333824255558,7.047006258647587,0.9753086419753086,False,False,False,False
880,2.2106485687049506,7.041905315162511,0.9438202247191011,False,False,False,False
881,2.2651461137610207,7.044012110331561,1.0,False,False,False,False
882,2.23171537284027,7.045006002541388,0.9772727272727273,False,False,False,False
883,2.2230044986473074,7.046372133056944,0.9876543209876543,False,False,False,False
884,2.2131498351689833,7.046679371848718,0.9711538461538461,False,False,False,False
885,2.2149663860114965,7.052524087036453,1.0,False,False,False,False
886,2.2361045148033054,7.048922837959832,0.9714285714285714,False,False,False,False
887,2.23946451655757,7.04479637968965,0.9662921348314607,False,False,False,False
888,2.2250782647067884,7.045483107065985,0.974025974025974,False,False,False,False
889,2.2199927072433616,7.039253848927649,0.9846153846153847,False,False,False,False
890,2.2361243024423256,7.044472807229214,0.9876543209876543,False,False,False,False
891,2.2008137021383742,7.043896174468511,0.9642857142857143,False,False,False,False
892,2.2341691814878524,7.0423277844234216,0.9866666666666667,False,False,False,False
893,2.2198621092017503,7.0460709649322055,0.9772727272727273,False,False,False,False
894,2.2389263428364172,7.040091870777113,0.9767441860465116,False,False,False,False
895,2.2066156688714265,7.049521140601303,0.9651162790697675,False,False,False,False
896,2.2062951176401846,7.044435596126759,0.958904109589041,False,False,False,False
897,2.203682961140886,7.041596825574174,0.9803921568627451,False,False,False,False
898,2.1867163422362057,7.048693340000437,0.9876543209876543,False,False,False,False
899,2.220732776032395,7.045036879163575,0.9770114942528736,False,False,False,False
900,2.1839617958096693,7.040414449999271,0.989010989010989,False,False,False,False
901,2.188540853683465,7.044566105432967,0.975,False,False,False,False
902,2.213628728487815,7.040740637240914,0.9489795918367347,False,False,False,False
903,2.1900249876032163,7.039727265706019,0.975,False,False,False,False
904,2.217523107893653,7.041980538262175,0.9836065573770492,False,False,False,False
905,2.228062436620034,7.046455418898884,0.9518072289156626,False,False,False,False
906,2.20695209335086,7.044286460891076,1.0,False,False,False,False
907,2.172840677822265,7.042737649269005,0.9888888888888889,False,False,False,False
908,2.19538763413393,7.038114951891785,0.987012987012987,False,False,False,False
909,2.1995036667994956,7.042728084973301,1.0,False,False,False,False
910,2.2087093135742237,7.042978450980539,1.0,False,False,False,False
911,2.1757218794235413,7.045554556548862,0.9879518072289156,False,False,False,False
912,2.1350998175246634,7.0397061773258285,0.987012987012987,False,False,False,False
913,2.1704620896452185,7.042692272617943,0.9746835443037974,False,False,False,False
914,2.17395277938028,7.0416207767939785,1.0,False,False,False,False
915,2.172852507926563,7.034399837798336,0.9743589743589743,False,False,False,False
916,2.1720253622795265,7.038982686689945,1.0,False,False,False,False
917,2.1710953318113058,7.041004725149465,0.9746835443037974,False,False,False,False
918,2.153994106932421,7.037846415149197,0.971830985915493,False,False,False,False
919,2.1902941031277967,7.039255533745999,1.0,False,False,False,False
920,2.1736242610909757,7.038871549389485,1.0,False,False,False,False
921,2.1583000886524824,7.0330577881777465,0.9545454545454546,False,False,False,False
922,2.1585572951606053,7.035163861546459,0.9230769230769231,False,False,False,False
923,2.136837480235534,7.032033244431448,1.0,False,False,False,False
924,2.1676520963840953,7.036031889698278,1.0,False,False,False,False
925,2.1582723557901646,7.036931159160941,1.0,False,False,False,False
926,2.173038536199567,7.0370810854878485,0.9850746268656716,False,False,False,False
927,2.171293204912195,7.032717299183458,1.0,False,False,False,False
928,2.1629860053218275,7.037478032095814,0.9855072463768116,False,False,False,False
929,2.199515535153792,7.03608832019576,0.975609756097561,False,False,False,False
930,2.1577261875373623,7.030145841302906,0.9634146341463414,False,False,False,False
931,2.192791347280244,7.033538865765492,0.9875,False,False,False,False
932,2.1728207771562214,7.0310212186568855,1.0,False,False,False,False
933,2.203409810053492,7.035605440607123,0.9878048780487805,False,False,False,False
934,2.1708736137677973,7.028104647112916,0.9764705882352941,False,False,False,False
935,2.1976672908198056,7.030384029017333,0.9777777777777777,False,False,False,False
936,2.1855804747103833,7.029415043820116,0.9866666666666667,False,False,False,False
937,2.184895817294022,7.030078712614108,0.989010989010989,False,False,False,False
938,2.1887625055648146,7.029210108630718,0.9761904761904762,False,False,False,False
939,2.154417583584356,7.027642114931954,0.9838709677419355,False,False,False,False
940,2.173794298452401,7.032990195940961,1.0,False,False,False,False
941,2.228671806777165,7.030491722551904,0.9866666666666667,False,False,False,False
942,2.1934167616358056,7.029967484925904,0.9620253164556962,False,False,False,False
943,2.2034494922498324,7.031290467084568,1.0,False,False,False,False
944,2.1694805624770948,7.029825362620848,0.984375,False,False,False,False
945,2.1896924500096966,7.029185527161011,0.9361702127659575,False,False,False,False
946,2.197940262436076,7.028711939134416,0.9736842105263158,False,False,False,False
947,2.1945604465090085,7.030918545694476,1.0,False,False,False,False
948,2.2029310488710188,7.033110967783392,0.9866666666666667,False,False,False,False
949,2.186577826914785,7.031785967139694,0.9761904761904762,False,False,False,False
950,2.1914655994622083,7.029015257333848,0.9875,False,False,False,False
951,2.1797269912282893,7.032069342965682,0.9863013698630136,False,False,False,False
952,2.169630960218537,7.030486748702065,1.0,False,False,False,False
953,2.2129638283548236,7.027223269382803,1.0,False,False,False,False
954,2.2078781395382077,7.0314108208104145,0.9885057471264368,False,False,False,False
955,2.20718552355334,7.030639503291522,0.9883720930232558,False,False,False,False
956,2.166013579972126,7.0310986205830055,0.9848484848484849,False,False,False,False
957,2.1920354992546853,7.034683532319843,0.9506172839506173,False,False,False,False
958,2.184060670505386,7.028165047354853,0.9863013698630136,False,False,False,False
959,2.1572393648152577,7.028564330897025,0.9540229885057471,False,False,False,False
960,2.179754772615789,7.030252821696718,0.9620253164556962,False,False,False,False
961,2.216969018915096,7.029487249500717,0.9787234042553191,False,False,False,False
962,2.2059864126465327,7.027784096488208,1.0,False,False,False,False
963,2.1926726437194635,7.0318064463909185,0.946236559139785,False,False,False,False
964,2.1735450491970587,7.029747712184108,0.9876543209876543,False,False,False,False
965,2.2005762230278725,7.032432782770865,1.0,False,False,False,False
966,2.195431210703286,7.03256354045145,0.9852941176470589,False,False,False,False
967,2.1966739437599148,7.030765153260112,0.963855421686747,False,False,False,False
968,2.1890791154328704,7.029648405850212,0.9857142857142858,False,False,False,False
969,2.2124572004507015,7.03168416737175,0.9651162790697675,False,False,False,False
970,2.196044636910944,7.038286218618683,0.974025974025974,False,False,False,False
971,2.233943544511133,7.03655890566613,0.9733333333333334,False,False,False,False
972,2.2004733077883842,7.036814701867046,0.95,False,False,False,False
973,2.190278241313879,7.03370505104129,1.0,False,False,False,False
974,2.1848878176874336,7.037723186887259,0.9743589743589743,False,False,False,False
975,2.1643632575774796,7.03785301741604,1.0,False,False,False,False
976,2.185580457167387,7.036576672979681,0.9866666666666667,False,False,False,False
977,2.206330724801969,7.045454440974111,0.9857142857142858,False,False,False,False
978,2.1832692173229575,7.041454115804854,0.984375,False,False,False,False
979,2.1912399683122703,7.040670806832569,0.9863013698630136,False,False,False,False
980,2.1911211770365058,7.040365367471862,0.987012987012987,False,False,False,False
981,2.1897519309660645,7.040316545436036,0.9861111111111112,False,False,False,False
982,2.186197823798427,7.040559282397382,1.0,False,False,False,False
983,2.176002877681411,7.043583597249132,0.963855421686747,False,False,False,False
984,2.160096848410029,7.039177628230736,0.9782608695652174,False,False,False,False
985,2.216042922542247,7.038530861785669,0.9866666666666667,False,False,False,False
986,2.2034811569206676,7.034059356137766,0.9864864864864865,False,False,False,False
987,2.2041697996830147,7.038611836441145,1.0,False,False,False,False
988,2.2021949392074562,7.036427494957795,0.9634146341463414,False,False,False,False
989,2.1783893602697173,7.033732294929555,1.0,False,False,False,False
990,2.1987477695908924,7.037549455286333,1.0,False,False,False,False
991,2.1632115813053057,7.036959255122073,1.0,False,False,False,False
992,2.1948414929474658,7.036539337110428,0.9411764705882353,False,False,False,False
993,2.159226157332457,7.034852779116079,1.0,False,False,False,False
994,2.1377911423736538,7.033995966959024,1.0,False,False,False,False
995,2.178171698965925,7.035209457784134,1.0,False,False,False,False
996,2.183890531833153,7.035670256315569,1.0,False,False,False,False
997,2.1774275742829987,7.037412713939245,1.0,False,False,False,False
998,2.1403161780948046,7.036194631711078,0.9873417721518988,False,False,False,False
999,2.198367836897136,7.03877783028425,0.9782608695652174,False,False,False,False
1000,2.1846860620550523,7.034936560830575,1.0,False,False,False,False
1001,2.1688948110832302,7.034911473316774,1.0,False,False,False,False
1002,2.1890197427418547,7.033943055594861,0.9864864864864865,False,False,False,False
1003,2.164426602143965,7.034202031822879,1.0,False,False,False,False
1004,2.1656336629417603,7.0356550107741,0.9857142857142858,False,False,False,False
1005,2.1889010207609276,7.031181772986237,0.9868421052631579,False,False,False,False
1006,2.1530679930792296,7.03262957994956,0.9861111111111112,False,False,False,False
1007,2.1572274816120673,7.03014510740767,0.9506172839506173,False,False,False,False
1008,2.157338320146107,7.03508465784049,0.9855072463768116,False,False,False,False
1009,2.165839432772091,7.033524012937096,0.9859154929577465,False,False,False,False
1010,2.1785120121795547,7.034065789758969,0.9782608695652174,False,False,False,False
1011,2.154271044628707,7.032455171674542,0.9876543209876543,False,False,False,False
1012,2.168404026698187,7.034253569621685,0.974025974025974,False,False,False,False
1013,2.159154899182722,7.032333278237427,0.9714285714285714,False,False,False,False
1014,2.1500876609364212,7.036129859250597,0.9743589743589743,False,False,False,False
1015,2.163967472843762,7.035383523272435,0.9857142857142858,False,False,False,False
1016,2.1602393390841925,7.034992778628238,0.971830985915493,False,False,False,False
1017,2.197077630235359,7.031636459842822,1.0,False,False,False,False
1018,2.1481762105942988,7.0303994525402125,0.9863013698630136,False,False,False,False
1019,2.1583197936827827,7.029053380684855,1.0,False,False,False,False
1020,2.140320173621993,7.0343845969253955,0.975,False,False,False,False
1021,2.1455483428375883,7.034940018549387,0.9195402298850575,False,False,False,False
1022,2.1425840269497236,7.036936863889629,0.9666666666666667,False,False,False,False
1023,2.1657524375516775,7.034718176733595,0.9770114942528736,False,False,False,False
1024,2.1601007800305863,7.035227182324417,0.958904109589041,False,False,False,False
1025,2.1786149049890686,7.032101271507128,1.0,False,False,False,False
1026,2.183063367296069,7.032266408248386,1.0,False,False,False,False
1027,2.183043440158897,7.037235666358464,0.9662921348314607,False,False,False,False
1028,2.176517311905887,7.036740717894755,0.9701492537313433,False,False,False,False
1029,2.193329683963307,7.03017287877411,1.0,False,False,False,False
1030,2.1839022908256607,7.037819592878284,0.9743589743589743,False,False,False,False
1031,2.1733431826678755,7.03201555398776,0.9861111111111112,False,False,False,False
1032,2.1985695943151446,7.036235908893721,0.9761904761904762,False,False,False,False
1033,2.218931915802946,7.04144290652674,0.9876543209876543,False,False,False,False
1034,2.1420180712771884,7.036572861211138,0.9866666666666667,False,False,False,False
1035,2.173778342344875,7.036065426516271,0.9759036144578314,False,False,False,False
1036,2.182873345814058,7.038258963201896,0.9871794871794872,False,False,False,False
1037,2.164387020819856,7.03560726399667,1.0,False,False,False,False
1038,2.1586839538439455,7.041210895306786,0.9852941176470589,False,False,False,False
1039,2.158790766714434,7.031735760880192,0.9883720930232558,False,False,False,False
1040,2.193863812347691,7.041875013541375,1.0,False,False,False,False
1041,2.169322259610634,7.037398853460943,1.0,False,False,False,False
1042,2.182271780410943,7.035816374087071,0.941747572815534,False,False,False,False
1043,2.18217686440212,7.038646877322083,0.9555555555555556,False,False,False,False
1044,2.176275902302593,7.042205493910503,1.0,False,False,False,False
1045,2.1807520235720372,7.037430748527427,1.0,False,False,False,False
1046,2.1412699324276394,7.039973456574457,0.9759036144578314,False,False,False,False
1047,2.1771387305462997,7.035995663178243,0.975,False,False,False,False
1048,2.160642961339738,7.037762912097797,0.974025974025974,False,False,False,False
1049,2.1764540116354687,7.041066851203198,1.0,False,False,False,False
1050,2.1701889595467674,7.040158019995611,0.975609756097561,False,False,False,False
1051,2.1627761812892485,7.036416538342214,1.0,False,False,False,False
1052,2.149181426321755,7.036462788732626,0.974025974025974,False,False,False,False
1053,2.165146699061184,7.041468841262391,1.0,False,False,False,False
1054,2.1689145839360107,7.038936192114157,0.975609756097561,False,False,False,False
1055,2.172611101894522,7.033648341217129,1.0,False,False,False,False
1056,2.2148912354936607,7.036841346293394,0.975,False,False,False,False
1057,2.1663183208280237,7.038082280566765,1.0,False,False,False,False
1058,2.1662588700393446,7.041091344135803,1.0,False,False,False,False
1059,2.153657598528543,7.036566155182389,1.0,False,False,False,False
1060,2.1629345485635696,7.041564441962216,1.0,False,False,False,False
1061,2.14640709194293,7.036834583853253,0.9873417721518988,False,False,False,False
1062,2.1575242350788213,7.041417711261879,0.9864864864864865,False,False,False,False
1063,2.1665399044169917,7.036945643243715,0.9878048780487805,False,False,False,False
1064,2.1694805624770948,7.038667832355722,0.9871794871794872,False,False,False,False
1065,2.197888833057424,7.039937088826109,0.9761904761904762,False,False,False,False
1066,2.141930995358989,7.038325771213469,0.9879518072289156,False,False,False,False
1067,2.168985822537834,7.036388752620274,0.9878048780487805,False,False,False,False
1068,2.1740516927019176,7.038216118012105,0.9647058823529412,False,False,False,False
1069,2.1442026841409794,7.03760270219626,0.9846153846153847,False,False,False,False
1070,2.1586245777069837,7.039153170367406,1.0,False,False,False,False
1071,2.146292393401353,7.039433084885845,0.9722222222222222,False,False,False,False
1072,2.1714871293507594,7.0348131489537185,1.0,False,False,False,False
1073,2.16647658121537,7.04088929888311,0.9861111111111112,False,False,False,False
1074,2.1677391372163,7.041533543392441,0.9855072463768116,False,False,False,False
1075,2.1392713941378334,7.038465784767242,0.9620253164556962,False,False,False,False
1076,2.158846075272613,7.035606822776418,0.9836065573770492,False,False,False,False
1077,2.1575717505365475,7.037180125314512,0.975,False,False,False,False
1078,2.194465495790114,7.0351401229722414,0.9873417721518988,False,False,False,False
1079,2.1626970145058966,7.035994001009838,0.9871794871794872,False,False,False,False
1080,2.155513818660764,7.039851563894601,1.0,False,False,False,False
1081,2.14417107166056,7.032023477934665,0.9743589743589743,False,False,False,False
1082,2.152941252194418,7.037132873060372,1.0,False,False,False,False
1083,2.1717482894395124,7.034426291765492,0.9764705882352941,False,False,False,False
1084,2.1746651439709996,7.032477197849295,1.0,False,False,False,False
1085,2.1770120420398653,7.033454077851857,0.925,False,False,False,False
1086,2.181729645622059,7.034800959560849,0.9666666666666667,False,False,False,False
1087,2.156815937941577,7.0359778879632735,1.0,False,False,False,False
1088,2.165981952830774,7.037883379696371,0.9487179487179487,False,False,False,False
1089,2.1177692627272404,7.0302652498932945,0.9767441860465116,False,False,False,False
1090,2.135495743918082,7.033434602657513,0.9859154929577465,False,False,False,False
1091,2.1443531284340165,7.030112681838066,1.0,False,False,False,False
1092,2.143114355755929,7.030573350836979,0.95,False,False,False,False
1093,2.1449230622473765,7.031414189860373,1.0,False,False,False,False
1094,2.123127953327816,7.034217372814895,0.9603960396039604,False,False,False,False
1095,2.1581218680782097,7.033694584899024,0.9864864864864865,False,False,False,False
1096,2.1321356451761058,7.031294191849538,0.9605263157894737,False,False,False,False
1097,2.156182675099815,7.030756954094095,0.9696969696969697,False,False,False,False
1098,2.139801765235193,7.029727933165805,0.9852941176470589,False,False,False,False
1099,2.1587907221677534,7.035267689146712,1.0,False,False,False,False
1100,2.1287399948773795,7.026396085880256,0.9761904761904762,False,False,False,False
1101,2.130770287589245,7.030041425595677,1.0,False,False,False,False
1102,2.145021902045061,7.027184734421457,1.0,False,False,False,False
1103,2.1666270693658998,7.034338006006097,0.9883720930232558,False,False,False,False
1104,2.1709606299145006,7.033278805115257,0.9875,False,False,False,False
1105,2.1743999850344204,7.035741976949209,0.974025974025974,False,False,False,False
1106,2.188160852446714,7.03526474750632,0.967391304347826,False,False,False,False
1107,2.1724527910710587,7.035939839114259,0.9871794871794872,False,False,False,False
1108,2.1425444499487103,7.03705612993063,0.9680851063829787,False,False,False,False
1109,2.1519242292625402,7.035722182969882,0.9886363636363636,False,False,False,False
1110,2.1472738870498214,7.032242968633288,0.9418604651162791,False,False,False,False
1111,2.1517382096044004,7.038852365950107,0.9746835443037974,False,False,False,False
1112,2.160112715236232,7.039159936379436,1.0,False,False,False,False
1113,2.147103607689019,7.0362622061153335,0.9868421052631579,False,False,False,False
1114,2.1504717352341416,7.035679088298608,0.978021978021978,False,False,False,False
1115,2.1676283877756237,7.037379378597908,0.972972972972973,False,False,False,False
1116,2.1221860049150054,7.034855170316513,0.9767441860465116,False,False,False,False
1117,2.162716776644917,7.0371175288749495,0.984375,False,False,False,False
1118,2.1471551449571016,7.039120719180479,0.974025974025974,False,False,False,False
1119,2.121129367734573,7.039125191980489,0.9873417721518988,False,False,False,False
1120,2.1372134622620504,7.036773201546145,1.0,False,False,False,False
1121,2.1394850965980967,7.034883355349242,0.96,False,False,False,False
1122,2.133417990507702,7.0376326910074045,0.9634146341463414,False,False,False,False
1123,2.139227905534076,7.035731074830847,1.0,False,False,False,False
1124,2.1223166369775006,7.039592641200583,0.9714285714285714,False,False,False,False
1125,2.1011864777498968,7.033100306068357,1.0,False,False,False,False
1126,2.09985671206868,7.03460190306272,1.0,False,False,False,False
1127,2.1325987538702056,7.033758377772266,0.972972972972973,False,False,False,False
1128,2.149126117199694,7.034562757392569,0.984375,False,False,False,False
1129,2.10827075767327,7.032054330809691,0.9736842105263158,False,False,False,False
1130,2.1467910861694,7.032359821494772,0.971830985915493,False,False,False,False
1131,2.10954515728034,7.035420611740667,0.9838709677419355,False,False,False,False
1132,2.1228826112581425,7.031365560876063,0.9759036144578314,False,False,False,False
1133,2.1378189893594315,7.033953249574913,1.0,False,False,False,False
1134,2.141523376479818,7.0278591538919795,0.9594594594594594,False,False,False,False
1135,2.122059420538788,7.03140674471889,0.9866666666666667,False,False,False,False
1136,2.122146485054039,7.036926784752495,0.9864864864864865,False,False,False,False
1137,2.1757297231480717,7.029783213686592,1.0,False,False,False,False
1138,2.1690610752123005,7.034651436770947,0.961038961038961,False,False,False,False
1139,2.1660452885631067,7.038298005642417,1.0,False,False,False,False
1140,2.1138274080872623,7.034948440684328,1.0,False,False,False,False
1141,2.1674977786130047,7.033693326207675,1.0,False,False,False,False
1142,2.1557592310903857,7.031423146218605,0.9764705882352941,False,False,False,False
1143,2.1303664909061872,7.033708990081456,0.9560439560439561,False,False,False,False
1144,2.1368889248390004,7.0344481160660735,1.0,False,False,False,False
1145,2.1119395593413306,7.035858450302809,0.971830985915493,False,False,False,False
1146,2.1354086910563925,7.035085199659836,0.9473684210526315,False,False,False,False
1147,2.1497356166111192,7.032378968810898,0.9866666666666667,False,False,False,False
1148,2.125284936300416,7.032053327932051,0.9863013698630136,False,False,False,False
1149,2.11009131475673,7.0342660255430465,1.0,False,False,False,False
1150,2.1797468540829086,7.037622525279006,0.9512195121951219,False,False,False,False
1151,2.143660544559099,7.034589023187943,0.9743589743589743,False,False,False,False
1152,2.131082956094116,7.031979019932901,1.0,False,False,False,False
1153,2.143506169585308,7.034036955484416,0.9743589743589743,False,False,False,False
1154,2.1705609944459714,7.036142910853814,0.9863013698630136,False,False,False,False
1155,2.1303783958814906,7.040274526595207,0.9594594594594594,False,False,False,False
1156,2.1394059601390665,7.030104397211954,0.9571428571428572,False,False,False,False
1157,2.1593488002201817,7.035286561220262,0.9558823529411765,False,False,False,False
1158,2.13948118706292,7.038030703921807,0.9848484848484849,False,False,False,False
1159,2.143973154075643,7.03247927722683,1.0,False,False,False,False
1160,2.135756983200934,7.039089624503473,0.9857142857142858,False,False,False,False
1161,2.1213232851872648,7.03641983116164,0.96,False,False,False,False
1162,2.1618025910741525,7.033482488094151,0.9855072463768116,False,False,False,False
1163,2.121172895716093,7.033854767594589,0.9558823529411765,False,False,False,False
1164,2.1095412158231746,7.033339366100053,1.0,False,False,False,False
1165,2.1543661257296605,7.03480077813414,0.9857142857142858,False,False,False,False
1166,2.099199712299036,7.033322774347064,0.9886363636363636,False,False,False,False
1167,2.127168810633409,7.032761535124971,0.9883720930232558,False,False,False,False
1168,2.154809394907592,7.038776509171207,1.0,False,False,False,False
1169,2.1408584892534597,7.03813872063497,1.0,False,False,False,False
1170,2.1288982511295913,7.036536334053539,0.9772727272727273,False,False,False,False
1171,2.11001612711666,7.033461471174302,0.9850746268656716,False,False,False,False
1172,2.133572292646729,7.034201660993659,0.9642857142857143,False,False,False,False
1173,2.1054291440373785,7.035495882900252,1.0,False,False,False,False
1174,2.133813719166484,7.034981750910534,0.9565217391304348,False,False,False,False
1175,2.1353097158956915,7.040203158209939,1.0,False,False,False,False
1176,2.130085597248437,7.035990210307884,0.9761904761904762,False,False,False,False
1177,2.1757099086306737,7.037429884330411,1.0,False,False,False,False
1178,2.1186320390937996,7.035588538663296,1.0,False,False,False,False
1179,2.1658315805266772,7.039196547556227,0.9855072463768116,False,False,False,False
1180,2.141780612341134,7.037034258176775,0.9852941176470589,False,False,False,False
1181,2.138032636120679,7.036227655273764,0.9882352941176471,False,False,False,False
1182,2.1725081595886953,7.033499850397653,0.9821428571428571,False,False,False,False
1183,2.138559041388637,7.038210488207916,1.0,False,False,False,False
1184,2.148449341381939,7.0375172313494705,1.0,False,False,False,False
1185,2.1666665508202336,7.0349378338594,0.9846153846153847,False,False,False,False
1186,2.1205314451817547,7.036430723101389,0.9743589743589743,False,False,False,False
1187,2.1672761343753906,7.035371649476604,0.958904109589041,False,False,False,False
1188,2.141820214842146,7.035971665519581,0.9821428571428571,False,False,False,False
1189,2.1227638520610013,7.039208744744686,0.9753086419753086,False,False,False,False
1190,2.166892252925329,7.040425574467211,1.0,False,False,False,False
1191,2.1676995946747453,7.036348048657036,0.9743589743589743,False,False,False,False
1192,2.1610506770499867,7.039090088366111,0.9705882352941176,False,False,False,False
1193,2.1575401645585837,7.039324583620033,1.0,False,False,False,False
1194,2.1978730774412916,7.036552741666986,0.9879518072289156,False,False,False,False
1195,2.1487818153820943,7.036257213094326,0.984375,False,False,False,False
1196,2.15945966582056,7.036727467451939,1.0,False,False,False,False
1197,2.1869300770883595,7.035035115910345,0.9864864864864865,False,False,False,False
1198,2.135321596091511,7.038174081148771,0.95,False,False,False,False
1199,2.17190664750376,7.032825021053242,0.9875,False,False,False,False
1200,2.162708924211543,7.034539644060151,1.0,False,False,False,False
1201,2.1325076949242034,7.034596769681835,0.9863013698630136,False,False,False,False
1202,2.15770247329007,7.039012861770033,1.0,False,False,False,False
1203,2.1758484584742064,7.035391620270683,1.0,False,False,False,False
1204,2.1406684418328745,7.034093085144349,1.0,False,False,False,False
1205,2.168843383615512,7.035370479111593,1.0,False,False,False,False
1206,2.1399442693172173,7.034754986633763,1.0,False,False,False,False
1207,2.1465496363111938,7.034717575765008,0.9827586206896551,False,False,False,False
1208,2.1853350301394854,7.035905967245608,0.9456521739130435,False,False,False,False
1209,2.1714989744919118,7.0326166714311285,0.9871794871794872,False,False,False,False
1210,2.153281682570206,7.032637369268775,1.0,False,False,False,False
1211,2.2001842933520606,7.034788790896843,1.0,False,False,False,False
1212,2.1389469125391063,7.038600112282528,1.0,False,False,False,False
1213,2.155842333065548,7.042507018344578,1.0,False,False,False,False
1214,2.1477052593034327,7.0374331755534785,1.0,False,False,False,False
1215,2.1958467763407667,7.040895469353268,1.0,False,False,False,False
1216,2.141345281118686,7.040794011934494,1.0,False,False,False,False
1217,2.158260478507736,7.038123513622983,1.0,False,False,False,False
1218,2.179125495997161,7.038569235388664,1.0,False,False,False,False
1219,2.1655228856829027,7.035148901224659,0.9726027397260274,False,False,False,False
1220,2.180368168029222,7.040445325851287,1.0,False,False,False,False
1221,2.1697971096915913,7.034109316190936,0.9767441860465116,False,False,False,False
1222,2.180296921658357,7.035295932507143,1.0,False,False,False,False
1223,2.151856946622182,7.040651764981959,1.0,False,False,False,False
1224,2.200212011428138,7.035240319383012,0.9565217391304348,False,False,False,False
1225,2.178828650116406,7.034330721612076,1.0,False,False,False,False
1226,2.185022474661637,7.035123381244109,0.9861111111111112,False,False,False,False
1227,2.173101834339764,7.036561404279604,1.0,False,False,False,False
1228,2.1424178091842885,7.036312033393447,1.0,False,False,False,False
1229,2.174886769036625,7.035519784896664,1.0,False,False,False,False
1230,2.1651033048136883,7.0380127309110865,0.9818181818181818,False,False,False,False
1231,2.192815189967334,7.033872394396392,1.0,False,False,False,False
1232,2.177993604293983,7.045018427336936,1.0,False,False,False,False
1233,2.1973902754957595,7.035443179956307,0.9565217391304348,False,False,False,False
1234,2.1549992614473488,7.035499181405402,1.0,False,False,False,False
1235,2.1410523103136496,7.039428554854928,1.0,False,False,False,False
1236,2.2188369310005136,7.032660968090265,0.9811320754716981,False,False,False,False
1237,2.171190270500717,7.035080070383719,1.0,False,False,False,False
1238,2.182786276411829,7.03721644403805,1.0,False,False,False,False
1239,2.1914259702707795,7.036297426179557,0.9833333333333333,False,False,False,False
1240,2.1897756458398927,7.040691877431662,1.0,False,False,False,False
1241,2.18305944989787,7.03639174526168,0.972972972972973,False,False,False,False
1242,2.175587262484964,7.037553849370047,1.0,False,False,False,False
1243,2.162661461884036,7.037174014761716,0.9838709677419355,False,False,False,False
1244,2.1841912902877834,7.04088458436895,1.0,False,False,False,False
1245,2.1607538551342182,7.036105260975763,1.0,False,False,False,False
1246,2.169480565108544,7.037678407365288,0.9838709677419355,False,False,False,False
1247,2.187713688175251,7.035888137306012,1.0,False,False,False,False
1248,2.160472844564924,7.034109653259433,1.0,False,False,False,False
1249,2.1828773250826474,7.035800548856485,1.0,False,False,False,False
1250,2.1918375625604325,7.035271747717251,0.9803921568627451,False,False,False,False
1251,2.218932008530215,7.0357486363583535,1.0,False,False,False,False
1252,2.2041539717020195,7.032674089300826,0.9833333333333333,False,False,False,False
1253,2.1874524953186865,7.032157743778416,0.9821428571428571,False,False,False,False
1254,2.1764223842435024,7.0337939291576195,1.0,False,False,False,False
1255,2.2173370634560303,7.033225691815515,0.9830508474576272,False,False,False,False
1256,2.1852084371170766,7.028884949723485,1.0,False,False,False,False
1257,2.1581416994494154,7.031400007538732,1.0,False,False,False,False
1258,2.1695043319848275,7.035203818555683,0.9827586206896551,False,False,False,False
1259,2.181872094067723,7.030689288539106,1.0,False,False,False,False
1260,2.2176695264291593,7.036872267072541,1.0,False,False,False,False
1261,2.1741110629494447,7.035162543066897,0.9814814814814815,False,False,False,False
1262,2.2034217801258436,7.03591103482853,1.0,False,False,False,False
1263,2.1757297695743594,7.0362894199099,1.0,False,False,False,False
1264,2.1781637065018433,7.030779720944949,0.9859154929577465,False,False,False,False
1265,2.193369194676853,7.027935158253883,1.0,False,False,False,False
1266,2.18258445527515,7.0364285927929195,1.0,False,False,False,False
1267,2.204292489811524,7.035431009320268,0.9818181818181818,False,False,False,False
1268,2.184211048448303,7.0312353703822,1.0,False,False,False,False
1269,2.1814446962270493,7.035183419934079,1.0,False,False,False,False
1270,2.156986118121794,7.035542740047868,1.0,False,False,False,False
1271,2.1745621948985883,7.034889888470598,1.0,False,False,False,False
1272,2.175852347239728,7.034658086551838,1.0,False,False,False,False
1273,2.1778748051238694,7.03370564019338,1.0,False,False,False,False
1274,2.192553928505121,7.031779713670648,0.9629629629629629,False,False,False,False
1275,2.1606192918897413,7.031342321417714,1.0,False,False,False,False
1276,2.1967807321641883,7.033173237551465,0.9838709677419355,False,False,False,False
1277,2.206908557287031,7.036152750921177,1.0,False,False,False,False
1278,2.2165454136667293,7.0294862825338775,1.0,False,False,False,False
1279,2.1845871324748165,7.029644276610021,0.9827586206896551,False,False,False,False
1280,2.1636548499820094,7.029258543631947,1.0,False,False,False,False
1281,2.229297212486536,7.035521613447466,0.96875,False,False,False,False
1282,2.2134308329569508,7.032584513834002,1.0,False,False,False,False
1283,2.227203622354989,7.03492016598951,1.0,False,False,False,False
1284,2.208851751306128,7.028049454294688,1.0,False,False,False,False
1285,2.1989772739056153,7.0321804648954025,0.9824561403508771,False,False,False,False
1286,2.189043475409293,7.033207624975656,0.9821428571428571,False,False,False,False
1287,2.1982965952879407,7.034480878725439,0.9705882352941176,False,False,False,False
1288,2.177946081631097,7.035537639443476,1.0,False,False,False,False
1289,2.191319161410118,7.03378210808685,1.0,False,False,False,False
1290,2.249904999158257,7.029787291358591,1.0,False,False,False,False
1291,2.2110681040876803,7.0319452858751195,1.0,False,False,False,False
1292,2.2207169295685993,7.03027797901808,1.0,False,False,False,False
1293,2.2153938176224393,7.032025310545257,1.0,False,False,False,False
1294,2.196163358140028,7.033904469267067,0.9649122807017544,False,False,False,False
1295,2.231703505049856,7.03219360664639,0.9848484848484849,False,False,False,False
1296,2.177154561346705,7.034557576173751,0.9714285714285714,False,False,False,False
1297,2.2118595895993463,7.043894677366931,1.0,False,False,False,False
1298,2.2245123431177904,7.0392019151472915,1.0,False,False,False,False
1299,2.18890892312919,7.034252232798882,1.0,False,False,False,False
1300,2.1849195785314848,7.037867534912783,1.0,False,False,False,False
1301,2.1837994425001743,7.039009213071208,1.0,False,False,False,False
1302,2.2131695570844188,7.039000919700275,1.0,False,False,False,False
1303,2.21869850590022,7.039847873688822,0.9807692307692307,False,False,False,False
1304,2.193484040297663,7.038692242687068,1.0,False,False,False,False
1305,2.2139136340879864,7.040313446000796,1.0,False,False,False,False
1306,2.216525736454609,7.038692704223042,1.0,False,False,False,False
1307,2.1989614889049625,7.037610481308496,0.9833333333333333,False,False,False,False
1308,2.228442397758507,7.039031150675186,0.9811320754716981,False,False,False,False
1309,2.190773014459527,7.0380829423539275,1.0,False,False,False,False
1310,2.2491134525593695,7.040797888279143,0.9814814814814815,False,False,False,False
1311,2.173501567359886,7.038204326825428,1.0,False,False,False,False
1312,2.1635399622893337,7.035639560649175,1.0,False,False,False,False
1313,2.2029429457326857,7.043393460221827,0.9850746268656716,False,False,False,False
1314,2.2264675046091167,7.042011102884469,1.0,False,False,False,False
1315,2.2160942535234827,7.036790278789819,1.0,False,False,False,False
1316,2.2232696333056325,7.040012849877774,1.0,False,False,False,False
1317,2.217831713330798,7.039065495869148,1.0,False,False,False,False
1318,2.2402640546807358,7.0354396473138205,1.0,False,False,False,False
1319,2.237857730414713,7.0385714982595475,1.0,False,False,False,False
1320,2.238079364941026,7.032653756290694,1.0,False,False,False,False
1321,2.23890260791345,7.034934455067752,1.0,False,False,False,False
1322,2.254907532086322,7.036234098745879,0.9863013698630136,False,False,False,False
1323,2.227912028352794,7.037014826451829,1.0,False,False,False,False
1324,2.2526396978610093,7.0351986860840885,0.9833333333333333,False,False,False,False
1325,2.2005524943702617,7.038062219762969,1.0,False,False,False,False
1326,2.209817459452716,7.031620708684848,1.0,False,False,False,False
1327,2.1859604283304286,7.037937113609965,0.9672131147540983,False,False,False,False
1328,2.194350771967825,7.03987393597807,1.0,False,False,False,False
1329,2.20934252052901,7.038041240331626,0.9871794871794872,False,False,False,False
1330,2.2416611223622622,7.037242284758097,0.96875,False,False,False,False
1331,2.2089705079971274,7.036185520472801,1.0,False,False,False,False
1332,2.237715297319173,7.037371594241202,1.0,False,False,False,False
1333,2.232202222252792,7.040083087355239,1.0,False,False,False,False
1334,2.200615809113652,7.038109740958195,0.9824561403508771,False,False,False,False
1335,2.2656922805101374,7.033903361878931,0.9661016949152542,False,False,False,False
1336,2.2481913310380346,7.0421208391288665,1.0,False,False,False,False
1337,2.2101063829787235,7.032106095492273,1.0,False,False,False,False
1338,2.232882946920833,7.035862223473531,1.0,False,False,False,False
1339,2.2159598100099602,7.038436376322709,1.0,False,False,False,False
1340,2.2450488764327745,7.035845731755485,1.0,False,False,False,False
1341,2.2243936697560263,7.036338996830786,1.0,False,False,False,False
1342,2.2221100466455406,7.0377409210337145,1.0,False,False,False,False
1343,2.2360055723790895,7.037132163776095,1.0,False,False,False,False
1344,2.2675919761828487,7.036595789455058,1.0,False,False,False,False
1345,2.2212710260029307,7.03688214303507,1.0,False,False,False,False
1346,2.2209385889683753,7.038654104692441,1.0,False,False,False,False
1347,2.232989774640216,7.043806534221851,0.9821428571428571,False,False,False,False
1348,2.2072528108927156,7.040491476927486,1.0,False,False,False,False
1349,2.2411228786570825,7.041190024802745,1.0,False,False,False,False
1350,2.223859361869192,7.04292599219775,1.0,False,False,False,False
1351,2.2720285284396082,7.037874685892473,1.0,False,False,False,False
1352,2.2093543597494016,7.038094108196626,1.0,False,False,False,False
1353,2.228335547389862,7.037572340215295,0.9821428571428571,False,False,False,False
1354,2.2287905823895393,7.038266915660426,1.0,False,False,False,False
1355,2.2307497451408542,7.038625127100714,0.9838709677419355,False,False,False,False
1356,2.2940412590972366,7.041160879451061,0.9846153846153847,False,False,False,False
1357,2.2593322562750235,7.040869086628259,1.0,False,False,False,False
1358,2.219426765949819,7.038534424487492,1.0,False,False,False,False
1359,2.2016210212698555,7.0360829289376525,0.9682539682539683,False,False,False,False
1360,2.253949742347308,7.038612599368038,1.0,False,False,False,False
1361,2.210015342703482,7.037479152736643,1.0,False,False,False,False
1362,2.2249358562967503,7.035270524308617,1.0,False,False,False,False
1363,2.2444631762895226,7.0383964569065895,1.0,False,False,False,False
1364,2.2626844174061103,7.038653448794152,0.9848484848484849,False,False,False,False
1365,2.219185340745789,7.035361073141595,1.0,False,False,False,False
1366,2.2969383156205403,7.037916431895905,1.0,False,False,False,False
1367,2.2517730104869145,7.031685008083195,1.0,False,False,False,False
1368,2.272539097550281,7.032462350559231,1.0,False,False,False,False
1369,2.245927511543227,7.04120116876657,1.0,False,False,False,False
1370,2.22139371603746,7.033998955967258,0.96875,False,False,False,False
1371,2.2461887197499135,7.032371811704827,1.0,False,False,False,False
1372,2.2448233176790255,7.038230888570933,1.0,False,False,False,False
1373,2.2049534451667108,7.034737088417799,1.0,False,False,False,False
1374,2.2390292530636207,7.0379224498995745,1.0,False,False,False,False
1375,2.2261508715592426,7.035648288286325,1.0,False,False,False,False
1376,2.2116459091304828,7.03692007332973,1.0,False,False,False,False
1377,2.267097222083883,7.0334920838116215,1.0,False,False,False,False
1378,2.230330227426429,7.045597960980945,0.9841269841269841,False,False,False,False
1379,2.2143766752102207,7.041438689335523,1.0,False,False,False,False
1380,2.2436201851811486,7.035161832696669,1.0,False,False,False,False
1381,2.215104957815102,7.035352996017474,1.0,False,False,False,False
1382,2.2336309220566295,7.041393704190327,1.0,False,False,False,False
1383,2.253007847002063,7.0397635619357,1.0,False,False,False,False
1384,2.2494181671947517,7.033990294745852,1.0,False,False,False,False
1385,2.2062634557887595,7.037801832646947,1.0,False,False,False,False
1386,2.22987507792737,7.040628851942671,1.0,False,False,False,False
1387,2.2317430749083633,7.036179058430787,1.0,False,False,False,False
1388,2.218674788645557,7.038256316338007,1.0,False,False,False,False
1389,2.2359777895818844,7.040364519760839,1.0,False,False,False,False
1390,2.2133952185900068,7.037373552826136,1.0,False,False,False,False
1391,2.2047040561626017,7.0359553953716425,0.9838709677419355,False,False,False,False
1392,2.2342403925221097,7.038056753576428,0.9493670886075949,False,False,False,False
1393,2.197849341766481,7.035986024987375,0.9821428571428571,False,False,False,False
1394,2.2538626589106814,7.0344569921836335,1.0,False,False,False,False
1395,2.227433186441209,7.0306836698990764,1.0,False,False,False,False
1396,2.2317708327694517,7.035208761770495,1.0,False,False,False,False
1397,2.24044207529617,7.034405250859036,1.0,False,False,False,False
1398,2.2035721761129863,7.0323093653402395,0.9846153846153847,False,False,False,False
1399,2.2185837675736324,7.033454259559271,1.0,False,False,False,False
1400,2.219501932694927,7.033077626817477,1.0,False,False,False,False
1401,2.2505421857262276,7.0319218341237555,1.0,False,False,False,False
1402,2.2403827075547853,7.036308821982258,0.9838709677419355,False,False,False,False
1403,2.261010320115525,7.033857361832801,1.0,False,False,False,False
1404,2.212991488069109,7.033037117850212,1.0,False,False,False,False
1405,2.2315452440359733,7.038411297974439,0.9852941176470589,False,False,False,False
1406,2.199662010516077,7.037205483589103,1.0,False,False,False,False
1407,2.2582913377137968,7.036161255711514,1.0,False,False,False,False
1408,2.2368683350245187,7.035102318116025,1.0,False,False,False,False
1409,2.2407467528093177,7.0332114774923795,1.0,False,False,False,False
1410,2.251717634262891,7.037707128959604,0.9642857142857143,False,False,False,False
1411,2.2581053698074975,7.039546244417217,1.0,False,False,False,False
1412,2.2201470668670304,7.034853063833091,1.0,False,False,False,False
1413,2.2699863674047727,7.036144537302994,1.0,False,False,False,False
1414,2.276615504219749,7.039603587220194,1.0,False,False,False,False
1415,2.24126522616786,7.038831781660177,1.0,False,False,False,False
1416,2.29180116826004,7.042276099513171,1.0,False,False,False,False
1417,2.2700022140565284,7.0365161699469665,0.9852941176470589,False,False,False,False
1418,2.2401017630849975,7.033906349245148,1.0,False,False,False,False
1419,2.250767786238575,7.035816621720599,0.9795918367346939,False,False,False,False
1420,2.236983117459213,7.041134656977945,0.9830508474576272,False,False,False,False
1421,2.2018070112928614,7.037262822011725,0.9841269841269841,False,False,False,False
1422,2.2354316976411184,7.039865106039247,1.0,False,False,False,False
1423,2.238847185075177,7.040437122090708,1.0,False,False,False,False
1424,2.2723253806170463,7.0372093537750136,1.0,False,False,False,False
1425,2.2230876353012157,7.03653529033812,1.0,False,False,False,False
1426,2.2656922545715634,7.038138623102875,1.0,False,False,False,False
1427,2.221955709451847,7.034119185078421,1.0,False,False,False,False
1428,2.246635873714866,7.043025389938013,1.0,False,False,False,False
1429,2.2352614684344907,7.039620869353191,0.9838709677419355,False,False,False,False
1430,2.215508585333547,7.037559426188087,1.0,False,False,False,False
1431,2.2176774587458232,7.041622503620394,0.9836065573770492,False,False,False,False
1432,2.2211562214515292,7.039807295530029,0.9649122807017544,False,False,False,False
1433,2.2732592499785547,7.034564001807451,1.0,False,False,False,False
1434,2.2323803168934075,7.039887228157068,1.0,False,False,False,False
1435,2.231541237607065,7.033633089996922,1.0,False,False,False,False
1436,2.265878270188549,7.034482456778939,1.0,False,False,False,False
1437,2.2326652733056167,7.033372696232751,1.0,False,False,False,False
1438,2.227120511890269,7.036698127985512,0.9836065573770492,False,False,False,False
1439,2.2127540835789983,7.038645612724983,0.9868421052631579,False,False,False,False
1440,2.252849448776883,7.034624181547006,1.0,False,False,False,False
1441,2.262605195863546,7.036518724060682,1.0,False,False,False,False
1442,2.2441781885505336,7.033396770624646,1.0,False,False,False,False
1443,2.23346861636384,7.035866331978096,0.9857142857142858,False,False,False,False
1444,2.241724434035628,7.037210718475141,1.0,False,False,False,False
1445,2.23078531862635,7.0350076283931156,1.0,False,False,False,False
1446,2.2214570307808508,7.033508183428369,0.9818181818181818,False,False,False,False
1447,2.2696895106222974,7.037111656163535,1.0,False,False,False,False
1448,2.246529042486884,7.034995296961192,0.9803921568627451,False,False,False,False
1449,2.271893971899062,7.038944474844874,0.9848484848484849,False,False,False,False
1450,2.276342451874367,7.037245159569345,1.0,False,False,False,False
1451,2.243248163063271,7.037727101007416,1.0,False,False,False,False
1452,2.233524090953954,7.039419107503478,1.0,False,False,False,False
1453,2.258220092220081,7.038076526897765,1.0,False,False,False,False
1454,2.2200164076442173,7.040460177802352,1.0,False,False,False,False
1455,2.270283088949537,7.0356475300399985,1.0,False,False,False,False
1456,2.2306230800041984,7.040306529378311,1.0,False,False,False,False
1457,2.213426861645363,7.038919190290587,0.9814814814814815,False,False,False,False
1458,2.2730693549314283,7.039258367250101,0.9852941176470589,False,False,False,False
1459,2.2259173734403044,7.040021456874344,0.9821428571428571,False,False,False,False
1460,2.2673623986261133,7.035574667065648,0.9680851063829787,False,False,False,False
1461,2.275970400434623,7.038541225443819,1.0,False,False,False,False
1462,2.257345463757824,7.04256906755983,1.0,False,False,False,False
1463,2.25054220301861,7.035800030721141,0.9838709677419355,False,False,False,False
1464,2.261077602442616,7.039510280646667,1.0,False,False,False,False
1465,2.2653439592943436,7.039574013579005,1.0,False,False,False,False
1466,2.2420133451562307,7.037482056717564,1.0,False,False,False,False
1467,2.269582699850703,7.038546479507344,1.0,False,False,False,False
1468,2.2352971202995904,7.03767173726852,1.0,False,False,False,False
1469,2.2629614651847003,7.038291838434411,1.0,False,False,False,False
1470,2.2693254450680125,7.036571809308825,1.0,False,False,False,False
1471,2.293514850445986,7.041658540249436,1.0,False,False,False,False
1472,2.2655695465241354,7.035327389571484,0.9705882352941176,False,False,False,False
1473,2.2426940840466294,7.044440709944637,1.0,False,False,False,False
1474,2.29256897993596,7.040392534426406,1.0,False,False,False,False
1475,2.257353400522891,7.0418859006783086,1.0,False,False,False,False
1476,2.299249604021479,7.040587527801951,1.0,False,False,False,False
1477,2.2526199771673188,7.042198089054512,1.0,False,False,False,False
1478,2.2380002457117256,7.043300436860653,0.9666666666666667,False,False,False,False
1479,2.2642793713771003,7.044155219339741,1.0,False,False,False,False
1480,2.2429987153527766,7.044049605385718,1.0,False,False,False,False
1481,2.276860909318905,7.040038217339599,1.0,False,False,False,False
1482,2.239353750639006,7.038966270684143,0.9852941176470589,False,False,False,False
1483,2.2436042708635475,7.040081034262229,1.0,False,False,False,False
1484,2.2295147748603554,7.040932522165483,1.0,False,False,False,False
1485,2.2782065259749738,7.038622225089393,1.0,False,False,False,False
1486,2.253150311173769,7.040671822880426,1.0,False,False,False,False
1487,2.264220005045421,7.045143703780099,1.0,False,False,False,False
1488,2.2707976948447683,7.041753866503916,1.0,False,False,False,False
1489,2.294290497764127,7.041043135317764,1.0,False,False,False,False
1490,2.267109105819629,7.037075857648471,1.0,False,False,False,False
1491,2.224314512245401,7.042777917546462,1.0,False,False,False,False
1492,2.268989040011181,7.037225402768826,1.0,False,False,False,False
1493,2.2164544947827607,7.040935913070507,1.0,False,False,False,False
1494,2.2896560908579517,7.04463761990477,0.9846153846153847,False,False,False,False
1495,2.211922950267796,7.039654033324458,1.0,False,False,False,False
1496,2.2507756951228073,7.036317254287292,0.9722222222222222,False,False,False,False
1497,2.257567099975783,7.040403660122987,1.0,False,False,False,False
1498,2.249904972843762,7.040566335567355,1.0,False,False,False,False
1499,2.235863094987481,7.039619146856505,1.0,False,False,False,False
