{
  "device": "cuda",
  "n_frames": 1500,
  "deadline_ms": 136.30470000043715,
  "ordering_sensible": true,
  "degenerate_all_meet_deadline": true,
  "cpu_fallbacks": {
    "C1": false,
    "C2": false,
    "C3": false,
    "C4": false
  },
  "frontier": [
    {
      "config": "C1",
      "model": "yolo11x",
      "imgsz": 1280,
      "half": true,
      "cpu_fallback": false,
      "acc_overall": 1.0,
      "lat_median_nom_ms": 136.30470000043715,
      "lat_p95_nom_ms": 140.99277999966944,
      "lat_median_con_ms": 392.3478500000783,
      "lat_p95_con_ms": 438.8872650010853,
      "meets_deadline_nom": true,
      "meets_deadline_con": false,
      "acc_blur": NaN,
      "acc_illumination": NaN,
      "acc_occlusion": 1.0,
      "acc_nominal": 1.0
    },
    {
      "config": "C2",
      "model": "yolo11x",
      "imgsz": 640,
      "half": true,
      "cpu_fallback": false,
      "acc_overall": 0.7689468907998319,
      "lat_median_nom_ms": 82.7466499995353,
      "lat_p95_nom_ms": 107.31995000032839,
      "lat_median_con_ms": 317.6780499998131,
      "lat_p95_con_ms": 365.0251199997001,
      "meets_deadline_nom": true,
      "meets_deadline_con": false,
      "acc_blur": NaN,
      "acc_illumination": NaN,
      "acc_occlusion": 0.7572225515320145,
      "acc_nominal": 0.7730805397211274
    },
    {
      "config": "C3",
      "model": "yolo11n",
      "imgsz": 1280,
      "half": true,
      "cpu_fallback": false,
      "acc_overall": 0.7098616106116106,
      "lat_median_nom_ms": 69.04135000058886,
      "lat_p95_nom_ms": 78.94305499903565,
      "lat_median_con_ms": 278.55934999934107,
      "lat_p95_con_ms": 326.02901000009297,
      "meets_deadline_nom": true,
      "meets_deadline_con": false,
      "acc_blur": NaN,
      "acc_illumination": NaN,
      "acc_occlusion": 0.7455758152049712,
      "acc_nominal": 0.6972698576846458
    },
    {
      "config": "C4",
      "model": "yolo11n",
      "imgsz": 640,
      "half": true,
      "cpu_fallback": false,
      "acc_overall": 0.6511898249898249,
      "lat_median_nom_ms": 53.46970000027795,
      "lat_p95_nom_ms": 63.40370000089024,
      "lat_median_con_ms": 244.8701000002984,
      "lat_p95_con_ms": 288.12066500049696,
      "meets_deadline_nom": true,
      "meets_deadline_con": false,
      "acc_blur": NaN,
      "acc_illumination": NaN,
      "acc_occlusion": 0.6644493046027573,
      "acc_nominal": 0.6465149318170057
    }
  ]
}