{
  "device": "mps",
  "n_frames": 300,
  "deadline_ms": 228.95727050490677,
  "ordering_sensible": true,
  "degenerate_all_meet_deadline": false,
  "cpu_fallbacks": {
    "C1": false,
    "C2": false,
    "C3": false,
    "C4": false
  },
  "frontier": [
    {
      "config": "C1",
      "model": "yolo11x",
      "imgsz": 1280,
      "half": false,
      "cpu_fallback": false,
      "acc_overall": 1.0,
      "lat_median_nom_ms": 228.95727050490677,
      "lat_p95_nom_ms": 235.81777715589848,
      "lat_median_con_ms": 465.6690835254267,
      "lat_p95_con_ms": 483.9272273820825,
      "meets_deadline_nom": true,
      "meets_deadline_con": false,
      "acc_blur": NaN,
      "acc_illumination": NaN,
      "acc_occlusion": 1.0,
      "acc_nominal": 1.0
    },
    {
      "config": "C2",
      "model": "yolo11x",
      "imgsz": 640,
      "half": false,
      "cpu_fallback": false,
      "acc_overall": 0.766452380952381,
      "lat_median_nom_ms": 61.78041698876768,
      "lat_p95_nom_ms": 63.04683100897819,
      "lat_median_con_ms": 152.5807084981352,
      "lat_p95_con_ms": 162.5881670275703,
      "meets_deadline_nom": true,
      "meets_deadline_con": true,
      "acc_blur": NaN,
      "acc_illumination": NaN,
      "acc_occlusion": 0.7376249265138155,
      "acc_nominal": 0.7771145901282888
    },
    {
      "config": "C3",
      "model": "yolo11n",
      "imgsz": 1280,
      "half": false,
      "cpu_fallback": false,
      "acc_overall": 0.7518465608465609,
      "lat_median_nom_ms": 13.814207981340587,
      "lat_p95_nom_ms": 14.828162617050111,
      "lat_median_con_ms": 50.780770485289395,
      "lat_p95_con_ms": 57.5361649505794,
      "meets_deadline_nom": true,
      "meets_deadline_con": true,
      "acc_blur": NaN,
      "acc_illumination": NaN,
      "acc_occlusion": 0.7677248677248678,
      "acc_nominal": 0.7459737624121185
    },
    {
      "config": "C4",
      "model": "yolo11n",
      "imgsz": 640,
      "half": false,
      "cpu_fallback": false,
      "acc_overall": 0.7330793650793652,
      "lat_median_nom_ms": 6.587374955415726,
      "lat_p95_nom_ms": 7.9245357075706115,
      "lat_median_con_ms": 23.85545859578997,
      "lat_p95_con_ms": 29.898689896799624,
      "meets_deadline_nom": true,
      "meets_deadline_con": true,
      "acc_blur": NaN,
      "acc_illumination": NaN,
      "acc_occlusion": 0.7131099353321576,
      "acc_nominal": 0.7404653185475105
    }
  ]
}