frame_idx,timestamp_ns,blur,illumination,occlusion,blur_z,blur_fault,illumination_z,illumination_fault,occlusion_z,occlusion_fault,any_fault
0,1569592025800761856,65.56835900795978,6.933094264329331,0.925,4.78107308296122,False,-0.6463236297882217,False,-0.9985044044620288,False,False
1,1569592025867528704,65.79050361520203,6.9497037803627935,0.925,4.787432950487667,False,-0.611357704026276,False,-0.9985044044620288,False,False
2,1569592026201405952,65.93968436624371,7.070662893715369,0.37,4.796155813625419,False,-0.332241543051123,False,-5.937823550689914,True,True
3,1569592026535267840,51.80906307126451,6.902905196828523,0.51,4.3977105634919615,False,-0.49001941715782227,False,-8.149392573820776,True,True
4,1569592026602010624,51.6031524261794,6.893176989271312,0.975,4.112903789520004,False,-0.6209435012582738,False,-5.559142416145779,True,True
5,1569592026668786176,52.145050308668104,6.896721594872561,0.965,3.929053260703321,False,-0.7051283476256957,False,-3.8349640471467534,True,True
6,1569592026735700224,52.9038252708747,6.92712629335078,0.9,3.8220811648524857,False,-0.700050551212249,False,-3.206518007775027,True,True
7,1569592026802419968,52.62803524565462,6.938092215468801,0.98,3.739304993930058,False,-0.6734109166521913,False,-2.0546318492270164,True,True
8,1569592026869134080,55.13766004391805,6.956113757358242,0.955,3.7532107344807133,False,-0.6168246862000717,False,-1.470803391677095,True,True
9,1569592026935917568,53.92438520285099,6.951400470447397,0.98,3.72820941826521,False,-0.587136615207246,False,-0.8396316179584639,True,True
10,1569592027002667776,52.44044849703863,6.94716859248771,0.965,3.6682242746603912,False,-0.5752638060994324,False,-0.5313064884156342,True,True
11,1569592027069546240,51.726042176951715,6.947991734884848,0.92,3.605781647560256,False,-0.5652199815303842,False,-0.7159642339162896,True,True
12,1569592027136286720,51.733041119593196,6.927444601428524,0.84,3.562272184140923,False,-0.6014446009708801,False,-1.557198586754555,True,True
13,1569592027203009536,49.619062358172386,6.938162753030475,0.91,3.4712936094589484,False,-0.6042382576234565,False,-1.5230854441270112,True,True
14,1569592027269812992,47.89011397699561,6.979708713083128,0.915,3.358109846888188,False,-0.5187323312271128,False,-1.454707873600994,False,False
15,1569592027336540416,46.44304875944868,7.0103116330923845,0.94,3.237452599538326,False,-0.39445370301247007,False,-1.1843517207990935,False,False
16,1569592027403422720,45.59264102972596,7.049218923692595,0.945,3.1286458606262637,False,-0.22555203624281256,False,-0.9506040431510272,False,False
17,1569592027470173696,47.677467227596054,7.058112479793062,0.955,3.1121684731804478,False,-0.08859838404799973,False,-0.6979839274239037,False,False
18,1569592027536927232,45.26747184562458,7.036988830834234,0.795,3.0316375725002804,False,-0.03719978975158047,False,-1.9450977083905259,False,False
19,1569592027603635968,43.84814700404505,6.994304267706692,0.82,2.9346315188819494,False,-0.09107921769224427,False,-2.595585501633469,False,False
20,1569592027670381056,45.59344728667597,7.000168393719097,0.945,2.9166941868220935,False,-0.11644981006354281,False,-1.938467689735088,False,False
21,1569592027737256704,47.45949253046058,6.962068927403511,0.785,2.957561816028779,False,-0.21441524084558955,False,-2.902433083381829,False,False
22,1569592027804021248,45.873610578465,6.944744846379594,0.935,2.9407663026635635,False,-0.3194612519858838,False,-2.2422577383324134,False,False
23,1569592027870756608,42.63225837286542,6.953041544399324,0.95,2.8362114641443084,False,-0.3755274646013959,False,-1.6466398847376111,False,False
24,1569592027937507584,44.16852282448992,6.965698459241534,0.93,2.8070054115674954,False,-0.3881288019908348,False,-1.4077008699681983,False,False
25,1569592028004311552,43.376162615944075,6.968243864688065,0.945,2.763876374884318,False,-0.3915912161151102,False,-1.1069484475694005,False,False
26,1569592028071135488,42.816906114890855,6.956860836767163,0.91,2.717674869352763,False,-0.41797816347611044,False,-1.2079103466974015,False,False
27,1569592028137923840,41.73129152518528,6.937220079222635,0.945,2.654253317686832,False,-0.4777962440207426,False,-0.9670950812798411,False,False
28,1569592028204630528,40.613251709535476,6.9275491673944405,0.91,2.5778494188598677,False,-0.540027855133348,False,-1.110012990294713,False,False
29,1569592028271385088,41.636853298630534,6.944042749815786,0.97,2.553671792277551,False,-0.548868117607272,False,-0.6760750783642708,False,False
30,1569592028338148864,40.95577229535705,6.979244090691234,0.955,2.5172485110245377,False,-0.48095134431966574,False,-0.5058136520731752,False,False
31,1569592028404912640,44.82431985015018,7.001180675471059,0.96,2.6025064218397995,False,-0.38722926920627093,False,-0.3421322829826728,False,False
32,1569592028471786752,45.420874709280966,6.957561264072182,0.94,2.6792659689954115,False,-0.41345027910060966,False,-0.40554880736627136,False,False
33,1569592028538512896,46.61454324883848,6.970306237353832,0.945,2.767171669894388,False,-0.4049745962244107,False,-0.4054420037480497,False,False
34,1569592028605272320,47.53076254463357,6.973980354266673,0.92,2.8549364721502517,False,-0.39130696182756936,False,-0.6278590946489812,False,False
35,1569592028672007680,50.881400906121826,7.005533605551893,0.96,3.0122986103126004,False,-0.31531452506408464,False,-0.4275640927857344,False,False
36,1569592028738788096,52.40860548961063,6.990121621987274,0.945,3.1661750627952374,False,-0.29456473055278104,False,-0.4208527035416751,False,False
37,1569592028805668864,55.788493517205026,6.993328128020179,0.945,3.3706527566003492,False,-0.27328962040336796,False,-0.4161547310708343,False,False
38,1569592028872383232,56.933990680463715,6.955486123913677,0.85,3.546582042399869,False,-0.3380610566032968,False,-1.2583351933892601,False,False
39,1569592028939145984,57.191469552150025,6.924750408192583,0.965,3.6771040088890476,False,-0.44810509979595337,False,-0.8243989912171906,False,False
40,1569592029005910272,57.95739443909363,6.94347077429697,0.965,3.790397357830365,False,-0.485726297015389,False,-0.5206436496967433,False,False
41,1569592029072634368,60.701774005146646,6.945259136705286,0.965,3.9482726511826476,False,-0.5082963205446699,False,-0.3080149106324311,False,False
42,1569592029139535616,59.90502299712217,6.941730497403581,0.98,4.035974850681251,False,-0.5315237376751043,False,-0.025679681227200404,False,False
43,1569592029206293760,55.98478401891996,6.938908205269108,0.96,3.985132288035839,False,-0.5537243464454162,False,-0.006038503390490471,False,False
44,1569592029273038592,55.16994728238144,6.959154632828135,0.955,3.9262142047225086,False,-0.5266425142631197,False,-0.036788049591527615,False,False
45,1569592029339770880,56.646736693402644,6.956166507522895,0.96,3.9272511458728743,False,-0.51397575623845,False,-0.013814361245516884,False,False
46,1569592029406507008,58.584874961214446,6.982391172302796,0.975,3.983464746578524,False,-0.44990153613270006,False,0.1357623326569028,False,False
47,1569592029473387008,57.34749311190767,6.963129361562607,0.95,3.987388763213003,False,-0.4455990503890776,False,0.017974164954910613,False,False
48,1569592029540136960,57.843780615975554,6.990400337931135,0.955,4.004343989907525,False,-0.3851771526471077,False,-0.019979181749747516,False,False
49,1569592029606885376,56.40937028938893,6.974152772503659,0.96,3.9751463370189453,False,-0.3770857808875691,False,-0.002048153756269167,False,False
50,1569592029673680896,55.88830589298294,6.9911238323686735,0.965,3.939790217306095,False,-0.33569478212291115,False,0.05500193652590076,False,False
51,1569592029740418560,55.79332039246536,7.013424861930885,0.98,3.9123215553159096,False,-0.25977352939750403,False,0.22843211178363715,False,False
52,1569592029807270912,54.15754375916565,7.049506824592756,0.975,3.8462621831649653,False,-0.13066983314551475,False,0.3053348637773113,False,False
53,1569592029874036480,56.99283116707633,7.081380628553999,0.97,3.881193209010022,False,0.026802666161758006,False,0.3146684194861445,False,False
54,1569592029940756992,53.444578492989926,7.060587559558806,0.97,3.8040605706875197,False,0.09326038186994635,False,0.32120190848232905,False,False
55,1569592030007513600,50.13822943584077,7.044205405228908,0.96,3.655408923629299,False,0.10529349311165093,False,0.23677860940618212,False,False
56,1569592030074262016,52.56683523241188,7.027168460103894,0.9,3.62088230521968,False,0.0778509324938583,False,-0.3562981481879701,False,False
57,1569592030141024768,54.66135402342559,6.966520154805199,0.915,3.656678495282607,False,-0.06903411166718151,False,-0.6379567664436625,False,False
58,1569592030207924224,59.19835551687332,6.9682650005886755,0.95,3.8116274733403817,False,-0.16818043813445246,False,-0.5236292044154874,False,False
59,1569592030274640128,60.97592895214719,6.948533684218709,0.96,3.9709826245529136,False,-0.27912072616256145,False,-0.3546031696222907,False,False
60,1569592030341385728,59.33546766821862,6.915671758158111,0.91,4.035565802892231,False,-0.4259590089305738,False,-0.681268652134427,False,False
61,1569592030408132608,61.09467598052642,6.898541160002685,0.915,4.131139111791877,False,-0.5648087013049433,False,-0.8654361192061826,False,False
62,1569592030474882048,58.04262523003618,6.880472035892383,0.92,4.110662036540146,False,-0.7000421410940637,False,-0.9498549754696765,False,False
63,1569592030541762304,57.74496462952645,6.875939333306202,0.805,4.087806238519202,False,-0.8042476777965657,False,-2.0324107006490886,False,False
64,1569592030608508416,58.93838798889543,6.879560747664802,0.955,4.105974178432118,False,-0.8695678451658776,False,-1.4552485876725476,False,False
65,1569592030675268352,61.13031079145245,6.888675969841999,0.96,4.181445178039275,False,-0.8961028311474559,False,-1.0067367379022278,False,False
66,1569592030742018816,59.531501432684934,6.913749863424012,0.91,4.188501920013761,False,-0.8618924057605369,False,-1.137762149930381,False,False
67,1569592030808767232,59.69480540838121,6.944990245554449,0.945,4.198116934758068,False,-0.7721786593979851,False,-0.9179913435429261,False,False
68,1569592030875674880,61.16915163894456,6.974843332346237,0.945,4.247057097750399,False,-0.6465330868019012,False,-0.7641517790717073,False,False
69,1569592030942412544,63.05326269110757,7.009828012456843,0.95,4.335256186805569,False,-0.48493233763236254,False,-0.6119657132551185,False,False
70,1569592031009177344,60.67289155295186,7.009693984702057,0.955,4.32884694409639,False,-0.3720939649943005,False,-0.4609370964967685,False,False
71,1569592031075931392,59.331754631022385,6.987486860192013,0.975,4.285964524533726,False,-0.3398569712383209,False,-0.17722358201897104,False,False
72,1569592031142662400,61.52667116854051,6.956407173035318,0.955,4.318785981353214,False,-0.38271923327708135,False,-0.156617604631465,False,False
73,1569592031209558528,59.64136838698425,6.966469605640137,0.975,4.287785907665025,False,-0.391539642508412,False,0.03580006228673945,False,False
74,1569592031276304128,56.39798561821304,6.962608281126519,0.94,4.173229743107955,False,-0.40584268997782813,False,-0.14099616567767884,False,False
75,1569592031343064576,51.40895317927853,6.946890489351129,0.915,3.9502074067131576,False,-0.44894351400589,False,-0.4872453786864586,False,False
76,1569592031409787136,47.294606142156475,6.917975399107278,0.905,3.676300471061797,False,-0.5399853947714036,False,-0.8186165691660832,False,False
77,1569592031476519936,46.617138797069344,6.866749807873922,0.88,3.465170130337649,False,-0.7115535078482961,False,-1.2730682559355087,False,False
78,1569592031543418112,48.2221288390954,6.8529015669465405,0.98,3.3633287988542477,False,-0.8608041474631467,False,-0.7012170229393521,False,False
79,1569592031610168064,48.25964795703992,6.837718613230789,0.86,3.293114016770702,False,-0.997242358672176,False,-1.3688820563237458,False,False
80,1569592031676896512,49.39747966834575,6.8510169026340835,0.965,3.2765391121335963,False,-1.0647538898547682,False,-0.9017817952713313,False,False
81,1569592031743641856,48.903288597878614,6.858443648027614,0.99,3.2507882834800435,False,-1.0963773683831755,False,-0.35231975910095276,False,False
82,1569592031810396160,49.02425085810454,6.860037882805685,0.93,3.236225780740916,False,-1.1151576613206977,False,-0.5016767820225375,False,False
83,1569592031877178368,48.21120111986754,6.866307189791965,0.93,3.202754900056851,False,-1.115105882629603,False,-0.6062266980676475,False,False
84,1569592031944033536,47.638423410464846,6.863704100664801,0.96,3.1629269995992684,False,-1.120549593794342,False,-0.4124214151787985,False,False
85,1569592032010764544,47.724883472782686,6.8638208775465355,0.93,3.13752276926259,False,-1.124114355923101,False,-0.5437479412770315,False,False
86,1569592032077515008,46.25100974056759,6.869332210382258,0.95,3.0775436827013185,False,-1.1150073733436339,False,-0.4576830267988457,False,False
87,1569592032144282880,47.66368856650995,6.863323228427504,0.98,3.076002473789381,False,-1.1212824397276133,False,-0.13044736254368736,False,False
88,1569592032211007488,47.06939954433428,6.887536979427329,0.985,3.0579094875258392,False,-1.0747008206534323,False,0.1431159731216589,False,False
89,1569592032277892352,48.77094296552006,6.8770916621897875,0.97,3.0939585697858463,False,-1.0640829003738268,False,0.2011151960271898,False,False
90,1569592032344638976,46.59200507428479,6.8361653915947524,0.94,3.056811235961307,False,-1.1428072879307445,False,-0.0252755720593669,False,False
91,1569592032411395328,43.78575766689852,6.817133321265737,0.825,2.9504669138169612,False,-1.2379801839490159,False,-1.2072116355149232,False,False
92,1569592032478187776,43.62101476215521,6.811910234948377,0.865,2.871309397273906,False,-1.3155967180780308,False,-1.6785799144399072,False,False
93,1569592032544889088,43.586732990812806,6.831448934938855,0.93,2.814917669040057,False,-1.328795923513065,False,-1.4300588907598062,False,False
94,1569592032611757056,45.78614956449571,6.860294761445221,0.945,2.8384114431394294,False,-1.2773098756096049,False,-1.1225990621235242,False,False
95,1569592032678559232,44.89108320597469,6.879935069868733,0.965,2.8292318693522085,False,-1.199923370163251,False,-0.7293836993311748,False,False
96,1569592032745257984,47.84004918724957,6.913575056075517,0.98,2.9072333037623825,False,-1.0749347830035474,False,-0.32063783331631834,False,False
97,1569592032812050944,49.37911390990029,6.950270328375119,0.98,3.0058968123244107,False,-0.9101928289797198,False,-0.03451572710591752,False,False
98,1569592032878786560,49.50255234025239,6.9774444968788005,0.97,3.0784952369090917,False,-0.7376671008676416,False,0.07677300586788693,False,False
99,1569592032945651968,49.15653309428575,6.979313315590394,0.99,3.1194078096152955,False,-0.6129649021254843,False,0.33266860169649765,False,False
100,1569592033012444928,51.709765057267894,6.968176008810881,0.93,3.221144117806546,False,-0.5491193346559657,False,-0.022184929464324203,False,False
101,1569592033079176192,52.21687489221583,6.955113529702566,0.95,3.306877785464991,False,-0.5319262323258476,False,-0.09258891852995092,False,False
102,1569592033145927680,52.3648814078974,6.9454565200240905,0.885,3.3711286910375815,False,-0.5402207489782592,False,-0.720350529803478,False,False
103,1569592033212668160,50.832988152173016,6.946784465642165,0.91,3.3722471352815617,False,-0.5432313536901335,False,-0.937291804261258,False,False
104,1569592033279555840,46.7153942145954,6.9288052309781065,0.795,3.2551457892550975,False,-0.5831881991662866,False,-2.1126132221766722,False,False
105,1569592033346304768,44.93517681085287,6.910734586793922,0.935,3.12220828522518,False,-0.6491998461470863,False,-1.6893838354888022,False,False
106,1569592033413059072,43.216969829636504,6.897852129471627,0.92,2.9799607919811133,False,-0.7225278167005313,False,-1.5266183768675077,False,False
107,1569592033479769344,41.60021674939062,6.891298376078321,0.945,2.8341008709228706,False,-0.78765418909207,False,-1.1901907023989147,False,False
108,1569592033546514688,40.868783484606396,6.9066799654430735,0.97,2.7110584283405657,False,-0.8008617236304835,False,-0.7321994768372138,False,False
109,1569592033613257728,42.081331703560224,6.9140538925620945,0.97,2.6596432503764698,False,-0.7945835961803631,False,-0.4116056189440204,False,False
110,1569592033680142848,41.829512615828065,6.926521991501048,0.98,2.6164431956088587,False,-0.7639413859048315,False,-0.09819317704530899,False,False
111,1569592033746962176,43.455297169475124,6.933249810335413,0.98,2.632748398752297,False,-0.7283286076203195,False,0.12119553228378639,False,False
112,1569592033813672192,43.2661210883222,6.925812634926586,0.95,2.6387460426521328,False,-0.7190562131203855,False,0.007777404693727474,False,False
113,1569592033880421888,42.57063681331127,6.938791249298726,0.96,2.62303309366285,False,-0.6852432919564877,False,0.017381456754160363,False,False
114,1569592033947168000,42.31904187826165,6.927079897778922,0.98,2.6048310165351323,False,-0.6862286830078344,False,0.2020977759434136,False,False
115,1569592034014049792,41.31983567908865,6.935929845109397,0.995,2.5634828854031424,False,-0.6682877753481751,False,0.46489431143610765,False,False
116,1569592034080800256,40.11821414399695,6.937122492031433,0.975,2.500137486205013,False,-0.653218410375017,False,0.4708584035340413,False,False
117,1569592034147507968,40.0085327998521,6.932589545178921,0.98,2.452655595342761,False,-0.6522124979671238,False,0.5195316386893339,False,False
118,1569592034214257152,40.25947770493341,6.943688745085882,0.96,2.4266026746043585,False,-0.628142609239156,False,0.3756094205510888,False,False
119,1569592034281015040,39.921869881814985,6.955601283898502,0.95,2.3987001196004982,False,-0.586215716951559,False,0.1858671264808372,False,False
120,1569592034347883008,38.30034185951603,6.956413223793728,0.985,2.332744951569171,False,-0.555157617375442,False,0.3645361154388274,False,False
121,1569592034414634240,36.91519667880875,6.938845999928308,0.875,2.2469204540969177,False,-0.5703990153184605,False,-0.48935974739880533,False,False
122,1569592034481383168,34.82549038614648,6.950385329333718,0.895,2.1270162618723187,False,-0.5567756945412908,False,-0.9090933686382,False,False
123,1569592034548175616,36.66459277912193,6.936401785929409,0.925,2.0957357312248748,False,-0.5766771657511623,False,-0.9359166793853467,False,False
124,1569592034614882816,38.82987668127271,6.949989840843191,0.955,2.1358301456196047,False,-0.5620029720378331,False,-0.6877027727879269,False,False
125,1569592034681774336,39.9842545838668,6.933519745437687,0.945,2.1969453860988826,False,-0.5864034574820084,False,-0.6029497795432093,False,False
126,1569592034748552448,42.633937148387716,6.889912250269091,0.905,2.31558488489032,False,-0.6952851740252776,False,-0.8996096497658096,False,False
127,1569592034815291904,40.652898266526456,6.866129585639484,0.905,2.341916573167361,False,-0.8215690292145444,False,-1.1072715589216269,False,False
128,1569592034882043136,39.69749587526801,6.848375896133067,0.97,2.3329961546965934,False,-0.9473423381626765,False,-0.6741560764031089,False,False
129,1569592034948793088,39.47938118237013,6.837144998349627,0.97,2.32050736828318,False,-1.059026651449565,False,-0.3709752386401471,False,False
130,1569592035015677952,38.641600173846484,6.855292487854923,0.875,2.287780047518764,False,-1.0990020428102576,False,-1.0042176952540869,False,False
131,1569592035082424320,38.211144043836754,6.835582698082476,0.94,2.2525472208835184,False,-1.1684773590245798,False,-0.8690085959562579,False,False
132,1569592035149179904,37.437068201686515,6.821410881087948,0.96,2.205722912856988,False,-1.2469442248460172,False,-0.5963687437008274,False,False
133,1569592035215882240,39.18535884024673,6.815394729978593,0.965,2.2229984148169626,False,-1.3145360774304249,False,-0.3610224764352874,False,False
134,1569592035282680064,39.30228170125637,6.816717659546452,0.975,2.2384386979185105,False,-1.3590653769545284,False,-0.1072833479759339,False,False
135,1569592035349540096,39.23724034172962,6.822692183433588,0.965,2.2473848007839043,False,-1.3776584726690815,False,-0.018662699427864228,False,False
136,1569592035416270336,38.42590468213463,6.828619801776315,0.965,2.230419017071539,False,-1.3781949700620728,False,0.04337175455578587,False,False
137,1569592035483037696,38.34957903399527,6.8294962335824305,0.935,2.2163578107188298,False,-1.3767254765510462,False,-0.1801943517760864,False,False
138,1569592035549802496,39.878735527005,6.828833677783013,0.98,2.250293804045583,False,-1.377091626513541,False,0.06379470997224089,False,False
139,1569592035616508416,42.673252115216656,6.832216497440456,0.99,2.3540543414896207,False,-1.3702265065902637,False,0.3235837945695494,False,False
140,1569592035683299584,43.7212586743704,6.83503149739605,0.985,2.4566905200245692,False,-1.3594948571722947,False,0.46093778310092465,False,False
141,1569592035750135296,45.70427507675811,6.896236556511683,0.955,2.5853084211084596,False,-1.223135387041952,False,0.29009535095246297,False,False
142,1569592035816888320,47.82371862270037,6.923194891495676,0.99,2.7360193556750154,False,-1.0709317648271874,False,0.48199424325570056,False,False
143,1569592035883631872,48.190865504600815,6.940909895000724,0.985,2.8520282059822044,False,-0.9270960597358332,False,0.5718250971812331,False,False
144,1569592035950411008,47.49642349593883,6.972105109318777,0.99,2.9133529409416004,False,-0.7607397036965624,False,0.6792050656158393,False,False
145,1569592036017173248,51.665038477926615,7.020908323199756,0.985,3.075625214461845,False,-0.5415509843982851,False,0.7098726728333282,False,False
146,1569592036084015104,52.58575515180917,7.016792201767357,0.995,3.2155753748031444,False,-0.39678403381403066,False,0.8203367392590469,False,False
147,1569592036150757632,52.70572803489275,7.048700611135407,0.95,3.316975239083302,False,-0.22827440606222363,False,0.49717624957641116,False,False
148,1569592036217509888,53.50066678736788,7.041473125535553,0.97,3.4107137661326057,False,-0.12553278334500723,False,0.448957389545519,False,False
149,1569592036284301568,52.070583137426546,7.056022034899749,0.965,3.435388293662509,False,-0.02298565781815762,False,0.3707058168371545,False,False
150,1569592036351024896,50.56051927107871,7.06525359267765,0.985,3.4094282356663843,False,0.06823136794065746,False,0.4939231986882508,False,False
151,1569592036417919744,49.11242975497087,7.106267336699849,1.0,3.3497982564622832,False,0.2184243645324962,False,0.7136704780442324,False,False
152,1569592036484855808,49.08446905191598,7.111001253804079,0.98,3.3072567727782753,False,0.3335251826227086,False,0.6895000908464667,False,False
153,1569592036551420160,48.67596758970819,7.1068847090300595,0.97,3.265782581135644,False,0.4054297111534316,False,0.5835840784345578,False,False
154,1569592036618186752,46.75258817923236,7.084381156729577,0.945,3.1816854423626513,False,0.4083889818774507,False,0.2869510163125288,False,False
155,1569592036684917504,48.03018037852704,7.058857666573753,0.98,3.1593941474031064,False,0.3567290766719433,False,0.3907964676342761,False,False
156,1569592036751793664,46.0087877532912,7.022946907302808,0.915,3.085918976465305,False,0.24496873665709687,False,-0.11499053536809013,False,False
157,1569592036818547712,47.069045683541304,7.013553090330022,0.98,3.0648409085756723,False,0.14696087687482617,False,0.1094373814578409,False,False
158,1569592036885284864,45.38382306383536,7.007652613895571,0.955,3.001839343214336,False,0.06593384386693313,False,0.044045069802305,False,False
159,1569592036952035584,44.508999740296986,6.9794836439455965,0.985,2.9326925778148554,False,-0.05008566994075745,False,0.26526067576385454,False,False
160,1569592037018794496,43.893504175698396,6.991574344962954,0.975,2.8666685713568154,False,-0.10584629693913238,False,0.3311148585634658,False,False
161,1569592037085689600,47.02848300811723,6.993395702625037,0.975,2.91020433981069,False,-0.1410444605544723,False,0.3772127865231926,False,False
162,1569592037152390400,46.35106782933992,6.998015077760722,0.975,2.9212853854505223,False,-0.15595858541412075,False,0.4094813360950024,False,False
163,1569592037219137280,44.77056021128587,6.980824633595541,0.995,2.8837931275617814,False,-0.20258735353242793,False,0.6100628035422179,False,False
164,1569592037285947392,44.52868787561097,6.977571905934935,0.95,2.850623886421962,False,-0.24207504978801694,False,0.3499844945746325,False,False
165,1569592037352634368,45.35152290269924,6.977407456762579,0.98,2.850962693370584,False,-0.2700626313330116,False,0.4349199024177434,False,False
166,1569592037419383552,47.13866361674385,6.95777163898037,0.985,2.9023646302880346,False,-0.33099075674592043,False,0.5388730585946631,False,False
167,1569592037486264576,44.21809287742938,6.963471838436636,0.985,2.854731788899684,False,-0.3616405313156545,False,0.6116402679185059,False,False
168,1569592037553018368,43.15358681812788,6.959243191050802,0.985,2.7909126267616102,False,-0.3919974131806833,False,0.6625773144451942,False,False
169,1569592037619762944,41.72080351027306,6.947254601377407,0.955,2.7052194822654774,False,-0.4384853009794055,False,0.43124302289345035,False,False
170,1569592037686516224,42.73118726046642,6.942401802125565,0.965,2.6741609648755706,False,-0.4812428105525345,False,0.3583057601807067,False,False
171,1569592037753281024,42.39928223815592,6.947181298631934,0.97,2.6429177599992806,False,-0.501111394193266,False,0.3517480469685239,False,False
172,1569592037820138752,44.491997312298096,6.960466360232467,0.995,2.680960700197987,False,-0.48705203290804017,False,0.569649501153683,False,False
173,1569592037886891008,46.834976564738994,6.9798316884799565,0.975,2.7746688560128465,False,-0.4364430892852963,False,0.5441870363363449,False,False
174,1569592037953639168,49.43922539428227,7.0215141855701315,0.97,2.9148226548222462,False,-0.31326790843817826,False,0.4818649402774717,False,False
175,1569592038020392192,53.85735159048659,7.02799253327435,0.98,3.1394186301888545,False,-0.21340723095740874,False,0.5272362144097329,False,False
176,1569592038087134720,55.05223743100247,7.0048051894597965,0.96,3.3308446814354653,False,-0.1923181562686443,False,0.3810026235553648,False,False
177,1569592038154007552,58.9665614779143,7.038762637618754,0.975,3.576907678649794,False,-0.10606945790639223,False,0.4121342220175213,False,False
178,1569592038220768000,57.41742217122541,7.062555737625558,0.975,3.7048008428965535,False,0.004393252843723732,False,0.43392634094103016,False,False
179,1569592038287530496,56.461978372479535,7.098206440793853,0.985,3.7669722721329353,False,0.15676809332419409,False,0.5381775655609642,False,False
180,1569592038354292736,54.454830259934106,7.127021093926366,0.98,3.753028820029291,False,0.3240903479840224,False,0.5666550521081796,False,False
181,1569592038421009664,51.15510043020318,7.172584279583406,0.975,3.6487991078548103,False,0.5371343722712031,False,0.5420909220044923,False,False
182,1569592038487889408,49.4918785662582,7.18255781517834,0.975,3.528221260001169,False,0.707261219770293,False,0.5248960309319092,False,False
183,1569592038554637824,47.739387859989115,7.174882484889629,0.96,3.3936440034932267,False,0.8101921051954367,False,0.3793644951208892,False,False
184,1569592038621382144,45.99181653276445,7.160247055555409,0.97,3.249407999813361,False,0.8514335957536552,False,0.366489161426651,False,False
185,1569592038688148736,43.47867738841056,7.131784528412355,0.99,3.0764931234099415,False,0.820384059393106,False,0.5354699105876358,False,False
186,1569592038754895360,44.10180981390252,7.102662696914126,0.95,2.973292619375546,False,0.7373428536259519,False,0.29776946950642535,False,False
187,1569592038821768192,44.817581094086435,7.079175237061509,0.96,2.92154437112118,False,0.6297688134803455,False,0.2203759021230535,False,False
188,1569592038888507136,47.04855121328927,7.0517333848544155,0.945,2.949191940382845,False,0.49669710423856384,False,0.03270529289447838,False,False
189,1569592038955256832,47.40694574097216,7.069473832540033,0.935,2.978805860298884,False,0.4408936417445478,False,-0.18766087493899636,False,False
190,1569592039022044672,49.2158283887319,7.0805690511319455,0.955,3.0513228348799117,False,0.42518858667919246,False,-0.1639237096754824,False,False
191,1569592039088756480,52.43610218578563,7.119506260652955,0.975,3.194279233993446,False,0.4961646596950495,False,0.030685788755927933,False,False
192,1569592039155515392,53.702323783199994,7.156242717697591,0.96,3.3305998820087654,False,0.6231845548836725,False,0.033417325597705626,False,False
193,1569592039222740480,57.59480246697512,7.179157897125028,0.955,3.5374636772521946,False,0.7603389275989827,False,-0.00916896929978969,False,False
194,1569592039289171712,59.26983162919697,7.193926928277476,0.975,3.7302234191570114,False,0.887438372849012,False,0.13901410701891184,False,False
195,1569592039355946496,59.487498011310215,7.21873683315994,0.975,3.8713868971040526,False,1.0286371578806597,False,0.24274226044200456,False,False
196,1569592039422680320,57.7248652751344,7.209823349083671,0.97,3.9197382083932575,False,1.108711870084873,False,0.27085359715143076,False,False
197,1569592039489441024,56.31121726308366,7.184717695209614,0.965,3.913112227394888,False,1.1119123921042393,False,0.2460331621612907,False,False
198,1569592039556302848,55.72454440675084,7.162642746530893,0.92,3.8916779469534934,False,1.0676811435861175,False,-0.1718264785124432,False,False
199,1569592039623048704,58.21468887033612,7.158059815515072,0.955,3.9479653004851634,False,1.027071401175699,False,-0.15283963217689353,False,False
200,1569592039689800960,59.3459035331266,7.150827847541068,0.96,4.019752448628855,False,0.9834200286006284,False,-0.0950504690552704,False,False
201,1569592039756550144,61.26237957138621,7.102045690392558,0.955,4.124871017526066,False,0.850169125818659,False,-0.09909642555687488,False,False
202,1569592039823293440,64.10747344382982,7.081573358146064,0.965,4.279907355331779,False,0.7137956668146231,False,-0.012931853734522906,False,False
203,1569592039890198784,65.97773773692427,7.071592916100322,0.9,4.441977342308117,False,0.5973236757312087,False,-0.5310954723864649,False,False
204,1569592039956919296,66.49098825858583,7.066768209388309,0.975,4.5701203893118905,False,0.5056364335507761,False,-0.22633444514176082,False,False
205,1569592040023681280,68.79496212262906,7.102845279054571,0.985,4.725781918899414,False,0.5174038827602331,False,0.07599501530300881,False,False
206,1569592040090423040,68.31073486418849,7.142413714312938,0.995,4.820881852194885,False,0.6089395489482041,False,0.37662237898782264,False,False
207,1569592040157176064,67.50992587269562,7.174926983555655,0.97,4.864525122008882,False,0.7414606130666646,False,0.3645696801335047,False,False
208,1569592040224046848,64.40807018962033,7.169958860133868,0.99,4.80627113390154,False,0.8237665923604934,False,0.5341262736824334,False,False
209,1569592040290802688,61.86057158023553,7.154854914404418,0.98,4.692559977421244,False,0.8495843399672895,False,0.5638191477932067,False,False
210,1569592040357542912,57.09626562910356,7.145895987161941,0.98,4.476562931906174,False,0.8487966601899376,False,0.5846041596707487,False,False
211,1569592040424293888,58.94629400805879,7.138153313199133,0.955,4.378330208413227,False,0.8319456063517378,False,0.37666181455133785,False,False
212,1569592040491072000,58.33391507764043,7.12339270126915,0.985,4.2920352586662895,False,0.7890762082461775,False,0.4980923970881772,False,False
213,1569592040557926144,59.478284045019805,7.1276896924429085,0.985,4.264391394404672,False,0.7681135448222326,False,0.5830938048639671,False,False
214,1569592040624669184,56.46719594854441,7.090990502534221,0.99,4.158835034277437,False,0.6761814901635924,False,0.6870931609937564,False,False
215,1569592040691418112,61.7943531092213,7.03590545582013,0.955,4.237458912379308,False,0.4958654289939604,False,0.4484041154774445,False,False
216,1569592040758179072,62.73875034115365,7.042554846209852,0.915,4.319533156171838,False,0.38364231172330115,False,-0.07466518187787324,False,False
217,1569592040824919296,60.5883374863415,7.032297638701952,0.97,4.315420090188731,False,0.2834929203239719,False,0.04866838752751859,False,False
218,1569592040891668480,56.95091555771819,7.016768426415621,0.925,4.208403725046535,False,0.1806966482328595,False,-0.2654834500693476,False,False
219,1569592040958543360,52.97239128051212,7.002458723616718,0.925,4.019589493827537,False,0.07861483965033432,False,-0.48538973638715,False,False
220,1569592041025325568,54.76607616553145,7.008485693904754,0.95,3.9387716597370104,False,0.01984539640852431,False,-0.41683228337593,False,False
221,1569592041092042496,52.57829838069638,6.973050725735946,0.935,3.8195644035891014,False,-0.09588999704644204,False,-0.5023371783282868,False,False
222,1569592041158808064,53.709021933992496,6.940024948915727,0.955,3.7684912647853674,False,-0.24642978801624713,False,-0.38419712204798634,False,False
223,1569592041225545472,53.91260197895408,6.925850464845155,0.955,3.7385684428106867,False,-0.3816474008263917,False,-0.3014990826517764,False,False
224,1569592041292427776,55.33336805792574,6.918872678262995,0.985,3.7582981523370114,False,-0.49098918655568397,False,0.023379769045997912,False,False
225,1569592041359168768,58.91146613821265,6.939968150836227,0.975,3.8745477615868604,False,-0.5231187905281719,False,0.16179822386096612,False,False
226,1569592041425917952,51.14535692342933,7.048384925747218,0.96,3.7335834161612294,False,-0.3173733085181955,False,0.12519603017122907,False,False
227,1569592041492678400,46.627261774482605,7.004867264501592,0.79,3.5055580067090637,False,-0.26496373178050725,False,-1.4133701087606685,False,False
228,1569592041559429888,47.65663767861608,7.020265625145832,0.965,3.3754106378824673,False,-0.195860795462434,False,-0.9329234319771784,False,False
229,1569592041626299648,48.849329803536,7.022134550430236,0.97,3.318453543425561,False,-0.14355432662175183,False,-0.5521123875419957,False,False
230,1569592041693056256,48.003293772962465,7.018734147663315,0.93,3.254362070676118,False,-0.1140982388399225,False,-0.6415316219312702,False,False
231,1569592041759802368,48.41634880504313,7.0151279791434344,0.89,3.221323558803165,False,-0.10107059056771749,False,-1.060112051497664,False,False
232,1569592041826548224,46.24548224547102,7.003758364443904,0.965,3.13604598649399,False,-0.11588625708269179,False,-0.6856427918930754,False,False
233,1569592041893292800,46.36954679048886,6.998657958852336,0.895,3.0799035797580334,False,-0.1369944662522495,False,-1.04649149978419,False,False
234,1569592041960171008,44.33259924988592,7.000773187093283,0.93,2.982287302633167,False,-0.14731728860659346,False,-0.9875970005008049,False,False
235,1569592042026923008,41.19655912815016,6.95745946803198,0.825,2.8241729515915064,False,-0.24572619108528157,False,-1.8808366354239285,False,False
236,1569592042093678592,43.28347026898933,6.887814418176819,0.91,2.7732399263278538,False,-0.4612273896873545,False,-1.7496320781955736,False,False
237,1569592042160434176,41.626969231335096,6.918793419176172,0.97,2.690162172557417,False,-0.5468620329484685,False,-1.1238084398948713,False,False
238,1569592042227170816,43.185977513956345,6.905252464254285,0.97,2.6766412216123885,False,-0.6353123531005151,False,-0.6857318930843828,False,False
239,1569592042294052864,43.48450744710481,6.8794869340463976,0.965,2.6757232897702186,False,-0.7514685084087478,False,-0.4235766810037781,False,False
240,1569592042360794880,41.38157436338086,6.943766609836634,0.96,2.614875018352509,False,-0.6974578976786012,False,-0.28456640323409454,False,False
241,1569592042427546624,44.10108477260127,6.913636707821083,0.945,2.6501391883356025,False,-0.7230791645959314,False,-0.32075432085552785,False,False
242,1569592042494297600,43.5932978588273,6.911568894191181,0.945,2.6602864710364984,False,-0.7453671594832938,False,-0.3460858631905299,False,False
243,1569592042561047040,43.59218645582515,6.959343776118766,0.945,2.6673577501224743,False,-0.6603943038011867,False,-0.363817942825032,False,False
244,1569592042627924224,44.9144515096753,6.977167063042744,0.995,2.7101633048287694,False,-0.5633921798154752,False,0.06875330829819312,False,False
245,1569592042694668288,46.89036306100219,6.9979664598435,0.985,2.7966963615870015,False,-0.4517043380851311,False,0.28255644271097524,False,False
246,1569592042761426944,49.03936597064895,6.989600789705255,0.99,2.9187941720670305,False,-0.39113404238570365,False,0.4767170074866631,False,False
247,1569592042828168704,48.65061726784831,6.993165838316231,1.0,2.993132996052337,False,-0.34122978679516874,False,0.7016261442031158,False,False
248,1569592042894918656,49.593534387295335,6.990113002948505,0.99,3.072165327226166,False,-0.31272355834317034,False,0.7700657985311579,False,False
249,1569592042961677312,51.84584448645338,6.993967724210638,0.97,3.191970252977697,False,-0.28465433841440513,False,0.639980073813837,False,False
250,1569592043028552192,48.861254336131985,7.036749473700353,0.995,3.190386666243722,False,-0.17494284628723564,False,0.7714119199454034,False,False
251,1569592043095304448,48.95610512435228,7.029059076520344,1.0,3.191993676988458,False,-0.11433442805430159,False,0.9079125829242339,False,False
252,1569592043162056448,51.70979532102078,7.029763166003166,0.97,3.2719550914009425,False,-0.07042630422945077,False,0.7364728228889916,False,False
253,1569592043228810752,49.18532963002912,7.037499142702232,0.965,3.2556541353917634,False,-0.023405038465294268,False,0.5719666201775834,False,False
254,1569592043295561984,49.838755923548284,7.040300963065274,0.955,3.2629506709951666,False,0.015408167702184727,False,0.36781553690612306,False,False
255,1569592043362442240,48.247967436738776,7.034744416593224,0.975,3.2225149209442154,False,0.030879913366050896,False,0.40290326136305243,False,False
256,1569592043429181440,46.572246319793386,7.095039324300042,0.97,3.146235000423368,False,0.16864142354245912,False,0.38296629779616626,False,False
257,1569592043495923968,44.50120045618839,7.094485820058184,0.945,3.033546249011867,False,0.26390925777860635,False,0.14651856986565664,False,False
258,1569592043562669824,42.91671979561712,7.0979738099615295,0.935,2.909301387351089,False,0.3379395683363969,False,-0.10799158105917488,False,False
259,1569592043629437440,40.49584439459387,7.145253578984317,0.94,2.753021766268339,False,0.4892929388830589,False,-0.24165031601982348,False,False
260,1569592043696306688,40.267883738776625,7.153450604094608,0.97,2.63709965398436,False,0.6124964646042114,False,-0.06822120637184591,False,False
261,1569592043763051776,40.915751602129106,7.156707434206883,0.97,2.574502245657077,False,0.7055951275574868,False,0.053179170381733115,False,False
262,1569592043829805056,38.69361822317237,7.157247524119725,0.955,2.4670657073876185,False,0.7719011750118449,False,0.004664322049028236,False,False
263,1569592043896559104,36.64526979557133,7.160492877115019,0.96,2.333217137598748,False,0.8251474418470177,False,0.015202298902869577,False,False
264,1569592043963311104,35.08287823967426,7.175821534197916,0.93,2.194792800957558,False,0.8946893230895847,False,-0.24441134141986387,False,False
265,1569592044030174720,30.374165739273675,7.212482604309807,0.91,1.9630881366453832,False,1.020546581405928,False,-0.6041343723927258,False,False
266,1569592044096918528,29.105100427261597,7.2162569629871625,0.935,1.7645622891392494,False,1.1165923449941386,False,-0.6334486406400452,False,False
267,1569592044163691520,28.725661236804378,7.268213761448475,0.79,1.614731078316592,False,1.2932024946879814,False,-1.944421378328561,False,False
268,1569592044230446336,25.375355291158105,7.265792487260308,0.84,1.4139319710246534,False,1.4117323953563337,False,-2.417118587843144,False,False
269,1569592044297180672,23.655588864077252,7.29607832260705,0.89,1.2241367094927698,False,1.5584602870889912,False,-2.303022927635974,False,False
270,1569592044364051456,23.18948144464424,7.33036958306397,0.865,1.0779356491812788,False,1.7333588904420767,False,-2.4456478189246407,False,False
271,1569592044430802432,22.878561848892172,7.326796694764376,0.955,0.9666934644978613,False,1.8482663602775498,False,-1.7445145704654341,False,False
272,1569592044497550336,23.772712645281054,7.332000697508418,0.975,0.9144229388788283,False,1.939656921831119,False,-1.0757278137970367,False,False
273,1569592044564305664,25.467569672834216,7.349474005772254,0.965,0.9263563161308193,False,2.0404146738570694,False,-0.6965738255026342,False,False
274,1569592044631043072,23.069520741882695,7.282872838826112,0.995,0.8660549705020154,False,1.9707380373839105,False,-0.1641758095761281,False,False
275,1569592044697796096,23.921954135895145,7.2933886511785815,0.97,0.8482486878886829,False,1.9441020094270003,False,-0.013989051861258161,False,False
276,1569592044764675328,25.00031265829234,7.280622847628928,0.98,0.866657050976672,False,1.8985825487107348,False,0.18013841991262197,False,False
277,1569592044831419648,25.045235794837442,7.2175207940650346,0.99,0.8808290277268164,False,1.7338781067720668,False,0.40502439152781416,False,False
278,1569592044898194944,24.911052572586467,7.199196704294045,0.98,0.886907825881229,False,1.5800095951397626,False,0.4734478302849719,False,False
279,1569592044964936960,24.961053623612468,7.1688745850649145,0.955,0.8925944848388904,False,1.4084682918367828,False,0.2988523839812967,False,False
280,1569592045031682304,25.12472654238006,7.157727054188167,0.965,0.9012610040913642,False,1.2649218843682932,False,0.2656323129421982,False,False
281,1569592045098547456,27.107815393241175,7.144390687611967,0.99,0.9641022178340772,False,1.1363640233920054,False,0.46487011664851785,False,False
282,1569592045165292800,28.020484664703545,7.132508552826922,0.985,1.0342202440026136,False,1.0213595563070923,False,0.5598382085562046,False,False
283,1569592045232048384,28.17599892043555,7.12986674961984,0.985,1.0877551426491914,False,0.9352949732142897,False,0.6263158728915835,False,False
284,1569592045298796800,28.211479460173408,7.132194121944963,0.975,1.1262453583792258,False,0.8799492893808397,False,0.5838534965528751,False,False
285,1569592045365543936,27.56866928944232,7.103074524401373,0.97,1.1347852378399983,False,0.7799054832464853,False,0.5096314624290438,False,False
286,1569592045432417792,27.81661183598912,7.08803633187988,0.995,1.1478616005947182,False,0.6782168030149929,False,0.6801678919760488,False,False
287,1569592045499176704,27.911457891249814,7.050529287242128,0.985,1.159730440479731,False,0.5280758616029501,False,0.7105466512854759,False,False
288,1569592045565918976,26.397677511059673,7.020996211297723,0.975,1.1246999995589435,False,0.3608049310736973,False,0.6428150414286,False,False
289,1569592045632676352,25.411960425166676,7.007615771744883,0.95,1.071958199034527,False,0.21554712265852238,False,0.3729110610950987,False,False
290,1569592045699433216,23.112295371604763,6.993666095047271,0.985,0.9692009006550778,False,0.08450015633350041,False,0.49546686966881176,False,False
291,1569592045766297856,21.050448079151284,6.9936517647817755,0.96,0.8382413343447926,False,-0.007262887800191454,False,0.35876408223672,False,False
292,1569592045833046528,19.947973488292664,6.982442105088348,0.935,0.7150064483630156,False,-0.09509530583637073,False,0.04058027760056753,False,False
293,1569592045899808768,18.390230793055228,6.985476890790724,0.945,0.5841447844929744,False,-0.1501892456913581,False,-0.09315164427126443,False,False
294,1569592045966582272,17.384142282159107,6.990438319374723,0.975,0.46373790616418187,False,-0.1783103318009889,False,0.08022623453888084,False,False
295,1569592046033296896,16.206908504908654,7.001587824404939,0.975,0.3457495908803425,False,-0.17452344098424755,False,0.2015907497059835,False,False
296,1569592046100169984,16.581195992580838,6.984461311527716,0.965,0.27387339757388873,False,-0.20792691162673496,False,0.19754916894947994,False,False
297,1569592046166918400,15.748962404912547,7.002828528343642,0.965,0.19973371133265735,False,-0.19264314885598055,False,0.19472006241992645,False,False
298,1569592046233679104,14.68154448234411,6.988688886957867,0.975,0.11727639289007391,False,-0.21171092412425868,False,0.2817364292227138,False,False
299,1569592046300423680,14.723130928848777,6.9931354642593835,0.985,0.06074686512434156,False,-0.21569754669505406,False,0.43164462735814074,False,False
300,1569592046367180800,15.809988002234148,6.990405257907209,0.985,0.05229226504839224,False,-0.22423574265426052,False,0.5365803660529412,False,False
301,1569592046433917952,16.286920788644778,6.991982249525738,0.99,0.06002834603024478,False,-0.22689263764910544,False,0.6545337538260383,False,False
302,1569592046500796672,17.383397090407726,6.992113007647644,0.95,0.09683506484516965,False,-0.2284771955118956,False,0.38111415977330315,False,False
303,1569592046567560192,17.655438314338276,6.9779834117980535,0.985,0.13038814589887723,False,-0.2593316476193665,False,0.5012090387435543,False,False
304,1569592046634255360,17.91521343949763,6.993656337191753,1.0,0.1613125094324867,False,-0.24793552484736855,False,0.7187705660829412,False,False
305,1569592046701037056,19.48169788898833,7.000905638155994,0.985,0.227807078795885,False,-0.2246971970541538,False,0.7375685231603015,False,False
306,1569592046767795200,20.281897336335106,7.010075784571557,0.995,0.2972625099579797,False,-0.1891256113286553,False,0.8397238344879265,False,False
307,1569592046834659328,21.45228168055564,7.015678528599936,0.975,0.379388717045318,False,-0.15243074876059334,False,0.7332390696703152,False,False
308,1569592046901418240,22.008306967772192,7.005313739064629,0.99,0.4527957341360741,False,-0.14856403318864297,False,0.7921948463582024,False,False
309,1569592046968181760,23.44767095537956,6.998178629092006,0.995,0.5453887780329617,False,-0.1608779822038784,False,0.8779622607264579,False,False
310,1569592047034921216,24.191904760430525,6.98297959402837,0.995,0.6315108784306197,False,-0.20149436403294438,False,0.9379994507842376,False,False
311,1569592047101665792,26.367017239936494,6.980772502467187,0.995,0.7540685208607724,False,-0.23457214367558576,False,0.9800254838246828,False,False
312,1569592047168542976,27.163737652755096,6.987482105326976,0.995,0.8626685004873881,False,-0.2436017061347433,False,1.0094437069529951,False,False
313,1569592047235297792,27.4891988408231,6.977362829276598,0.995,0.9480062458007793,False,-0.27122523941086524,False,1.030036463142814,False,False
314,1569592047302043648,27.232332153080975,6.992420101903347,0.975,1.0003887275516,False,-0.25886352982009236,False,0.8664579097287355,False,False
315,1569592047368792064,26.453722809635437,6.9946424619500185,0.99,1.0147653439588857,False,-0.24553187792147754,False,0.8854480343990919,False,False
316,1569592047435581440,25.143548750887195,6.994753401463939,0.975,0.9873194740715724,False,-0.23596617458241229,False,0.7652460096081309,False,False
317,1569592047502445824,25.145235062364065,6.992431786733085,1.0,0.9681556432416227,False,-0.2341575858372796,False,0.9035964456881469,False,False
318,1569592047569172480,24.27419331281426,6.981882801586632,0.995,0.9298035562205109,False,-0.25509902580228866,False,0.955943380257419,False,False
319,1569592047635924992,25.247767843045807,6.986990308549071,0.99,0.9308299530638513,False,-0.25900584154549494,False,0.9480878637691728,False,False
320,1569592047702673152,25.37335751685015,6.9939653682621845,0.995,0.9351439882615968,False,-0.2470568963380984,False,0.9870873729141384,False,False
321,1569592047769425408,25.1439997510759,7.002026826877339,0.98,0.93159743694971,False,-0.22172185945162595,False,0.8808919172553986,False,False
322,1569592047836292864,24.779057312846575,7.012894561739468,0.995,0.9186667668274527,False,-0.18110885784503172,False,0.9400502103544971,False,False
323,1569592047903043584,24.094572373027738,7.016522117563255,0.995,0.8900189024247029,False,-0.1450431195434905,False,0.9814610155238658,False,False
324,1569592047969807104,24.215764564474085,7.014432047803089,0.99,0.8734350574547527,False,-0.1241970638103868,False,0.9659502084556822,False,False
325,1569592048036555264,23.971152055162065,7.011402766544515,0.985,0.8548232558222292,False,-0.11598198975409968,False,0.9105942728212196,False,False
326,1569592048103304960,24.48915947333559,7.014121702391499,0.98,0.8566252379079573,False,-0.10450760413257189,False,0.8273467471903557,False,False
327,1569592048170181120,24.646782963260605,7.019999471396011,1.0,0.8623992918126951,False,-0.08410180613440306,False,0.9470669619957045,False,False
328,1569592048236922624,24.495638509167712,7.016875086292271,0.97,0.8621139540303808,False,-0.07639512266022339,False,0.7638808882390185,False,False
329,1569592048303667712,23.567002198072856,7.015517872368352,0.99,0.8353279142187903,False,-0.07385761605746319,False,0.8136441193562917,False,False
330,1569592048370417408,22.488724043621744,7.0142197627101925,0.98,0.785707226319687,False,-0.07481410848527005,False,0.7594816397649069,False,False
331,1569592048437168384,22.727510586644772,7.013919616536727,0.985,0.7578090610060347,False,-0.07611551318583215,False,0.7660662747376769,False,False
332,1569592048503926272,21.994083230062596,7.014108832971774,0.985,0.7172827577868687,False,-0.07662816290603874,False,0.7706755192186155,False,False
333,1569592048570793728,21.68275465929505,7.013379566383809,0.995,0.6800011943574672,False,-0.07852225096586725,False,0.862898731728749,False,False
334,1569592048637556736,21.170612492900172,7.019424732259979,1.0,0.6392417753863532,False,-0.06712198495784842,False,0.9719533511725789,False,False
335,1569592048704312064,20.402382825130328,7.020655079587904,0.995,0.5887162252081497,False,-0.0565517032164682,False,1.0037932140965233,False,False
336,1569592048771051520,20.942470546531197,7.023676949341505,1.0,0.5688107292154779,False,-0.04279094355017733,False,1.0705794888300182,False,False
337,1569592048837795584,20.94064543138556,7.025626916978753,0.99,0.5548246300632415,False,-0.029053390089887464,False,1.0283331397699922,False,False
338,1569592048904686336,21.45888255893891,7.021503633863217,1.0,0.559871180327621,False,-0.028117332183269627,False,1.0877574368014469,False,False
339,1569592048971430656,20.81954831613752,7.019745574567922,1.0,0.5451000077045816,False,-0.031163112839181134,False,1.1293544447234662,False,False
340,1569592049038178816,19.98865314973981,7.024518930614224,1.0,0.5109721541439294,False,-0.02324641297638172,False,1.1584723502688807,False,False
341,1569592049104936192,20.071541023025517,7.020189027283697,0.98,0.4894556869950421,False,-0.026819924147922676,False,1.0008614014037205,False,False
342,1569592049171669504,19.56629380025134,7.023728804903716,0.995,0.45992923354115295,False,-0.021869533206957503,False,1.0240288492583198,False,False
343,1569592049238552576,18.913828994425284,7.0249786549669615,0.995,0.4205810381324268,False,-0.01577310735595276,False,1.040246062756542,False,False
344,1569592049305301504,19.523726383145785,7.025107673299905,1.0,0.410498299590399,False,-0.011234003185597093,False,1.0960964828920365,False,False
345,1569592049372045056,19.485554231668285,7.0279085816791085,1.0,0.40234753669583345,False,-0.0021602300186851853,False,1.1351917769868785,False,False
346,1569592049438801664,19.172286209789668,7.030191765997621,1.0,0.3876733261658332,False,0.008997912075184597,False,1.1625584828532685,False,False
347,1569592049505555200,19.61124216205965,7.028279776555015,1.0,0.3899684257334901,False,0.012783540565128574,False,1.1817151769597416,False,False
348,1569592049572467968,19.669432204328984,7.026697423011999,1.0,0.39324094161241907,False,0.012102350546039604,False,1.1951248628342739,False,False
349,1569592049639176960,19.55676858556167,7.032448585516365,1.0,0.3923062105615283,False,0.02373271684947271,False,1.2045116429464446,False,False
350,1569592049705929216,19.651222906625655,7.028022511880529,1.0,0.3943560696663539,False,0.022556316934269852,False,1.211082389024968,False,False
351,1569592049772674304,19.818444379779454,7.041578327858311,0.995,0.40057842201609434,False,0.0502701919753633,False,1.1711835405931939,False,False
352,1569592049839433728,19.53827490939391,7.035793886154932,1.0,0.39691298393269325,False,0.05749264667390562,False,1.187752717377689,False,False
353,1569592049906293248,19.541958871782544,7.0330536782388915,1.0,0.3944526469188609,False,0.05677974976834684,False,1.1993511411268358,False,False
354,1569592049973048576,19.28742397901432,7.037408511909364,1.0,0.38544322893908073,False,0.065448405720097,False,1.2074700377512406,False,False
355,1569592050039794176,19.252544288016825,7.031146401610005,1.0,0.3781380516166465,False,0.05833363141909604,False,1.2131532653883252,False,False
356,1569592050106544896,19.4274519264845,7.031116868405828,1.0,0.3780319287930343,False,0.05329111686689819,False,1.2171315247342833,False,False
357,1569592050173293568,18.436710631661782,7.032755144945437,1.0,0.34959331083349826,False,0.05321021429584354,False,1.2199163062764544,False,False
358,1569592050240048128,18.958454172503373,7.035790875042951,1.0,0.34462348445253593,False,0.0595443233827872,False,1.2218656533559717,False,False
359,1569592050306918144,18.664371972358797,7.03742722398168,0.995,0.3327252081079463,False,0.0674229994233587,False,1.1787318256248978,False,False
360,1569592050373666560,19.067492307867013,7.030357646858986,0.98,0.33593750928468086,False,0.0580553808055642,False,1.015043034152933,False,False
361,1569592050440419328,18.57948248806473,7.034002226345899,0.99,0.32421469021829785,False,0.05917052272759209,False,0.9894576214960332,False,False
362,1569592050507171072,19.637541389994556,7.061674421217309,0.965,0.34630031177025783,False,0.11820591466267452,False,0.7490559792025144,False,False
363,1569592050573931264,19.22404769132915,7.093754666066909,0.96,0.3499221690424553,False,0.22706519499419223,False,0.5362764589103132,False,False
364,1569592050640792832,21.130876890664283,7.1207884739494105,0.96,0.40704885108857464,False,0.3601775679536651,False,0.38733079470576903,False,False
365,1569592050707550720,25.785059330189345,7.138866316716399,0.94,0.5802839940856095,False,0.4914132384440773,False,0.10507534701563989,False,False
366,1569592050774295040,26.0011107181674,7.163416905736386,0.98,0.7077340164789632,False,0.6349614760629491,False,0.26348349912644864,False,False
367,1569592050841042176,24.203377464213148,7.169139627505837,0.935,0.7454810020050531,False,0.7474925690096317,False,-0.026116130576622456,False,False
368,1569592050907798528,21.888962532823548,7.142635727477829,0.915,0.7056435736616774,False,0.770469005724728,False,-0.40682935411572374,False,False
369,1569592050974682112,20.559213661368048,7.1018127019706405,0.97,0.6396874572436043,False,0.7006129285749022,False,-0.18384653303898138,False,False
370,1569592051041417984,18.666598351213693,7.058856633307333,0.96,0.539333728959577,False,0.5612836641542785,False,-0.1167552996587332,False,False
371,1569592051108167424,17.491463219829864,7.024970160914934,0.965,0.43544270168573423,False,0.39241624933716174,False,-0.025293065605824058,False,False
372,1569592051174920448,17.343974438570744,6.995931638160535,0.96,0.3584964668098897,False,0.21307790807422888,False,-0.005767872455522417,False,False
373,1569592051241678848,16.636405526243614,6.973043372705053,0.9639175257731959,0.2843768267235427,False,0.03935728170812541,False,0.042764465555790644,False,False
374,1569592051308543488,16.4353977900856,6.958210375638647,0.945,0.22673834714102373,False,-0.11347320049356945,False,-0.09162271270260694,False,False
375,1569592051375292416,15.56176888702053,6.935255936623301,0.95,0.16137993733201972,False,-0.26877763239228203,False,-0.14119536679674555,False,False
376,1569592051442044928,15.721128519477416,6.910675765271888,0.9629629629629629,0.12019142163497967,False,-0.42923627895987465,False,-0.060530078437769155,False,False
377,1569592051508798208,15.381102773493577,6.881035176066925,0.9791666666666666,0.08162472647148553,False,-0.6039559372476455,False,0.14014330619460846,False,False
378,1569592051575571712,15.256215296954155,6.889441299677811,0.95,0.05105258593824615,False,-0.7085633429276084,False,0.02104084643130491,False,False
379,1569592051642432512,14.44272812169287,6.890325691809523,0.9807692307692307,0.006362435237365869,False,-0.7799267273448501,False,0.21150525189999256,False,False
380,1569592051709174016,14.511929364062647,6.8913809229351735,0.9815950920245399,-0.022939479984438346,False,-0.8276596510241225,False,0.35218023178298347,False,False
381,1569592051775921664,14.111812912938088,6.882826625384004,0.9877300613496932,-0.05490591584050314,False,-0.8790809846874099,False,0.505251945537567,False,False
382,1569592051842703360,13.48074398895464,6.880554423367184,0.9662921348314607,-0.09534954760294938,False,-0.9198592994698167,False,0.4216115849731061,False,False
383,1569592051909417984,13.484212699695417,6.8945718154938,0.9830508474576272,-0.1235607827183267,False,-0.9188950666043897,False,0.512210413912314,False,False
384,1569592051976183040,13.239328723235742,6.905195306810555,0.9941176470588236,-0.15031952939507137,False,-0.8958558030394371,False,0.6741205043637355,False,False
385,1569592052043048448,12.64204409823969,6.917180631705072,1.0,-0.18615055441490969,False,-0.8544971209792589,False,0.8398085920170664,False,False
386,1569592052109794304,13.038160023079607,6.919932650091947,0.9828571428571429,-0.19989170940795606,False,-0.8197525652433001,False,0.8032244110198703,False,False
387,1569592052176563712,12.87401019379041,6.937559498108411,0.9942857142857143,-0.21421002954880622,False,-0.7583237893532843,False,0.8793260458915191,False,False
388,1569592052243298816,12.7085151228267,6.936681212127597,0.9820359281437125,-0.22897087875940195,False,-0.7171725912772536,False,0.8235780853856624,False,False
389,1569592052310043904,13.330460040804251,6.950917092057466,0.9864864864864865,-0.22149756139023707,False,-0.6583977445095905,False,0.8241630320115039,False,False
390,1569592052376951552,13.596579642404448,6.954371914711071,1.0,-0.20864739386177533,False,-0.6099823480204373,False,0.9448383613705063,False,False
391,1569592052443685888,14.06276455802628,6.95420343925722,0.9855072463768116,-0.18630568068304432,False,-0.5764462406683145,False,0.9003303073225724,False,False
392,1569592052510436352,12.61617828520543,6.95464895743584,0.9777777777777777,-0.21208138310659563,False,-0.5520330721161598,False,0.8003849177027541,False,False
393,1569592052577167872,12.429818077773184,6.957421247510341,0.995,-0.2354597563195813,False,-0.5291077004006455,False,0.8836953106676447,False,False
394,1569592052643930624,12.929481692013653,6.9522649521035405,0.985,-0.23751954649895077,False,-0.523914840609754,False,0.8530158443695937,False,False
395,1569592052710806016,13.158375230430147,6.944075283260611,0.985,-0.23240831422639607,False,-0.5375205188698522,False,0.8315402179609562,False,False
396,1569592052777558528,12.770797016682632,6.95512241137686,0.9682539682539683,-0.23992658458329383,False,-0.5237883638033881,False,0.6674730538415514,False,False
397,1569592052844293888,13.113723747395712,6.938522709271403,0.995,-0.23537158619610485,False,-0.5491211209901058,False,0.7906570059648025,False,False
398,1569592052911044352,13.186402297953128,6.9299908011274525,0.97,-0.2301023437981529,False,-0.5848152045046388,False,0.654393919017389,False,False
399,1569592052977800960,13.689783371149193,6.915682216480619,0.97,-0.21200237441859665,False,-0.6399231271785977,False,0.5590097581541982,False,False
400,1569592053044684288,13.472737398828734,6.909784334240758,0.955,-0.20554629250447853,False,-0.6909147429789745,False,0.3587457334897538,False,False
401,1569592053111437056,14.885796040428012,6.895056918122769,0.98,-0.16057200958806386,False,-0.7576126514888339,False,0.44105276965833196,False,False
402,1569592053178195456,14.813800020026282,6.897227827577958,0.9246231155778895,-0.131151214642479,False,-0.7997310447219367,False,0.0058314688779969445,False,False
403,1569592053244931584,15.011834407078396,6.894560340568715,0.98,-0.1048870518688608,False,-0.8348294449979012,False,0.1940127844301035,False,False
404,1569592053311673344,15.134405114847304,6.884998598331407,0.995,-0.08299301171575574,False,-0.8795274589088166,False,0.45923481737678795,False,False
405,1569592053378560512,15.281703933675393,6.883411127071036,0.955,-0.06345010633545574,False,-0.9141579722953959,False,0.28890327494556695,False,False
406,1569592053445328384,14.99374931528117,6.8865804003619475,1.0,-0.05801404143867247,False,-0.9317274590848817,False,0.5701565314243504,False,False
407,1569592053512087040,15.846184304280971,6.881708276102917,0.99,-0.029804091020558064,False,-0.9542827704594097,False,0.6780370695860274,False,False
408,1569592053578799360,16.161505823479022,6.8793206318786355,1.0,-0.0010296588213733393,False,-0.975097895604311,False,0.8425501876726746,False,False
409,1569592053645558016,16.49829378389425,6.860869244312708,0.98,0.028754482025146914,False,-1.0285118695232796,False,0.7797158875863763,False,False
410,1569592053712307712,17.858729759410824,6.86293059373887,0.98,0.08855185067021215,False,-1.0615621514967013,False,0.7357318775259648,False,False
411,1569592053779178752,17.164915779277223,6.85356718801348,0.98,0.11054652854807376,False,-1.1044089496745022,False,0.704943070483676,False,False
412,1569592053845939456,18.56733125186214,6.867131050708482,0.995,0.16609312106221433,False,-1.1058474136751875,False,0.8168860176142887,False,False
413,1569592053912670976,19.41373362480469,6.855883684678597,0.98,0.2292077306151062,False,-1.130532004027522,False,0.7617509685455035,False,False
414,1569592053979428096,19.75429238851325,6.84307124884945,1.0,0.2831379514570433,False,-1.1747836274954508,False,0.9011499169443086,False,False
415,1569592054046180352,20.72662762497705,6.878833278558682,1.0,0.34872648356357483,False,-1.130474459198256,False,0.9987291808234728,False,False
416,1569592054113043968,20.565619439430726,6.881236866981915,1.0,0.3900288877778123,False,-1.0943980688901311,False,1.0670346655388885,False,False
417,1569592054179801344,20.306127946202977,6.894500663713454,0.99,0.41151148414469096,False,-1.0412219920957355,False,1.0258517634662008,False,False
418,1569592054246560768,21.419525092617977,6.894284243272669,0.995,0.4584251974129341,False,-1.0044543410827216,False,1.0415221027020587,False,False
419,1569592054313296128,22.70340450115104,6.887548664137208,0.98,0.5280214979304593,False,-0.9928965532514415,False,0.9189962281069437,False,False
420,1569592054380051712,22.921466866171215,6.880413177056152,0.99,0.5829819036606938,False,-0.9998275455641115,False,0.9222248572638421,False,False
421,1569592054446927360,24.719574101435843,6.91414218524993,0.995,0.6729329246828348,False,-0.9336738000393898,False,0.9689832683604056,False,False
422,1569592054513676288,25.95371244741008,6.906850481030585,0.995,0.7712312836931662,False,-0.9027164862664355,False,1.001714156128001,False,False
423,1569592054580436224,25.36366811512225,6.896909294970728,0.965,0.8231475179134133,False,-0.9019742957146002,False,0.7576355534448903,False,False
424,1569592054647201280,25.576885619582374,6.894655950592678,0.97,0.8655931717691971,False,-0.9061984449305228,False,0.6312789022534511,False,False
425,1569592054713931264,26.756145053792096,6.912383674588318,0.965,0.929066623271735,False,-0.8718354009911693,False,0.4983308757327049,False,False
426,1569592054780810240,27.002563552874534,6.894000067830338,1.0,0.980552853886358,False,-0.8864819661383962,False,0.716755851975348,False,False
427,1569592054847565568,27.506146031187637,6.903929833768859,0.985,1.0310104811258831,False,-0.8758306739978071,False,0.7361582232849863,False,False
428,1569592054914294272,27.8159727515195,6.895209077300954,0.965,1.075200974287887,False,-0.8867334816154149,False,0.5717464004547795,False,False
429,1569592054981049600,27.8906441929001,6.887143317183317,0.98,1.1082721183030924,False,-0.9113452776013781,False,0.5901532365338468,False,False
430,1569592055047793152,28.7231225073801,6.8996230456406185,0.975,1.155255276423013,False,-0.9023015315683245,False,0.5585396511024593,False,False
431,1569592055114668032,28.71310230367195,6.912780060703835,0.995,1.187856614654986,False,-0.8682730997869514,False,0.7144036240474381,False,False
432,1569592055181437440,29.291875221432097,6.910410272474511,0.99,1.2272474746333566,False,-0.8494420147415965,False,0.7790100344221828,False,False
433,1569592055248175104,29.554874083916104,6.931358024851152,0.99,1.2623505770898649,False,-0.7921615859285945,False,0.82423452168451,False,False
434,1569592055314917376,29.336790461561023,6.919739621322769,0.95,1.280679144856642,False,-0.7765240499057398,False,0.4999046972742373,False,False
435,1569592055381680896,30.083499360115052,6.916075568201704,0.985,1.3148869724130463,False,-0.7732912450377631,False,0.5843624149942062,False,False
436,1569592055448429824,30.55259385520322,6.897163274850525,0.98,1.3522623471349824,False,-0.8108419549469242,False,0.5989844467114463,False,False
437,1569592055515300864,29.422570712151526,6.8950145073733,0.98,1.34607322126782,False,-0.8416509818848801,False,0.6092198689135184,False,False
438,1569592055582044416,28.96053232869783,6.878875540576276,0.96,1.3285129499932657,False,-0.8971926383588934,False,0.43839118170801733,False,False
439,1569592055648796416,28.45408653502788,6.864175916115588,0.98,1.3017215192819873,False,-0.9670170690584752,False,0.4968045834111187,False,False
440,1569592055715552256,28.821630071042843,6.866111180984848,0.975,1.2934900698652612,False,-1.0118201007431384,False,0.4931955939165504,False,False
441,1569592055782296832,27.95369783196344,6.866336750858039,0.97,1.262879673262376,False,-1.042707359029668,False,0.4461709305836125,False,False
442,1569592055849167104,28.613688782589552,6.899001709136549,0.975,1.2603475426652813,False,-0.9955630101884271,False,0.45775203693729405,False,False
443,1569592055915951360,29.10288314382405,6.887515392535205,0.985,1.272580393851666,False,-0.9867426641458298,False,0.5548555527583459,False,False
444,1569592055982683136,29.131284788602418,6.888281753426077,0.985,1.2819565118216554,False,-0.9789550986883501,False,0.6228280138330838,False,False
445,1569592056049426944,29.961246226781427,6.8785443229752845,0.995,1.312281095043533,False,-0.9940027908921252,False,0.7594054779588771,False,False
446,1569592056116168448,29.86941039193365,6.8977779725057395,0.99,1.3308790981560201,False,-0.9640459913584584,False,0.8105113321601918,False,False
447,1569592056183075072,30.860507607065866,6.903696279777959,0.965,1.3722722221038113,False,-0.9306171635037416,False,0.6237935766674254,False,False
448,1569592056249801472,30.962987263856423,6.893475911219689,0.995,1.4041813402799377,False,-0.9287326409064759,False,0.7600813719429156,False,False
449,1569592056316550144,30.811785717082575,6.902492945647316,1.0,1.422188912958213,False,-0.9084310462353055,False,0.8999811993224974,False,False
450,1569592056383293952,30.812990705692176,6.905616381426319,0.985,1.4348287119377456,False,-0.8876445533349601,False,0.8644159664279896,False,False
451,1569592056450050048,32.330305671312644,6.925746005758798,1.0,1.4871163931350961,False,-0.830717641130171,False,0.9730154154620503,False,False
452,1569592056516920576,32.377857436855216,6.933600628255588,0.99,1.5250791486411903,False,-0.7743334534196561,False,0.9600382884124113,False,False
453,1569592056583691264,33.2987705383427,6.921818335296335,1.0,1.578018269977684,False,-0.7596683019812545,False,1.0399510408511454,False,False
454,1569592056650417920,35.27424314433916,6.921723010461955,1.0,1.6716322566342134,False,-0.7496033713628324,False,1.0958899675582594,False,False
455,1569592056717176064,35.366506354300036,6.919621214702472,0.995,1.7398034879310356,False,-0.746982566279944,False,1.0905488455664996,False,False
456,1569592056783936000,35.807600197859344,6.924526847536383,0.995,1.8001516033291594,False,-0.7348207907104323,False,1.0868100601722679,False,False
457,1569592056850793728,36.66053666886972,6.9235743686469995,0.995,1.8668143462288833,False,-0.7283126818607711,False,1.0841929103963033,False,False
458,1569592056917561344,36.50949044566022,6.931520882241811,0.99,1.9091539030346252,False,-0.7070282097238055,False,1.0378625348663906,False,False
459,1569592056984329216,37.702740858349706,6.918410530689904,1.0,1.9729536399660048,False,-0.7197286539628919,False,1.0944280133689255,False,False
460,1569592057051054592,40.934048795039914,6.904845495979087,1.0,2.110123873557254,False,-0.7571757269515591,False,1.1340238483207048,False,False
461,1569592057117799680,42.31042407176616,6.9228783800505695,1.0,2.245547839804472,False,-0.7454263145137652,False,1.1617409327869495,False,False
462,1569592057184570880,45.22303423642356,6.919459965845559,0.995,2.4237309069066373,False,-0.7443980834299667,False,1.136644521226582,False,False
463,1569592057251426816,43.99846736746285,6.927423077712323,0.975,2.513400435257831,False,-0.7269145834740941,False,0.9410835503873738,False,False
464,1569592057318189824,44.840775945869254,6.913224595904042,0.99,2.600283897002322,False,-0.7445664120561797,False,0.9376859828601404,False,False
465,1569592057384938752,46.680957917205795,6.906871621570144,0.995,2.713785631817411,False,-0.7702968101582912,False,0.9798060562778158,False,False
466,1569592057451689984,48.61986855887517,6.887915973637437,0.99,2.8487467006909473,False,-0.8282130310959738,False,0.9647917369834501,False,False
467,1569592057518418688,47.71213859693069,6.879857584408809,0.985,2.917231681837436,False,-0.8857186994000995,False,0.9097833427906565,False,False
468,1569592057585315584,50.39236684289377,6.845555369915425,0.99,3.0419045037255343,False,-0.9981848065089157,False,0.9157758375424356,False,False
469,1569592057653380864,52.49791746325656,6.863251930667932,1.0,3.1894561366871828,False,-1.0396567371521444,False,1.0089673252421585,False,False
470,1569592057718804224,55.072559798737736,6.860804881410419,0.995,3.3664527532438915,False,-1.0738385537324961,False,1.029702995945227,False,False
471,1569592057785545472,55.7550330185842,6.8389451296626005,0.995,3.509889185808571,False,-1.143784412228878,False,1.0442179654373756,False,False
472,1569592057852307200,60.7046487864653,6.826905826142966,0.99,3.7519992340408352,False,-1.2180913451536917,False,1.0098800733951425,False,False
473,1569592057919172864,59.44405081466427,6.838594249054639,0.975,3.8853861002126284,False,-1.2455000310508217,False,0.8523484369053671,False,False
474,1569592057985922816,62.17415249094026,6.804094937744238,0.995,4.0569180881631635,False,-1.3373131736222723,False,0.9200697741094731,False,False
475,1569592058052697600,63.121542893685394,6.813129611132961,0.995,4.204113701543762,False,-1.382562811482187,False,0.9674747101523486,False,False
476,1569592058119430912,64.07926355000669,6.778391642588665,0.945,4.334569601720054,False,-1.487367035495314,False,0.5556744585149846,False,False
477,1569592058186177024,64.61092589288599,6.776058801283801,0.97,4.441109907416838,False,-1.565641029791451,False,0.4899061358025165,False,False
478,1569592058253044480,68.85418419205791,6.790188687323174,0.985,4.637170074076097,False,-1.590686953295168,False,0.5773634219640016,False,False
479,1569592058319792384,67.08461651194162,6.756862493528571,0.99,4.723750524157704,False,-1.6783765453833221,False,0.6830818929637802,False,False
480,1569592058386547712,72.48047649421501,6.771758471816266,0.955,4.938837090185306,False,-1.7084006296531626,False,0.44559622785646186,False,False
481,1569592058453299712,74.2811250481876,6.805638521609673,1.0,5.140949179853519,False,-1.6580940796094927,False,0.6798415984619752,False,False
482,1569592058520060672,76.2670247851544,6.82574789780877,0.98,5.33928276687888,False,-1.5805457532537612,False,0.6658198751388853,False,False
483,1569592058586937856,79.88870149332722,6.845743716015768,1.0,5.581802720486117,False,-1.4841672428425055,False,0.8339981515596733,False,False
484,1569592058653678592,80.46020525090785,6.86005152203732,1.0,5.767928499509565,False,-1.3865818604827478,False,0.9517229450542275,False,False
485,1569592058720426240,83.77828963976033,6.871077092243054,0.99,5.993211320601311,False,-1.295061346140881,False,0.9451335591269354,False,False
486,1569592058787184128,83.58399299406234,6.868273366292873,0.99,6.1453466983580585,False,-1.2368993178271595,False,0.9405209889778309,False,False
487,1569592058853919232,86.0292268363235,6.866092670767207,0.975,6.321847048343183,False,-1.2007766421150978,False,0.8037970778132489,False,False
488,1569592058920803328,86.13209095296611,6.873762213004928,0.985,6.448342231601554,False,-1.1593450461484516,False,0.7970870813715153,False,False
489,1569592058987549696,88.1544567951898,6.885526430328044,1.0,6.594787986970068,False,-1.1055772013769158,False,0.9258851959225178,False,False
490,1569592059054293248,89.43517282666599,6.888116623894364,0.99,6.733966151360591,False,-1.0624869011912,False,0.9270471347347387,False,False
491,1569592059121043712,90.28076037890361,6.899519805868939,0.985,6.8555995333964646,False,-1.0083180057920051,False,0.8833621212165578,False,False
492,1569592059187802880,91.91332372804568,6.903306025410715,1.0,6.9874822151716875,False,-0.9624291270592256,False,0.986277723814044,False,False
493,1569592059254543104,92.51307224269415,6.909005117220364,0.98,7.096970534450726,False,-0.918309330516137,False,0.8803251628853335,False,False
494,1569592059321438976,94.63904426368819,6.901871045309325,0.99,7.2344776680983385,False,-0.9024439375510321,False,0.8951551116087095,False,False
495,1569592059388169472,94.07739668293567,6.9087845119330895,0.97,7.314653026613573,False,-0.8767841104346158,False,0.727542592968122,False,False
496,1569592059454926848,97.5674103502278,6.944585202555206,1.0,7.470692785981585,False,-0.7834555387693901,False,0.8772040540401429,False,False
497,1569592059521668608,97.64015454379758,6.967647291789854,1.0,7.58200324038638,False,-0.6695758217745542,False,0.981967076790555,False,False
498,1569592059588420352,99.186488588321,6.9738925613652505,0.99,7.7041911792914295,False,-0.5767126390696781,False,0.9663044513423672,False,False
499,1569592059655301888,98.87075995532544,6.990164427487695,0.97,7.780683614193405,False,-0.47745329731866887,False,0.7773471307816843,False,False
500,1569592059722047232,99.78756636806442,6.990467329930956,0.955,7.860475939059074,False,-0.4073340956636152,False,0.5115818943289947,False,False
501,1569592059788800768,100.03590425224913,7.010025282475744,0.945,7.9234403318778535,False,-0.317077756067878,False,0.2365494874386369,False,False
502,1569592059855560192,99.17448537983229,6.9871271976811755,0.98,7.942853498640104,False,-0.3021027772528954,False,0.3555153974225528,False,False
503,1569592059922322944,98.18438126816291,6.980557658226481,0.98,7.928096625564073,False,-0.30545031749677554,False,0.43879153441128765,False,False
504,1569592059989175040,99.55147464746273,6.970418791889367,0.98,7.956905881960438,False,-0.3291376761897451,False,0.4970848303034027,False,False
505,1569592060055918080,101.68286026871596,7.000341049887962,0.99,8.038092659734689,False,-0.28272725968784485,False,0.626886878801362,False,False
506,1569592060122667520,103.03884063566043,7.000165507061338,0.985,8.133744312814912,False,-0.25060951637810197,False,0.6732499420631961,False,False
507,1569592060189430528,103.43345776907776,6.994907908008588,0.97,8.211998122987982,False,-0.23919525829997396,False,0.5722089742862678,False,False
508,1569592060256168960,102.85664843778622,6.971594325609497,0.98,8.25026208320184,False,-0.28028443141288384,False,0.5904770382158895,False,False
509,1569592060323043840,105.6894535339398,6.981000541933379,0.96,8.358148374598132,False,-0.2892451280251725,False,0.4252712002196731,False,False
510,1569592060389793280,104.88705585215598,6.958756555510807,0.995,8.410696611827822,False,-0.3423450834941689,False,0.6211157084294886,False,False
511,1569592060456553472,104.99618855547226,6.962590559797374,0.93,8.450604782052682,False,-0.3714438051539707,False,0.1797280452487698,False,False
512,1569592060523315968,111.76278005530925,6.973762779228589,0.96,8.67226397745735,False,-0.3682934414498515,False,0.13774690514268903,False,False
513,1569592060590057472,112.7236700447385,6.99667339573295,0.935,8.85493512116587,False,-0.31785734652193637,False,-0.11413174636525418,False,False
514,1569592060656920576,108.88798054803381,7.008053615812767,0.95,8.872991420662402,False,-0.2585947335931967,False,-0.15695169036060225,False,False
515,1569592060723672576,107.1247811109527,7.006908864358732,0.98,8.835151482727547,False,-0.21952080584766545,False,0.08006457296308045,False,False
516,1569592060790418432,106.22540275252388,7.004166749759378,0.96,8.782914860532465,False,-0.19794168552098368,False,0.06798247454270678,False,False
517,1569592060857169408,105.04938422658321,7.0025807243872755,0.965,8.712680516461944,False,-0.186175161094472,False,0.10402337633518656,False,False
518,1569592060923941376,103.70870687096253,6.9945990587320415,0.97,8.625133683055488,False,-0.19474139115119393,False,0.17375037827666212,False,False
519,1569592060990677248,100.62856189976686,6.998255537830091,0.975,8.475668187417696,False,-0.19304022648124097,False,0.2670576503224288,False,False
520,1569592061057542656,97.1627524538847,7.000074436345298,0.955,8.271818284477458,False,-0.18802031286147985,False,0.15437925800751387,False,False
521,1569592061124293888,96.02308907496726,7.018118008420753,0.96,8.09649547004736,False,-0.14652150968683655,False,0.12000275407381249,False,False
522,1569592061191048704,89.30789035111809,7.019487557046211,0.905,7.781517368203657,False,-0.11458920893914096,False,-0.39354287623389145,False,False
523,1569592061257794560,86.60986155194908,7.024679822303746,0.88,7.483789742612832,False,-0.08130597520160053,False,-0.9755166708829738,False,False
524,1569592061324543744,85.5083028736283,7.014747947013478,0.92,7.2438434371640055,False,-0.07891603988198566,False,-1.0269113616434302,False,False
525,1569592061391421696,80.58761943443649,7.002122688339396,0.94,6.935004793216009,False,-0.10382145484910488,False,-0.8848941624287987,False,False
526,1569592061458181376,74.99479261359691,6.975923080272219,0.935,6.558698448446252,False,-0.17640998606768643,False,-0.8299804936652903,False,False
527,1569592061524918528,73.41694865781118,6.9854504837081155,0.905,6.250111276331829,False,-0.20716511336408597,False,-1.0585311496512622,False,False
528,1569592061591669504,70.38160538041753,6.991855367999101,0.945,5.947200189353758,False,-0.21521030487097934,False,-0.8625296433475451,False,False
529,1569592061658429952,68.35496123805414,7.006989122625216,0.98,5.6771408162018036,False,-0.18898274810469518,False,-0.4138399941277793,False,False
530,1569592061725307904,64.46031085887206,6.997756198336196,0.895,5.376597739019326,False,-0.1900603730023593,False,-0.8562295413484824,False,False
531,1569592061792060928,62.84176687194857,6.997261740634127,0.875,5.1198796366148525,False,-0.1918556300618736,False,-1.3438957071499242,False,False
532,1569592061858792448,57.35128527146589,6.935238954881186,0.775,4.782987753503374,False,-0.32368108261662765,False,-2.57522943694569,False,False
533,1569592061925555712,53.56929941747585,6.882528163906811,0.835,4.438887437465768,False,-0.5269243002240162,False,-2.903182599561869,False,False
534,1569592061992299264,51.832623523363225,6.884062720950204,0.88,4.148297221862596,False,-0.6659640425482529,False,-2.732264477212557,False,False
535,1569592062059194880,48.61066835368746,6.8719559917037385,0.885,3.8526414173388583,False,-0.78877863705771,False,-2.568123420881302,False,False
536,1569592062125940224,46.765242133349645,6.876586809091915,0.905,3.5928489028592283,False,-0.8650001756077149,False,-2.275231198702473,False,False
537,1569592062192681728,47.02072139272316,6.874945252424431,0.96,3.418308361445883,False,-0.9218110154490002,False,-1.5807245656231774,False,False
538,1569592062259423744,45.93163324903129,6.878093177790872,0.85,3.2649500388851367,False,-0.9549516718580591,False,-2.073534077575899,False,False
539,1569592062326193920,48.67435800682005,6.828570603633251,0.91,3.2361217860129785,False,-1.082403780159185,False,-1.8845202877019518,False,False
540,1569592062393051136,46.464336245619556,6.81622851916835,0.96,3.152670404950092,False,-1.1976024946022132,False,-1.307226927922815,False,False
541,1569592062459804416,47.747131477521414,6.819126292979988,0.895,3.130980100105927,False,-1.272141275848826,False,-1.4816003950050087,False,False
542,1569592062526548480,53.24432712102882,6.843023055809228,0.945,3.2731783171881257,False,-1.274011572518544,False,-1.1586781150951666,False,False
543,1569592062593303296,54.28618351512867,6.833884772821097,0.92,3.4025447959147974,False,-1.2945584583900687,False,-1.1551243725919633,False,False
544,1569592062660046080,56.35932353484617,6.83882606811995,0.96,3.5524540925100543,False,-1.298538990785102,False,-0.7966497873458245,False,False
545,1569592062726799872,59.7664539494587,6.849767108195766,0.915,3.754934710475707,False,-1.2782925674259762,False,-0.9462029138541619,False,False
546,1569592062793667328,58.84728391586738,6.8174050410305815,0.9,3.8703558535630185,False,-1.3322478621385427,False,-1.1843852144702116,False,False
547,1569592062860425216,56.490501179360045,6.792699905744461,0.915,3.883677370537653,False,-1.4220251835356443,False,-1.2176177128412302,False,False
548,1569592062927180288,60.15733007294832,6.799050318200433,0.945,3.9979815552303926,False,-1.4715005836184458,False,-0.9738902375805228,False,False
549,1569592062993929728,58.785904649143774,6.806163193334753,0.805,4.038731393116974,False,-1.4911595219702682,False,-2.0492353841266784,False,False
550,1569592063060667392,60.78235571803736,6.843417539280589,0.925,4.124413482231081,False,-1.4264938883503897,False,-1.734016090227284,False,False
551,1569592063127547904,63.18117827892503,6.855976911898755,0.945,4.253067802879514,False,-1.354788276755186,False,-1.3353691017507585,False,False
552,1569592063194296320,60.51112904760997,6.8482649848890595,0.895,4.266683911362257,False,-1.320829298938081,False,-1.5012999166845638,False,False
553,1569592063261042432,65.33084951707629,6.8349556328043555,0.975,4.414200907866817,False,-1.3250765200020715,False,-0.9054775561504274,False,False
554,1569592063327797760,64.87699655442748,6.816539094060595,0.98,4.504469265964946,False,-1.3668195982207028,False,-0.44390353308979746,False,False
555,1569592063394546176,68.55652745423417,6.81165062222159,0.98,4.6729998903014325,False,-1.406330838100353,False,-0.12080171694735752,False,False
556,1569592063461422848,66.81483676589171,6.802708961344173,0.955,4.741107762394223,False,-1.4528124604107775,False,-0.11712229908133652,False,False
557,1569592063528167168,67.83837245894803,6.805009326363454,0.92,4.818086488891471,False,-1.4805069267818762,False,-0.42603530138228257,False,False
558,1569592063594919168,64.61613662271802,6.764174348371757,0.91,4.779720908522086,False,-1.5858577981548618,False,-0.7312711443664219,False,False
559,1569592063661671936,60.88055284170405,6.728705324049029,0.915,4.64591746805987,False,-1.734271885440566,False,-0.9004378637685817,False,False
560,1569592063728444672,62.54682906013835,6.735479074326999,0.89,4.599959553413972,False,-1.8239018217557277,False,-1.241346420783781,False,False
561,1569592063795298560,60.83298024368036,6.700316957422716,0.9,4.5187225443947385,False,-1.9606651609009114,False,-1.390985669320944,False,False
562,1569592063862045184,56.105851738621176,6.682363058383464,0.93,4.3265217701954795,False,-2.0941955845749693,False,-1.2287429191765327,False,False
563,1569592063928800512,55.08082707461794,6.693439849452802,0.9,4.162635383874128,False,-2.164348305612709,False,-1.382163218195872,False,False
564,1569592063995545088,59.61963295767983,6.722176962526322,0.87,4.177858217060678,False,-2.1529585793525867,False,-1.756547651629835,False,False
565,1569592064062305280,56.04136568483643,6.69900068666327,0.885,4.086070543827925,False,-2.1937758705515606,False,-1.8851216429733981,False,False
566,1569592064129167872,59.53362371820978,6.76036754305909,0.935,4.121800435833784,False,-2.0931600473821512,False,-1.5301397300465158,False,False
567,1569592064195928832,58.70221488233695,6.799223480275918,0.89,4.1230086214628505,False,-1.9409304519654467,False,-1.6821377271783362,False,False
568,1569592064262669568,58.010768641321214,6.783138137478497,0.88,4.104058658187359,False,-1.8682321849270833,False,-1.877533066544085,False,False
569,1569592064329422592,59.54543596243702,6.819339947423688,0.885,4.134730293387905,False,-1.741132279239049,False,-1.9698114334133716,False,False
570,1569592064396185088,62.806265712595064,6.811212572184752,0.9,4.249556047668138,False,-1.6692718864789629,False,-1.9009111781616577,False,False
571,1569592064463044608,61.584677054468585,6.777384174677052,0.92,4.294960721442728,False,-1.6901842835166916,False,-1.6746875167385091,False,False
572,1569592064529793024,63.52322329073509,6.748424610516583,0.945,4.382243414878711,False,-1.7657878907338413,False,-1.2938391003086158,False,False
573,1569592064596546816,66.69558872476141,6.774551349618251,0.895,4.534164229349596,False,-1.7637090769153867,False,-1.472228915675069,False,False
574,1569592064663293696,66.83712480777486,6.777778704807007,0.935,4.644560893065248,False,-1.755459762144552,False,-1.2411148209376834,False,False
575,1569592064730046720,64.39063245663516,6.833309900653976,0.89,4.651796941752704,False,-1.6327823972220352,False,-1.4798202908021534,False,False
576,1569592064796793344,59.680246961192424,6.8272308583564625,0.895,4.522006650320993,False,-1.5597056851966933,False,-1.602415749020541,False,False
577,1569592064863690496,58.826357603961284,6.813865111901359,0.87,4.406707103633951,False,-1.5366892122923617,False,-1.9107244232071032,False,False
578,1569592064930427392,59.08600868591019,6.7935122167727116,0.85,4.333431076465951,False,-1.5634240723688184,False,-2.3045339778846485,False,False
579,1569592064997167872,57.39101545993294,6.765919196567879,0.865,4.2336112129834405,False,-1.640226590541219,False,-2.446705554098715,False,False
580,1569592065063916800,55.19537177338512,6.712484848584625,0.865,4.1008773401895855,False,-1.8064769676776735,False,-2.5462256574485607,False,False
581,1569592065130682880,50.332177351022935,6.698734634158683,0.87,3.868733275341678,False,-1.9517988292657902,False,-2.5713913591067175,False,False
582,1569592065197554176,48.38412593759951,6.708070549038902,0.83,3.6504608806051877,False,-2.03387040460094,False,-2.944994315761327,False,False
583,1569592065264316160,43.29736975436524,6.690935570881287,0.845,3.3520394106083433,False,-2.1273926224402038,False,-3.073021273359345,False,False
584,1569592065331046656,43.714586462637456,6.659095218214168,0.92,3.1550890469678268,False,-2.259887666054937,False,-2.4951645833768876,False,False
585,1569592065397808640,44.97262856558456,6.666641497949751,0.93,3.053240787010346,False,-2.3367479626647834,False,-2.0016681590156917,False,False
586,1569592065464551168,44.46411926532865,6.661851845644511,0.93,2.9673886872589916,False,-2.400633223078599,False,-1.6562206619628563,False,False
587,1569592065531418112,47.37571230481923,6.703305669452899,0.895,2.9906493884756644,False,-2.358085382165736,False,-1.725896008833036,False,False
588,1569592065598181120,46.84158820542193,6.707721998019837,0.94,2.991640225134056,False,-2.319004752267415,False,-1.3741834154615262,False,False
589,1569592065664923648,47.34813438511678,6.678195366945239,0.925,3.0068359256060027,False,-2.353807015305331,False,-1.261479712161681,False,False
590,1569592065731667712,44.86390005240003,6.660201413777088,0.855,2.9463507696152393,False,-2.4160490066258014,False,-1.8055643094661147,False,False
591,1569592065798433024,39.483797598555775,6.631424512130401,0.885,2.7499820380858506,False,-2.5201987934170753,True,-1.9194333034587934,False,True
592,1569592065865293056,42.061071182156866,6.626214953644968,0.775,2.6863097305621437,False,-2.6040706726435214,True,-2.9781057543618976,True,True
593,1569592065932049408,38.20902310968654,6.603996634337703,0.82,2.5314572779349653,False,-2.7095544221917387,True,-3.3186911338134313,True,True
594,1569592065998803456,35.158963103398875,6.557683059751611,0.835,2.3357391634328732,False,-2.880891192365429,True,-3.423605787369288,True,True
595,1569592066065543168,34.67537520491561,6.52144350963642,0.875,2.1848916503596127,False,-3.077117499882944,True,-3.1410590793644877,True,True
596,1569592066132295424,31.199987496592346,6.53664946471289,0.815,1.9798001152772926,False,-3.1824647297938555,True,-3.4772568320019834,True,True
597,1569592066199175680,33.06178789366725,6.498745837412152,0.78,1.889538274940336,False,-3.3360015315988507,True,-4.024083853655392,True,True
598,1569592066265917696,31.394885056268723,6.42927563959432,0.785,1.7786325532998408,False,-3.5897241657196037,True,-4.362364398126039,True,True
599,1569592066332669696,32.458465020027546,6.42658190108807,0.785,1.7314482077550428,False,-3.7730007985929235,True,-4.599160779255493,True,True
600,1569592066399430656,30.823818043327886,6.4057631893784865,0.865,1.651620198510135,False,-3.945121457793649,True,-4.052944315058309,True,True
601,1569592066466176512,27.812088188422884,6.3603683145483005,0.75,1.5095165637337669,False,-4.161170041637702,True,-4.694055315915247,True,True
602,1569592066532917760,28.071906974968858,6.4115141870086365,0.81,1.417482476185764,False,-4.204733075697161,True,-4.608852568274249,True,True
603,1569592066599794944,29.524288390469266,6.412075512982246,0.9,1.3946394280271217,False,-4.23404551054303,True,-3.7482399725642725,True,True
604,1569592066666558720,28.706981889253946,6.360361331040819,0.88,1.3552502969658204,False,-4.363431580062514,True,-3.3238046383142392,True,True
605,1569592066733293312,33.512035036685326,6.470133728022496,0.89,1.4652437091133452,False,-4.222911803234747,True,-2.93770316296574,True,True
606,1569592066800043008,32.546368378909456,6.45163987848017,0.93,1.5145926375273748,False,-4.163480735632947,True,-2.311445164727888,True,True
607,1569592066866792448,32.02773904459492,6.424586508179698,0.89,1.5342888391007523,False,-4.178831047338042,True,-2.2290515314552963,True,True
608,1569592066933672448,32.5731824045848,6.476183108176085,0.885,1.5636918980706724,False,-4.080956430889343,True,-2.2158743588512184,True,True
609,1569592067000431104,35.7996224718841,6.478852027424853,0.93,1.6766450928934489,False,-4.006825659248672,True,-1.806165001847724,True,True
610,1569592067067201536,40.08627757249865,6.4948618155004905,0.91,1.8784367064664074,False,-3.9212307252030203,True,-1.6973619346922293,True,True
611,1569592067133924352,44.164604257551794,6.593805971430376,0.82,2.13645089496018,False,-3.653019580312439,True,-2.422170460044662,True,True
612,1569592067200677888,40.65706226931097,6.599299692505808,0.875,2.216641993130851,False,-3.4537065386440133,True,-2.440054350237252,True,True
613,1569592067267543296,36.64335620689452,6.6430327996807925,0.9,2.157865752717249,False,-3.2221215975801436,True,-2.2300812199383753,False,True
614,1569592067334294016,36.25774511633078,6.651352113268191,0.84,2.1056825690427874,False,-3.04249853394163,True,-2.6170804769700133,False,True
615,1569592067401054208,37.27452577541147,6.659508877910436,0.855,2.0982641639117334,False,-2.899590978357535,True,-2.7544848448319468,False,True
616,1569592067467802368,40.42422387732616,6.680082901729731,0.905,2.183245257195506,False,-2.7562437839096496,True,-2.405684195467922,False,True
617,1569592067534555648,38.35895143397276,6.732334374900451,0.865,2.1836045050233883,False,-2.5459022909982822,True,-2.5175107064070064,True,True
618,1569592067601423104,37.516640733364966,6.740274419309662,0.68,2.15974112584689,False,-2.381948068781189,True,-4.242228979473662,True,True
619,1569592067668175616,34.60565879272156,6.681020559867687,0.835,2.059697084776004,False,-2.39191981342176,True,-4.070082279331451,True,True
620,1569592067734918912,34.70267777636428,6.734107020686442,0.905,1.9924438516258365,False,-2.2871437833613424,True,-3.326602399617573,True,True
621,1569592067801668608,38.76940769428123,6.751026106828689,0.915,2.0617946388914183,False,-2.1781829375298685,True,-2.717169742444386,True,True
622,1569592067868443136,41.32834649863073,6.777760395838611,0.92,2.1836010807366604,False,-2.045630008143834,True,-2.2460685117364183,True,True
623,1569592067935301888,46.32037764665518,6.859161326638393,0.69,2.4117844624847535,False,-1.7814798126412323,True,-3.9632227018307744,True,True
624,1569592068002042880,42.92557417558157,6.849182301819074,0.785,2.474321632396078,False,-1.6175822620614004,True,-4.319761591848811,True,True
625,1569592068068757248,40.354946286204864,6.863935156664509,0.845,2.444502109046545,False,-1.4717966462514853,False,-4.035358366620582,True,True
626,1569592068135549184,39.23052414074399,6.931396197759853,0.795,2.3914369077476287,False,-1.2277294673603716,False,-4.281259815828196,True,True
627,1569592068202297088,44.18322797248417,6.9564764319278165,0.89,2.4960842217006642,False,-1.0040841785241756,False,-3.6079217872255107,True,True
628,1569592068269167616,44.727136925635065,6.957050674988334,0.84,2.5849091301843004,False,-0.8463235946241097,False,-3.5815688740710088,True,True
629,1569592068335918848,43.89688361846087,6.966530626870471,0.845,2.6233169094448194,False,-0.7159342351274189,False,-3.51862346417612,True,True
630,1569592068402676224,45.252434701065965,6.981357842932978,0.895,2.6890109734109986,False,-0.5934478097549627,False,-3.029577970382321,True,True
631,1569592068469436672,44.45780557482679,7.009671082781034,0.815,2.7122470605484765,False,-0.4481030080149502,False,-3.3992200557144656,True,True
632,1569592068536162048,44.67617035166639,7.054822560394457,0.86,2.7347639747825845,False,-0.2513099179511024,False,-3.257484179266326,True,True
633,1569592068602924032,43.485633668410166,7.069744881430221,0.845,2.716441460033184,False,-0.08214066863915241,False,-3.291764177812841,True,True
634,1569592068669803264,46.458455485956954,7.075679767161869,0.91,2.788725814124813,False,0.04877177460656937,False,-2.737281357867812,True,True
635,1569592068736543232,45.829406268316895,7.077889932408221,0.835,2.8213155583129748,False,0.14506326788379928,False,-3.016618944207357,True,True
636,1569592068803294720,44.589583151287144,7.064373595139526,0.865,2.8086329833472843,False,0.184013067758639,False,-2.945165030524611,True,True
637,1569592068870051328,41.256669545667314,7.039095661981699,0.63,2.704335853470197,False,0.1580634732322831,False,-4.986570713223363,True,True
638,1569592068936795392,41.253516899833926,7.051167331189458,0.8,2.6312376041875676,False,0.16531172445499842,False,-4.902610087763408,True,True
639,1569592069003667712,41.294072674093634,7.069655394602359,0.82,2.581229917302549,False,0.20930609567775982,False,-4.665844167194487,True,True
640,1569592069070418176,41.56436371960677,7.07218966692811,0.78,2.5539628078027357,False,0.24543724042263199,False,-4.8560949882901445,True,True
641,1569592069137170432,43.96836535701157,7.080429150848846,0.895,2.6037009632911654,False,0.28807459127774815,False,-3.9658080372621356,True,True
642,1569592069203921920,45.145152444497306,7.0557308945729,0.885,2.672208384125377,False,0.26592660329323814,False,-3.4316039129160094,True,True
643,1569592069270666240,40.92826481207156,7.048240364687654,0.805,2.5994366024883897,False,0.2346541409340036,False,-3.769634956861521,True,True
644,1569592069337548032,41.84982863633475,7.050030416202938,0.815,2.5748801776294337,False,0.2165317876713777,False,-3.9172599462499065,True,True
645,1569592069404295936,40.61447280186439,7.085148963608257,0.83,2.5223231799643013,False,0.2777768027239983,False,-3.8871023267615596,True,True
646,1569592069471048704,41.58713721017244,7.1209447445523715,0.9,2.513380083109331,False,0.39600467021677876,False,-3.24301480350539,True,True
647,1569592069537791744,37.14858513031802,7.126873362562492,0.825,2.380046818252364,False,0.4912449515429927,False,-3.45962909752714,True,True
648,1569592069604558336,30.02135541586588,7.137796243641982,0.73,2.082665199754542,False,0.5809077166551767,False,-4.456728146390379,True,True
649,1569592069671425280,29.016118216956517,7.138402017098025,0.625,1.845718725740409,False,0.6449469109257683,False,-6.089163265016137,True,True
650,1569592069738183680,27.45019175175719,7.144305114711482,0.85,1.6350246537978936,False,0.7022013961140793,False,-5.229441167150971,True,True
651,1569592069804940544,26.006403544666878,7.15232812963579,0.71,1.446204008741412,False,0.7591693803184424,False,-5.873590077874011,True,True
652,1569592069871678464,25.384606180147095,7.174992718408012,0.78,1.2962278697527267,False,0.8467598783455426,False,-5.701517125765812,True,True
653,1569592069938426880,25.994612126232497,7.2056897795354296,0.765,1.2087086786372963,False,0.9726958901612638,False,-5.714561171350285,True,True
654,1569592070005306368,27.15069283545089,7.229616306357531,0.845,1.180543145596858,False,1.111220607027066,False,-5.011718072271614,True,True
655,1569592070072065280,26.919788812355282,7.25041230925113,0.85,1.1542166280939592,False,1.2519671190074602,False,-4.475229532229805,True,True
656,1569592070138803456,28.010705276141707,7.271026217571812,0.86,1.167020353126477,False,1.3938855467587756,False,-4.010690812827062,True,True
657,1569592070205546496,28.334321134315722,7.291684417281603,0.79,1.1852478895304521,False,1.536717556642393,False,-4.308490898859472,True,True
658,1569592070272292608,25.653929793052704,7.306403312662589,0.77,1.1212691606065779,False,1.6676858033742283,False,-4.694944441829109,True,True
659,1569592070339168256,24.272617850068293,7.317814552229089,0.835,1.03693791381782,False,1.7833862239909006,False,-4.386983102980262,True,True
660,1569592070405927168,22.741200685356944,7.312419301566941,0.79,0.9340624816104217,False,1.8530185755577906,False,-4.571895501966712,True,True
661,1569592070472668160,22.462722741464354,7.271349421502954,0.79,0.8540770217309911,False,1.8153019669432424,False,-4.701334181257226,True,True
662,1569592070539435520,23.245442507951584,7.270733968757973,0.885,0.8204959995922054,False,1.7876047056309974,False,-3.946472213712568,True,True
663,1569592070606170624,22.860308074914364,7.247495502093718,0.855,0.7859631151306239,False,1.7192956006569435,False,-3.6850590605517346,True,True
664,1569592070672930560,20.929634865354807,7.24722587771936,0.87,0.7065160742696373,False,1.6709116208801051,False,-3.3685747412789393,True,True
665,1569592070739792640,21.982669699403736,7.231004036594678,0.925,0.6810509045003761,False,1.6028930325167798,False,-2.6575536402338638,True,True
666,1569592070806559744,22.12911533044446,7.238096498135691,0.87,0.6674179366778618,False,1.5702108881972452,False,-2.64932094705643,True,True
667,1569592070873301760,22.04142869716675,7.20942519967773,0.885,0.6553644432239262,False,1.4869753074221805,False,-2.5100629497720117,True,True
668,1569592070940052736,21.78383587959608,7.141569021328747,0.835,0.6395522691739907,False,1.28586132027667,False,-2.8575660585402987,True,True
669,1569592071006793216,23.813268247165155,7.115403890249504,0.8,0.6865851848299304,False,1.089999368601051,False,-3.4123068294852614,True,True
670,1569592071073671936,22.10268911813734,7.130775110227507,0.74,0.6705353662217167,False,0.9852550991976227,False,-4.334605817387589,True,True
671,1569592071140425472,19.772664094034663,7.074951097509407,0.76,0.5925932673462673,False,0.7944148354898728,False,-4.802221626172267,True,True
672,1569592071207174656,17.028417985328133,7.029763581932531,0.825,0.45946766984427406,False,0.5656990558552691,False,-4.551073873393954,True,True
673,1569592071273918208,18.68548797163114,7.054089462933522,0.89,0.41372067633901694,False,0.45680822884717087,False,-3.796791627521543,True,True
674,1569592071340669952,19.326332114472347,7.067936316748909,0.885,0.40004476623045326,False,0.4097346902900518,False,-3.313292426097593,True,True
675,1569592071407556608,20.670762885504022,7.058504104142264,0.835,0.4289618797546789,False,0.3569267620277735,False,-3.419826691968205,True,True
676,1569592071474292224,21.287797347792164,7.048049842910009,0.84,0.4668691876224572,False,0.29795317050433257,False,-3.449902307390894,True,True
677,1569592071541042944,19.438944498368986,7.014619806209566,0.845,0.44047274947123277,False,0.18629560338904919,False,-3.426456867500039,True,True
678,1569592071607802112,19.378450151127204,7.053112904177518,0.8,0.4202633257076858,False,0.18916998575622557,False,-3.8105303957570804,True,True
679,1569592071674552320,19.143559907731998,7.061650120717059,0.825,0.39939196159046336,False,0.20915438199487957,False,-3.8568900121033236,True,True
680,1569592071741418240,22.76553908566315,7.08256713791118,0.87,0.4884771089265532,False,0.2671774257278201,False,-3.4888564073650508,True,True
681,1569592071808168448,25.171435929801028,7.086767283216207,0.865,0.6197161028377981,False,0.31663559415999176,False,-3.275731254734995,True,True
682,1569592071874949888,25.36054664607642,7.088236463607047,0.875,0.716997525518808,False,0.35434919281674576,False,-3.0375469065204848,True,True
683,1569592071941675776,25.84285212911875,7.067074078834077,0.87,0.7989026395285997,False,0.336198203997328,False,-2.9153162334570633,True,True
684,1569592072008418048,27.74973800530317,7.046331326978448,0.835,0.910829223915405,False,0.2798254043642969,False,-3.1412433571198317,True,True
685,1569592072075293184,27.696832345540688,7.050771438099947,0.84,0.98766317552198,False,0.2497116523023821,False,-3.2548939729970345,True,True
686,1569592072142052096,30.849426253413625,7.032565996685117,0.88,1.1317038237184212,False,0.19030639905017308,False,-2.978462438617172,True,True
687,1569592072208796416,31.344973780652225,7.09352928268099,0.82,1.2467195074113229,False,0.27706106276091563,False,-3.3189408127921234,True,True
688,1569592072275542784,32.643130809599,7.1079319721397525,0.84,1.364395946977477,False,0.3681094986008078,False,-3.379282191967638,True,True
689,1569592072342294016,30.437907163419112,7.115907771018169,0.865,1.383635217790869,False,0.4486338502564155,False,-3.19902930395681,True,True
690,1569592072409075200,31.180910058281256,7.0899924985901706,0.885,1.4183744368059983,False,0.450444731744877,False,-2.894858799602275,True,True
691,1569592072475919104,29.068832713986726,7.084868486668396,0.845,1.3822243762656807,False,0.4409254107388118,False,-3.037926412048006,True,True
692,1569592072542669312,27.149224624306974,7.053191993840898,0.825,1.3019620999279253,False,0.3675773484252874,False,-3.31606722350697,True,True
693,1569592072609433344,27.30145388632835,7.068599702534044,0.895,1.2501367394106917,False,0.3486696166795345,False,-2.8877886019139156,True,True
694,1569592072676181760,28.079607222594575,7.070884812832466,0.835,1.2361370526535242,False,0.3402447598578837,False,-3.121974015039627,True,True
695,1569592072742929920,25.978121853325177,7.069222485794434,0.875,1.1661729999961352,False,0.33084787197682086,False,-2.929916838733727,True,True
696,1569592072809794304,25.024169016264775,7.046872108533318,0.865,1.089887062742843,False,0.2772186113640063,False,-2.8844735566930693,True,True
697,1569592072876553216,23.676896441631616,7.0216807333270435,0.855,0.9979152969242343,False,0.18664589406861407,False,-2.9416600006380875,True,True
698,1569592072943301376,24.53939847105562,7.036740009805037,0.9,0.9582279792007737,False,0.15494739330198345,False,-2.5812051752189586,True,True
699,1569592073010083072,25.53602985927679,7.043999094287316,0.92,0.9589798186360694,False,0.14804008062858506,False,-2.150893314678619,True,True
700,1569592073076794112,26.863320497678234,7.049308558209251,0.885,0.9975056450732552,False,0.1543823085839362,False,-2.1611636071075413,True,True
701,1569592073143673088,27.92696181293113,7.029433430208873,0.935,1.0549251396394932,False,0.11698126010784189,False,-1.7233691049404123,True,True
702,1569592073210418432,29.681992853291824,7.038194647369236,0.915,1.1453642770951913,False,0.10924441509924616,False,-1.5949064361703746,True,True
703,1569592073277167616,29.463643164165724,7.056074055940661,0.96,1.2024204520285393,False,0.1414678944495466,False,-1.1044972318507098,True,True
704,1569592073343919872,28.246954954623675,7.01915506739801,0.905,1.207526717178627,False,0.08630342530446866,False,-1.2506928663810584,True,True
705,1569592073410675456,26.01038145611758,7.02025714872218,0.845,1.1470693383386874,False,0.05000837014809158,False,-1.887010258793155,True,True
706,1569592073477542144,26.295972159187727,7.039099820545444,0.87,1.112925464535245,False,0.064268939406293,False,-2.109940580047932,False,False
707,1569592073544293632,26.258221083900633,7.008968343252249,0.86,1.0879439621177167,False,0.010819327224636023,False,-2.354988546299753,False,False
708,1569592073611050752,25.037050761090594,7.019199805612182,0.84,1.0354955328943143,False,-0.005056390015686833,False,-2.7045156054229764,False,False
709,1569592073677798912,24.08349390361648,6.9968972316698865,0.91,0.9714818687040417,False,-0.06312019686327323,False,-2.3262073571949076,False,False
710,1569592073744542720,23.73727910354516,7.013917138182102,0.915,0.916760380670471,False,-0.06793499241881967,False,-2.016893212748522,False,False
711,1569592073811422464,23.363273057530087,7.01093716585506,0.935,0.8677477691614127,False,-0.07757871037073165,False,-1.6223798288890987,False,False
712,1569592073878190336,22.884684223348483,7.025327317130444,0.955,0.8197372284107234,False,-0.05403553675571273,False,-1.1682269774405534,False,False
713,1569592073944924416,23.72010499200954,7.002563488503335,0.925,0.8100474479016249,False,-0.08547714149814534,False,-1.1173102055469992,False,False
714,1569592074011678208,23.12620380394042,7.011287189715514,0.935,0.7862615649790763,False,-0.08912135350195154,False,-0.9926717238480314,False,False
715,1569592074078419200,23.53347016698934,7.030374852780817,0.89,0.7812712398453242,False,-0.05148944477826257,False,-1.3059101228393963,False,False
716,1569592074145181184,24.082260349243793,7.029577742344694,0.935,0.7934895476442607,False,-0.026825165050767118,False,-1.1246916659527093,False,False
717,1569592074212050944,24.245043062573956,7.036130552591437,0.985,0.8067027350352401,False,0.004234638274731265,False,-0.5528550392646551,False,False
718,1569592074278800128,22.756643409562308,7.042963755522345,0.915,0.7733399724401893,False,0.04036158358255499,False,-0.7755465901973446,False,False
719,1569592074345543168,22.700159371159785,7.053032124240599,0.99,0.7483689343146253,False,0.08684611604708803,False,-0.2639551155491638,False,False
720,1569592074412294144,22.223676691153496,7.058273267458063,0.965,0.7172477928694404,False,0.1304188086099473,False,-0.12833293672912482,False,False
721,1569592074479052032,22.954026554096107,7.068961920697394,0.925,0.7163724745512091,False,0.18342117116577383,False,-0.38938437704899537,False,False
722,1569592074545944832,22.507068736514846,7.0760691202716615,0.97,0.7029636161615496,False,0.23548471861801137,False,-0.17163504909227148,False,False
723,1569592074612678144,21.626011274326743,7.084502155587727,0.94,0.6683532659733189,False,0.28968221078531914,False,-0.28620074364299114,False,False
724,1569592074679453184,21.68406607938725,7.086326736122899,0.94,0.645788095262549,False,0.3314615152954483,False,-0.36639672982849025,False,False
725,1569592074746180864,22.049699803184417,7.100384563537645,0.935,0.6404603510621855,False,0.3903012049937502,False,-0.4670322908450757,False,False
726,1569592074812918016,21.291587091382098,7.081280043677204,0.94,0.6150266156349217,False,0.3912706441648381,False,-0.4929788128699488,False,False
727,1569592074879931136,21.427533623907816,7.09736067901847,0.975,0.6011150689273241,False,0.4258017913223524,False,-0.19965278348019821,False,False
728,1569592074946551552,20.19549453816535,7.110118549433043,0.945,0.5561044425047421,False,0.47683113484721384,False,-0.2613147870277995,False,False
729,1569592075013293824,20.312119446722733,7.063694449669967,0.89,0.5279359055376143,False,0.414820855066103,False,-0.7939602670652343,False,False
730,1569592075080056832,19.546170480261576,7.044896385453956,0.83,0.4862892678795155,False,0.3318404581386192,False,-1.70079255133229,False,False
731,1569592075146802176,18.59091969669447,7.046553313441174,0.82,0.4297883616918713,False,0.2772423024524302,False,-2.424571891692704,False,False
732,1569592075213668608,16.796450030533013,7.0208772115187745,0.795,0.3388631317820167,False,0.18497092439576465,False,-3.153709283378681,True,True
733,1569592075280418048,15.116735661553648,6.964737824981972,0.68,0.22712625093742927,False,0.002197767782728692,False,-4.687567983353831,True,True
734,1569592075347188224,13.844565200448146,6.985775671566756,0.77,0.11248895329325649,False,-0.08145510855643569,False,-4.9602984009751605,True,True
735,1569592075413927936,13.287796028386499,6.961965325576119,0.84,0.016302875833561607,False,-0.1901370496917858,False,-4.528232503695762,True,True
736,1569592075480668416,14.127861333703047,6.928831829435347,0.8404907975460123,-0.026976810059316316,False,-0.3359661919796773,False,-4.221418437373264,True,True
737,1569592075547571200,12.04505421711311,7.0002368249267715,0.9357798165137615,-0.11690211488492247,False,-0.28772663244720437,False,-3.1586073732670212,True,True
738,1569592075614309632,12.369324475356928,6.970715546727384,0.9470198675496688,-0.17056616429818977,False,-0.3161063760060676,False,-2.314606836885918,True,True
739,1569592075681050624,12.725525461276163,6.962065020650918,0.8865248226950354,-0.1979331772461617,False,-0.35418306140038847,False,-2.262192647549607,True,True
740,1569592075747796480,11.081188154557783,7.150758626377131,0.9603174603174603,-0.2641664820384073,False,0.01639618218423326,False,-1.5687722864392375,True,True
741,1569592075814554112,11.741857791637644,7.13216037681927,0.9085365853658537,-0.2916152179799328,False,0.23664909628951478,False,-1.5442109472780172,True,True
742,1569592075881441024,11.684917526940648,7.109892299394721,0.9645390070921985,-0.3124594989345577,False,0.3439479525653626,False,-1.0286147055983839,True,True
743,1569592075948182016,11.778747129604822,7.263619678331814,0.936046511627907,-0.32436421007729205,False,0.7426800744243787,False,-0.9212712614146878,True,True
744,1569592076014919424,11.223756377460173,7.241796223714328,0.8027210884353742,-0.3485865618851414,False,0.9758503846203502,False,-2.032683671123599,True,True
745,1569592076083268608,11.471001828590149,7.2442051449156395,0.9041916167664671,-0.35846371844420455,False,1.1441408006847966,False,-1.907617721228616,False,False
746,1569592076148424448,10.018472514097592,7.3774193586038415,0.9342105263157895,-0.4069627754203855,False,1.5423832267532416,False,-1.5529130433546487,False,False
747,1569592076215167488,10.365531106021114,7.351195430934579,0.9006211180124224,-0.4309760349461901,False,1.7659469872590285,False,-1.6035545572091552,False,False
748,1569592076282043648,10.466034990100276,7.364936072251048,0.9257142857142857,-0.4449079503951405,False,1.951368064141936,False,-1.4156826012869126,False,False
749,1569592076348802816,9.96069965680966,7.4354523834477,0.9297297297297298,-0.4691277402105736,False,2.229611941784015,False,-1.2484360888871278,False,False
750,1569592076415550720,10.234140428688224,7.433237122550425,0.9440993788819876,-0.47825314697563404,False,2.419719145895036,False,-1.0034783352841732,False,False
751,1569592076482306304,10.291767979337726,7.425228211512844,0.925531914893617,-0.4829910893289806,False,2.5359340353396327,False,-0.9972522868155393,False,False
752,1569592076549042688,9.74269004444266,7.419209118097346,0.8910256410256411,-0.5020274225552519,False,2.6046132173742653,False,-1.2999886460065497,False,False
753,1569592076615924736,9.233678408693716,7.410059047608417,0.9541984732824428,-0.5299255551601249,False,2.6334261518524222,False,-0.9496864760214084,False,False
754,1569592076682679808,9.009235072003692,7.421455309277391,0.971830985915493,-0.5558799267621608,False,2.677586322807044,False,-0.5475513403749975,False,False
755,1569592076749430784,8.747336295142938,7.376678213851831,0.9476744186046512,-0.5815459925603871,False,2.614234853377827,False,-0.4810423227659017,False,False
756,1569592076816168192,8.513788531856925,7.392895357496638,1.0,-0.6061985716975691,False,2.604028738283154,False,0.03119461302632106,False,False
757,1569592076882928384,8.73462769108169,7.401986648869361,0.98125,-0.61713288376478,False,2.616023210380017,False,0.22289157800561424,False,False
758,1569592076949792512,8.932223861213673,7.408190974268406,0.95,-0.6191298417890083,False,2.6374805270298207,False,0.07896463669900697,False,False
759,1569592077016553728,8.87325026493484,7.424008556530863,0.9452054794520548,-0.6222160912711936,False,2.685799415849749,False,-0.06445389273714566,False,False
760,1569592077083314432,9.427936268438888,7.425829585326602,0.9513513513513514,-0.6084961366724903,False,2.7234562209862543,False,-0.11015060614883185,False,False
761,1569592077150050816,9.422903768892445,7.431903915619962,0.95,-0.5990362459119492,False,2.762603508412323,False,-0.15416489220910265,False,False
762,1569592077216793344,9.528332727663244,7.435209104326043,0.9013157894736842,-0.5893959542113868,False,2.7969646078263697,False,-0.6182485017695291,False,False
763,1569592077283667968,9.13205252133485,7.44276068038826,0.967391304347826,-0.5939930158228033,False,2.8369147610272125,False,-0.35505647762450204,False,False
764,1569592077350429952,9.382074843044109,7.447622651283023,0.9583333333333334,-0.5900529690969524,False,2.8751151642885016,False,-0.25143505109751124,False,False
765,1569592077417175808,9.468373422889966,7.378665146134226,0.959731543624161,-0.5848242595520263,False,2.756687881128527,False,-0.16645643656476497,False,False
766,1569592077483930880,9.503205085234423,7.385733726611808,0.9137931034482759,-0.5801669531656621,False,2.6886693766510965,False,-0.5158085543352536,False,False
767,1569592077550669056,9.694139878908873,7.39010342066996,0.9159663865546218,-0.5714404895047677,False,2.650255391008299,False,-0.7410135253199135,False,False
768,1569592077617553152,10.096417477588188,7.394464590475284,0.9672131147540983,-0.5538149973766492,False,2.6325466235120367,False,-0.44257782342861457,False,False
769,1569592077684294144,9.592910918458129,7.400446846649292,0.9801980198019802,-0.5558922451753546,False,2.63274417802833,False,-0.11811140847416103,False,False
770,1569592077751042304,9.812828359399877,7.389705681114843,0.9619047619047619,-0.551050213549981,False,2.610270440895456,False,-0.05378895220174571,False,False
771,1569592077817794304,9.728227419483794,7.391946300966131,0.9655172413793104,-0.5500828658310348,False,2.599255720158342,False,0.023386657340283393,False,False
772,1569592077884554752,9.390159277399363,7.395747925395036,0.936,-0.559084411572023,False,2.599548497567691,False,-0.1852842456895886,False,False
773,1569592077951305216,9.601102331590498,7.396309040085313,1.0,-0.5593463198428824,False,2.6009346859617586,False,0.23822526697973956,False,False
774,1569592078018182400,9.79845008344131,7.4115242837636295,0.9696969696969697,-0.5538797072767951,False,2.633935757314539,False,0.26499483077713404,False,False
775,1569592078084927744,9.836649604766405,7.4267435215676505,1.0,-0.5489594489829861,False,2.6890756550690997,False,0.553420620506451,False,False
776,1569592078151700224,9.935287037762858,7.442238208762992,0.9850746268656716,-0.5426913373387816,False,2.760292600275714,False,0.622487716043125,False,False
777,1569592078218419712,10.113078996224823,7.403162458302505,0.9512195121951219,-0.5332135815257112,False,2.7278831975378464,False,0.36953519446836997,False,False
778,1569592078285185024,9.484901347783316,7.423918307528756,0.9504132231404959,-0.5445635036265494,False,2.748891295328395,False,0.1852927195193605,False,False
779,1569592078352059136,9.265528839252893,7.4258138318211095,0.9765625,-0.5587889530918904,False,2.7675873727469154,False,0.28904303003192433,False,False
780,1569592078418805760,9.808457633996673,7.4536267501224955,0.9849624060150376,-0.5532030403513417,False,2.839225666873259,False,0.43642467370889976,False,False
781,1569592078485542656,10.089320853895304,7.452034688623105,0.9915254237288136,-0.5412519550702176,False,2.8860209058596897,False,0.5980005432930252,False,False
782,1569592078552298496,9.17075469380162,7.456869274392195,0.9819819819819819,-0.5591841963242399,False,2.928955218709,False,0.6261701303063559,False,False
783,1569592078619051008,9.609050195672781,7.392620833452947,0.9612903225806452,-0.559188626564151,False,2.823755073062174,False,0.461739815182805,False,False
784,1569592078685925376,9.355005613315422,7.389048362132295,0.96875,-0.5664648725077468,False,2.7425942964110472,False,0.41302729279830785,False,False
785,1569592078752667904,9.63403541954169,7.393858126664536,0.9538461538461539,-0.5635697878447575,False,2.6959071452849384,False,0.24628915296677015,False,False
786,1569592078819418368,9.96588066615781,7.386902405100049,0.9243697478991597,-0.5520426972197642,False,2.648583133441899,False,-0.1327579525837272,False,False
787,1569592078886270208,9.701366535539583,7.392496524397444,0.9923076923076923,-0.551546615476268,False,2.627232921150244,False,0.20653464032809482,False,False
788,1569592078952919296,10.0909036623953,7.380340843321679,0.952755905511811,-0.5400471427949527,False,2.586697945532167,False,0.09204144133318294,False,False
789,1569592079019793152,10.427047327945518,7.378107591023705,1.0,-0.5223739193884024,False,2.553622077327282,False,0.4323532478956813,False,False
790,1569592079086568960,9.376503769404598,7.373362502103082,1.0,-0.5400790981062791,False,2.520479730487547,False,0.6705715124894318,False,False
791,1569592079153299456,10.364187503113131,7.369679005963613,0.9758064516129032,-0.5241959273756909,False,2.4895256864096718,False,0.6220096008337459,False,False
792,1569592079220043776,9.481802261800246,7.336819080681206,0.9304347826086956,-0.5383398707036541,False,2.3986819863935813,False,0.18422319346972696,False,False
793,1569592079286829568,9.680055199445125,7.331445549519721,0.9444444444444444,-0.5425647677484824,False,2.32377917685145,False,0.0024541334275105238,False,False
794,1569592079353678848,10.193480053134724,7.332748150264008,0.9830508474576272,-0.5308231485376064,False,2.2740894117406536,False,0.21880019783039914,False,False
795,1569592079420422144,9.449115823467208,7.348371036004975,0.9906542056074766,-0.5439147187387626,False,2.2721954732210006,False,0.43790985279562544,False,False
796,1569592079487181312,10.37690365248,7.35864933838043,0.9536423841059603,-0.5265168060512254,False,2.2925073339394806,False,0.2618934606781157,False,False
797,1569592079553918720,10.570783451259539,7.3671692933189385,0.9041095890410958,-0.5087876042409697,False,2.3246616263457285,False,-0.3021437489934506,False,False
798,1569592079620677120,10.3484239735067,7.373286436975769,0.9487179487179487,-0.5027431821147194,False,2.3600472844517273,False,-0.2999699308379624,False,False
799,1569592079687543040,10.147836868620498,7.357697662119084,0.9349593495934959,-0.5042547757261464,False,2.3520001574238862,False,-0.420895306923149,False,False
800,1569592079754298368,10.511527243487636,7.3465294417851235,0.9774436090225563,-0.49490065287702023,False,2.3228561184350456,False,-0.12744700529760514,False,False
801,1569592079821086720,9.06399951032521,7.27456550327495,0.864,-0.529794621978998,False,2.15095865954836,False,-0.9316443474251328,False,False
802,1569592079887800064,8.367187289233422,7.245653613369397,0.9281767955801105,-0.5741697183733087,False,1.9697658716516524,False,-0.9234299190722552,False,False
803,1569592079954542848,8.800998837732847,7.2355495501811795,1.0,-0.5928125201203707,False,1.8216601062952142,False,-0.2784767043881251,False,False
804,1569592080021310208,8.385531260639452,7.234599495551066,0.95,-0.6177570701188444,False,1.7159860399849447,False,-0.2719931609766106,False,False
805,1569592080088191232,7.779116770683782,7.224929718651197,0.955,-0.6525795400488605,False,1.6216576280583086,False,-0.22295630990181367,False,False
806,1569592080154924032,7.47122225434132,7.209337872667746,0.95,-0.6857701052471566,False,1.5228041867505775,False,-0.23312888483618927,False,False
807,1569592080221685248,7.429473342111008,7.2012648571649995,0.95,-0.7101987473268039,False,1.436611673331487,False,-0.24024968729025548,False,False
808,1569592080288418304,7.539996244305002,7.204592295187322,0.925,-0.7241345920543014,False,1.3832817508419575,False,-0.46772610244178553,False,False
809,1569592080355173888,7.57329932677955,7.198618923905116,0.975,-0.7329362359880323,False,1.3333758175812118,False,-0.18197588618048324,False,False
810,1569592080422044672,7.394432265143661,7.205327828432541,0.965,-0.7442182439660046,False,1.3125650774780577,False,-0.07094747617104745,False,False
811,1569592080488791808,7.488719183287463,7.203529261237556,0.96,-0.7494162713558324,False,1.2942112620272257,False,-0.03772595985118011,False,False
812,1569592080555559680,7.322503844847881,7.201822886385187,0.9,-0.7578135364686815,False,1.2777713747804262,False,-0.548451346668125,False,False
813,1569592080622298368,6.986123260826885,7.191802586113124,0.975,-0.7733219974117277,False,1.2451689754146447,False,-0.23848355713892022,False,False
814,1569592080689043456,7.351059514946175,7.177146727587889,0.97,-0.773730012915303,False,1.1914941596119621,False,-0.06600447515521429,False,False
815,1569592080755917568,7.395591760110268,7.159944503909754,0.97,-0.7727406921662024,False,1.1177081099059731,False,0.05473088223337657,False,False
816,1569592080822680832,7.3306697942575925,7.147629974126583,0.9635416666666666,-0.7739068447778893,False,1.040133643886486,False,0.08176857026835688,False,False
817,1569592080889425408,7.466828820029854,7.126515302776969,0.8702702702702703,-0.7708249999597531,False,0.9413814548647971,False,-0.7293900823704556,False,False
818,1569592080956200192,7.0833925058462235,7.117823759300662,0.9251336898395722,-0.7796452614221714,False,0.8539577088718017,False,-0.8089345829902638,False,False
819,1569592081022924288,7.776437035694012,7.11249562485054,1.0,-0.7659779931746445,False,0.7815444351344615,False,-0.19832996913073175,False,False
820,1569592081089807104,8.103109263389825,7.119746268987918,0.97,-0.747058474484836,False,0.7461190129846701,False,-0.03789696354948236,False,False
821,1569592081156559872,7.821701162017215,7.102304615143199,0.9948453608247423,-0.7418713573961176,False,0.6846034966099555,False,0.2955217555224203,False,False
822,1569592081223299328,7.758354225222559,7.096215899731732,0.96,-0.7400539604281394,False,0.6287248281366549,False,0.21880250233425,False,False
823,1569592081290060032,7.248313929285097,7.0919763239193445,0.9842931937172775,-0.7533839318243167,False,0.580684714296753,False,0.38130053294175786,False,False
824,1569592081356797440,7.679833705576055,7.082168337474675,0.9943820224719101,-0.7503607581432532,False,0.5264091139220335,False,0.5848364427107448,False,False
825,1569592081423668224,7.981398806453785,7.079536589447422,0.9888268156424581,-0.7396109077064986,False,0.48287590543220443,False,0.6778720490013442,False,False
826,1569592081490416640,8.89488714037676,7.075077817687342,0.9844559585492227,-0.7059333865827137,False,0.4430161679119452,False,0.7040977695740545,False,False
827,1569592081557172992,8.790459274149596,7.0796967937212365,0.97,-0.6853488292821889,False,0.4248381011400392,False,0.5938024535438634,False,False
828,1569592081623938560,9.429817774780568,7.067280458886632,0.9523809523809523,-0.6526351868765332,False,0.3859749057997559,False,0.35979194990280056,False,False
829,1569592081690685952,9.62359501381692,7.0499783816293915,0.96,-0.6241879104878332,False,0.3223467812321191,False,0.2637916384005125,False,False
830,1569592081757425920,9.214872713973453,7.0513185830981495,0.945,-0.6159762925292805,False,0.2806284516810832,False,0.06309630828869901,False,False
831,1569592081824301056,8.722278238515019,6.959192956916956,0.855,-0.6243308458036422,False,0.057485123311064215,False,-0.8783610951508497,False,False
832,1569592081891053056,9.396220628807228,6.950172351001861,0.93,-0.6108844646795373,False,-0.11770515400454407,False,-0.869905717257466,False,False
833,1569592081957804544,8.822471189827882,6.932073924004262,0.945,-0.6178981019092391,False,-0.2784386909368628,False,-0.7304918406718863,False,False
834,1569592082024550912,8.893961029781552,6.936987975887524,0.9568965517241379,-0.6207609365182575,False,-0.38060723121193424,False,-0.5270266933590521,False,False
835,1569592082091330560,8.74575613496195,6.946670364067405,0.971830985915493,-0.6270079384325755,False,-0.43174209495285876,False,-0.2516894925113441,False,False
836,1569592082158184960,9.329988105601872,6.9653246698018645,0.9664429530201343,-0.6146546271306969,False,-0.4282659351470015,False,-0.10690518892795288,False,False
837,1569592082224921088,9.020272531949923,6.979910658840618,1.0,-0.6148742812506056,False,-0.39512657448134436,False,0.29309060671289083,False,False
838,1569592082291672832,8.67631852606793,6.976054419081615,0.975609756097561,-0.6248752370465535,False,-0.3800470787282976,False,0.35602244079934325,False,False
839,1569592082358438656,7.841952832681042,6.97152855823505,0.9659863945578231,-0.6557632979446847,False,-0.37901915749708964,False,0.3144299428503079,False,False
840,1569592082425167616,7.27669683419559,6.959805745981513,0.8284023668639053,-0.6935678824576114,False,-0.40297817534306996,False,-0.9391378186936812,False,False
841,1569592082492044032,6.677328546321009,6.883234959651564,0.8442211055276382,-0.7371906479874314,False,-0.580944336917759,False,-1.6758536324033892,False,False
842,1569592082559396864,6.726786594179785,6.851419683880897,0.8969072164948454,-0.7663106294653387,False,-0.7724973499101428,False,-1.7226654828279124,False,False
843,1569592082625568512,6.911764700158766,6.806816330080288,0.888235294117647,-0.781398803723124,False,-1.0004822917040936,False,-1.832611061426514,False,False
844,1569592082692293632,6.847844440729313,6.8034024503116655,0.972027972027972,-0.793790524582566,False,-1.1672585628037142,False,-1.1638454379479244,False,False
845,1569592082759044352,6.948216393029197,6.79461914715184,0.9699248120300752,-0.7995911400931647,False,-1.302492336375868,False,-0.7144269401528984,False,False
846,1569592082825925120,7.026939551441344,6.794661858999438,0.8156028368794326,-0.8013977739082866,False,-1.3970660619938589,False,-1.7732492827689434,False,False
847,1569592082892674560,5.977896142166641,6.780623590558437,0.8857142857142857,-0.8326959043031514,False,-1.4928206714194199,False,-1.8904558746726678,False,False
848,1569592082959429120,6.116901956085354,6.782475041505295,0.8911917098445595,-0.8506249420876087,False,-1.555951271125038,False,-1.923753199133793,False,False
849,1569592083026182144,6.89931150624975,6.809073158003449,0.937888198757764,-0.8407753500680941,False,-1.5441490204827815,False,-1.5314777915707969,False,False
850,1569592083092924672,6.25311762506194,6.801159706940631,0.9444444444444444,-0.8523807808156174,False,-1.5525466385838163,False,-1.1985365561008545,False,False
851,1569592083159795200,6.475612012846715,6.793643465590884,0.9647887323943662,-0.8541347008042569,False,-1.574247969138076,False,-0.7844201579612284,False,False
852,1569592083226571776,6.711012216610603,6.788744226384872,0.973404255319149,-0.8486230774525609,False,-1.5997526528366304,False,-0.4178633327100735,False,False
853,1569592083293293312,6.650811813058344,6.7970528594946895,0.9635036496350365,-0.8464884427316621,False,-1.6001148107983822,False,-0.24938571938523782,False,False
854,1569592083360057600,6.409708440381201,6.79748193930315,0.927007299270073,-0.851896844093035,False,-1.599465033599812,False,-0.4562570155084941,False,False
855,1569592083426795008,6.39780944661382,6.779620560817289,0.9366197183098591,-0.8560233861360761,False,-1.6366115039449565,False,-0.51551952566904,False,False
856,1569592083493700096,6.1486709635654995,6.74976149702282,0.9420289855072463,-0.8660446516466714,False,-1.7254725659611052,False,-0.5088625674028328,False,False
857,1569592083560437248,6.330593804839909,6.7388264183060365,0.9920634920634921,-0.8678511951324072,False,-1.8106955557084141,False,-0.05891189264292224,False,False
858,1569592083627178752,6.058235820093218,6.736695703084188,0.9487179487179487,-0.8769132221288013,False,-1.8748371753895636,False,-0.12970763139259356,False,False
859,1569592083693923584,5.995423935321733,6.713389806072441,0.976,-0.8850549078003049,False,-1.968799283854291,False,0.06353671769130029,False,False
860,1569592083760668672,5.930715308851939,6.698701506680367,0.993006993006993,-0.8926066571272067,False,-2.0654941897043426,False,0.35016445786840944,False,False
861,1569592083827422208,5.648057450269393,6.682845488370397,0.975609756097561,-0.9059852074532337,False,-2.1665603055426392,False,0.39597413660820463,False,False
862,1569592083894297344,5.738573926818868,6.675237683326701,0.9714285714285714,-0.9127587599792955,False,-2.253322342045405,False,0.39082973066398435,False,False
863,1569592083961042432,5.8152663026622875,6.6608772359064075,0.9565217391304348,-0.9153045897981856,False,-2.3442870119872863,False,0.25456269662952585,False,False
864,1569592084027794688,5.92198546317656,6.682410322002594,0.9545454545454546,-0.9140313647973196,False,-2.362631382180611,False,0.14158748399641713,False,False
865,1569592084094552320,6.1810910832132295,6.691412566775071,0.9408284023668639,-0.9057220680327922,False,-2.3565211472643113,False,-0.059572459361208197,False,False
866,1569592084161299200,5.72580630221094,6.688843383965357,0.8277777777777777,-0.9129400918576207,False,-2.3576525603643774,False,-1.2064981395780225,False,False
867,1569592084228171264,5.883924420739841,6.695208620139116,0.9415584415584416,-0.9134658811685438,False,-2.345044618130009,False,-0.9967352849507829,False,False
868,1569592084294918912,5.876107803602091,6.673820529948367,0.9652173913043478,-0.9140577187697814,False,-2.3812447156828123,False,-0.6393443435412679,False,False
869,1569592084361684992,6.133524741664434,6.615287552776395,0.9722222222222222,-0.9071023117838231,False,-2.529806901357052,True,-0.3268299719983104,False,True
870,1569592084428451840,6.071941980766107,6.620857497120205,0.9852941176470589,-0.9039966045847492,False,-2.6220747278207717,True,0.00826569772029195,False,True
871,1569592084495177216,6.690332982481414,6.59065407497587,1.0,-0.8841184442303783,False,-2.750245673457119,True,0.37371022736665926,False,True
872,1569592084562046208,6.693289878276799,6.58112100617446,0.9915966386554622,-0.8701190778204122,False,-2.8600341065408745,True,0.5547342204943454,False,True
873,1569592084628807424,6.2153859188254295,6.567341828041418,0.9851851851851852,-0.8740016264730002,False,-2.9658935809430025,True,0.624391169051492,False,True
874,1569592084695553280,6.213057417549198,6.544589552224671,0.9795918367346939,-0.8767860741316691,False,-3.0878927186183383,True,0.6233720544954888,False,True
875,1569592084762299904,6.4587245377628575,6.533793050974645,0.9927007299270073,-0.8717018844584712,False,-3.1960206316098962,True,0.7393235520191691,False,True
876,1569592084829050112,6.210730607919095,6.521226016944558,0.9568345323741008,-0.8752428698925373,False,-3.298165967372517,True,0.5012921295191475,False,True
877,1569592084895919872,5.94721479064221,6.512318720956597,0.9205298013245033,-0.8852658602752271,False,-3.3884191127200167,True,0.01156985778366879,False,True
878,1569592084962666752,6.331413312704669,6.501967616988879,0.9751552795031055,-0.8812825791513212,False,-3.473387192184219,True,0.15491322295518353,False,True
879,1569592085029423360,7.214918673383016,6.546052057161847,1.0,-0.8532000511762814,False,-3.4400594187262357,True,0.476363495031084,False,True
880,1569592085096171008,6.974456272754971,6.546296880667498,0.9935064935064936,-0.8404265766125307,False,-3.416214581161285,True,0.6435885936832572,False,True
881,1569592085162918400,6.927189467195863,6.540957046696046,0.9861111111111112,-0.8328383648515953,False,-3.4107644759393176,True,0.6948296692997973,False,True
882,1569592085229793280,7.353595133809138,6.577739333822327,0.9817073170731707,-0.8153188768684553,False,-3.3295162778978162,True,0.6915060903257095,False,True
883,1569592085296545280,7.3967347867451645,6.57306872651503,0.9868421052631579,-0.8018201727630256,False,-3.282474981589257,True,0.7348775266990359,False,True
884,1569592085363303168,7.07034810224348,6.5883722839238645,0.9666666666666667,-0.8017153358745326,False,-3.2173294189032955,True,0.5856827030735269,False,True
885,1569592085430057216,7.537597609071869,6.593666111014744,0.9408284023668639,-0.7882648755328983,False,-3.1605830964507717,True,0.251294193992771,False,True
886,1569592085496794368,7.210109838808143,6.589745176231093,1.0,-0.7882253327072866,False,-3.129114921748087,True,0.5438301747573971,False,True
887,1569592085563550208,7.650190023571509,6.601873101860745,1.0,-0.7755984196853729,False,-3.0815558024932512,True,0.7486053612926329,False,True
888,1569592085630428160,7.555613024408495,6.590578534693252,1.0,-0.7694672636112418,False,-3.0720414511870393,True,0.8919479918672952,False,True
889,1569592085697184512,7.578258960078651,6.588938474654704,1.0,-0.7645271147365132,False,-3.068834017464254,True,0.9922878332695616,False,True
890,1569592085763918592,8.459550819072703,6.583002366966081,1.0,-0.7358381505680711,False,-3.07908535501803,True,1.062525722251146,False,True
891,1569592085830692608,8.632262266517925,6.594819951736471,1.0,-0.710811249986326,False,-3.06138321593403,True,1.1116922445382584,False,True
892,1569592085897426432,9.08501920825586,6.619265972996161,0.989010989010989,-0.6803302585485966,False,-2.9975285836579104,True,1.0483101932453065,False,True
893,1569592085964293120,9.264983148608183,6.645354855608769,0.9728260869565217,-0.653841304334806,False,-2.8979086967008225,True,0.8599024031105983,False,True
894,1569592086031042816,9.639294280230366,6.655939165650796,0.98,-0.624582732080741,False,-2.8058929586830703,True,0.7918624383929195,False,True
895,1569592086097800192,9.818408489110308,6.6685406020288704,0.9841269841269841,-0.5989737986004384,False,-2.7149537224643656,True,0.7809632769907114,False,True
896,1569592086164544000,10.201335708484194,6.70180226003956,0.845,-0.5700845674096814,False,-2.581274670547396,True,-0.46485095843291385,False,True
897,1569592086231293184,9.878866193307665,6.729166372072611,0.7857142857142857,-0.5590942153414995,False,-2.4300931096796643,True,-1.8645444613722009,False,True
898,1569592086298200320,9.88386896118658,6.792799694307336,0.8979591836734694,-0.5512577426351184,False,-2.1903067844996014,True,-1.8453868980131416,False,True
899,1569592086364929024,9.561629167575994,6.842299881733366,0.9221556886227545,-0.5549977447146678,False,-1.9182498360300715,True,-1.616635594350445,False,True
900,1569592086431710976,10.228010979078606,6.874453781064742,0.9256756756756757,-0.5385376326126852,False,-1.6601204106046592,True,-1.4251829440478772,False,True
901,1569592086498430720,10.58186103575191,6.919398193802785,1.0,-0.5168850382012269,False,-1.3848139916085365,True,-0.6297038218710586,False,True
902,1569592086565220352,10.911157176652674,6.950142578350846,0.9922480620155039,-0.4923006701275955,False,-1.1273772110670774,True,-0.141858158342229,False,True
903,1569592086632050944,10.535342085910912,6.989191692948369,0.9931972789115646,-0.48585097423247525,False,-0.8649662734388921,True,0.20808152718855422,False,True
904,1569592086698792704,11.180751941997102,6.997735499568887,0.9803921568627451,-0.46285848811545044,False,-0.6632924152486259,False,0.3390778935366473,False,False
905,1569592086765556736,11.624137161167841,6.9832047912331845,0.9743589743589743,-0.4340698936269535,False,-0.552710387803399,False,0.3770819916856069,False,False
906,1569592086832300032,11.100038446990796,6.966258927928797,0.9056603773584906,-0.4289225108827131,False,-0.510976963973646,False,-0.20771026660738837,False,False
907,1569592086899043584,9.453698719137853,6.95832593258899,0.9473684210526315,-0.4724530668124208,False,-0.49846390495243625,False,-0.2458768496283756,False,False
908,1569592086965917952,9.549554292655634,6.950595605591793,0.9397590361445783,-0.5001801681013011,False,-0.5059784491173474,False,-0.3403145038103952,False,False
909,1569592087032680960,9.645563893889845,6.953931200446999,0.9637681159420289,-0.5168404414200066,False,-0.5042166215742513,False,-0.19274787520292036,False,False
910,1569592087099436288,9.43934816247711,6.940379143017582,0.930379746835443,-0.5344064660611174,False,-0.5315127848765255,False,-0.38659684020378465,False,False
911,1569592087166168576,10.500910114389402,6.934064291761199,0.9652777777777778,-0.5163107981811363,False,-0.5639139615609575,False,-0.21171001228254024,False,False
912,1569592087232934656,10.821894647504934,6.917842346515839,0.9930555555555556,-0.4944542350499506,False,-0.620744806951767,False,0.15792393774420627,False,False
913,1569592087299795968,12.559986841248012,6.91656714666089,0.9940476190476191,-0.4293940986681191,False,-0.6632109166468677,False,0.42549674456585657,False,False
914,1569592087366550272,12.569825573179005,6.9150148505191975,0.9583333333333334,-0.3835703261775408,False,-0.6962050473276528,False,0.2949522044357411,False,False
915,1569592087433293056,13.10718220100997,6.925143937249953,0.9575757575757575,-0.33610948588101813,False,-0.6979774460576122,False,0.1968288489678791,False,False
916,1569592087500044032,14.16820938377992,6.9460606897630175,0.9808917197452229,-0.27251032266608144,False,-0.6551847160024477,False,0.33564696564734386,False,False
917,1569592087566805248,12.868034431782371,6.968392768078193,0.9161676646706587,-0.2652141413293689,False,-0.5782168883378876,False,-0.1432033516883888,False,False
918,1569592087633552640,12.59220249526192,6.975607344538876,0.988950276243094,-0.2680037181160307,False,-0.509151468251246,False,0.1693429520364093,False,False
919,1569592087700417280,12.351010698565585,6.988223153243013,0.9398907103825137,-0.2768615990595928,False,-0.43424719833331854,False,-0.048488784835135815,False,False
920,1569592087767168256,12.173889418461215,7.009073845980765,0.9702380952380952,-0.2881329922611055,False,-0.3379198675637908,False,0.06911083549013382,False,False
921,1569592087833938432,11.285198058219605,7.02256980314032,0.9617486338797814,-0.3214656707628921,False,-0.24207939428724068,False,0.07587713002722546,False,False
922,1569592087900667392,12.16995897687211,7.0434659920765705,0.9595375722543352,-0.3194683686503706,False,-0.13100094374028823,False,0.06093580823912751,False,False
923,1569592087967417600,12.017457048482612,7.061534921293141,0.8924050632911392,-0.3224362963661891,False,-0.015207783515629894,False,-0.5469805708075508,False,False
924,1569592088035518208,11.808170488343759,7.07403625461741,0.9640287769784173,-0.33050559507899563,False,0.09216491387486667,False,-0.3350943238167722,False,False
925,1569592088101050368,13.50254379856721,7.061334878646014,0.9748427672955975,-0.28764520753110673,False,0.14058719218169058,False,-0.09053296097588961,False,False
926,1569592088167793152,12.934325691384847,7.046898141739063,0.9763779527559056,-0.27391068153598547,False,0.14409093994226901,False,0.09432264334986579,False,False
927,1569592088234547712,13.17789003946238,7.0574174258030204,0.9774436090225563,-0.2573234114164288,False,0.1686884895066739,False,0.23320555989350328,False,False
928,1569592088301315584,12.86017023706589,7.082623088521128,0.9942196531791907,-0.2548084506558873,False,0.23896908677042936,False,0.4797249277818496,False,False
929,1569592088368173824,12.760052309585365,7.081468441774051,0.9796954314720813,-0.25591429463554627,False,0.28573477223418053,False,0.5230276450118292,False,False
930,1569592088434930432,13.701130305051887,7.090167002517188,0.95,-0.22974588405914118,False,0.3367827383061856,False,0.28905988360335616,False,False
931,1569592088501667840,16.33939150518265,7.086989449126824,0.9361702127659575,-0.13589615304578057,False,0.3658270109231639,False,0.002201850845597912,False,False
932,1569592088568425472,18.304786189867713,7.1097380467078395,0.9587628865979382,-0.013933264487950216,False,0.43404776402167194,False,0.002468662911176025,False,False
933,1569592088635168768,18.397103890334893,7.118094625322046,0.825,0.07408375817045763,False,0.4993943454599802,False,-1.1877906710355408,False,False
934,1569592088702042624,16.737085962401405,7.0994308761091345,0.865,0.08817035147569556,False,0.505846507874461,False,-1.6649852393043432,False,False
935,1569592088768795136,13.950931892253227,7.103351152849159,0.76,0.018265038575346074,False,0.5186158872821646,False,-2.9334872215139933,False,False
936,1569592088835549952,11.497862288338426,7.086904562756258,0.78,-0.1008985991899548,False,0.49293151460331014,False,-3.6434451263137992,False,False
937,1569592088902292736,12.616009313189481,7.0722791201620385,0.8641304347826086,-0.1523012636294048,False,0.44416334831679855,False,-3.391682205075078,False,False
938,1569592088969081856,13.390468891872096,7.044523482684831,0.92,-0.16611081320725826,False,0.3515951780999785,False,-2.718227235577901,False,False
939,1569592089035925504,12.633716141634414,7.071282658704659,0.9523809523809523,-0.19744287751081274,False,0.34313018774507714,False,-1.9586288324824357,False,False
940,1569592089102680320,11.676180300049325,7.067091864334789,0.91,-0.2467890021975774,False,0.32838234202561056,False,-1.8040866161365283,False,False
941,1569592089169417728,11.434263989829665,7.063269994858205,0.945,-0.28825720906098473,False,0.31001314874321834,False,-1.3844184698872315,False,False
942,1569592089236168192,11.78235287193673,7.102460134448762,0.9116022099447514,-0.3073193769147842,False,0.3796567868812312,False,-1.3878802159119843,False,False
943,1569592089302931200,12.157839659917435,7.093568358120134,0.9939759036144579,-0.3099129317681356,False,0.4096885948516545,False,-0.6572044069792312,False,False
944,1569592089369676288,13.289255008186158,7.087812053832581,0.9555555555555556,-0.2793366739884873,False,0.4185928367645063,False,-0.48765991869400716,False,False
945,1569592089436545792,13.626007599554459,7.112421749703577,0.93,-0.24829226783034758,False,0.4766335046009078,False,-0.5964148937376782,False,False
946,1569592089503338496,13.684416482831471,7.126103970412492,0.925,-0.22488897205063801,False,0.5460654310554975,False,-0.717041746954987,False,False
947,1569592089570057984,14.204766801902023,7.118016700524816,0.9074074074074074,-0.19360934592193985,False,0.5776426671056699,False,-0.9580488855122897,False,False
948,1569592089636793344,12.170165267290876,7.11320858934061,0.905,-0.22996303529013154,False,0.5896248203968509,False,-1.1481790239441612,False,False
949,1569592089703542272,11.840690668860073,7.127796155133719,0.9050279329608939,-0.26484327896605575,False,0.6287216958449343,False,-1.281021526596828,False,False
950,1569592089770417664,12.145025920158858,7.098502677314855,0.9623655913978495,-0.280546512925901,False,0.5944216329263794,False,-0.8637248025662543,False,False
951,1569592089837176576,12.301402606660378,7.099608270759489,0.918918918918919,-0.28706180549096955,False,0.5727390557541939,False,-0.9582783231593976,False,False
952,1569592089903917824,8.386691023481353,7.047725040115109,0.8709677419354839,-0.40369836656026215,False,0.44833800962674486,False,-1.4512156372294536,False,False
953,1569592089970669056,15.5548652851007,7.099041421600214,0.9567567567567568,-0.2801234082616823,False,0.469287203180354,False,-1.0327774806050825,False,False
954,1569592090037425408,16.72893663487162,7.073138670121402,0.955,-0.16000797541035136,False,0.42942183277746504,False,-0.7555053336417414,False,False
955,1569592090104300032,17.716643984711965,7.096115243862716,0.965,-0.0476497004655585,False,0.44988576530850616,False,-0.4724180893939285,False,False
956,1569592090171055616,18.296256335437803,7.07553514979475,0.9540229885057471,0.047595047676609104,False,0.42088583360992143,False,-0.37194884372123055,False,False
957,1569592090237796608,19.599855664250537,7.0781863584505125,0.97,0.1515876421543738,False,0.40616713766282014,False,-0.15943017576283086,False,False
958,1569592090304563712,20.218199043871756,7.09870919555412,0.97,0.24208526021169607,False,0.43906819908212324,False,-0.010667108191955037,False,False
959,1569592090371305216,20.56143108709182,7.099733411512267,0.88,0.31526012140369947,False,0.46425509515586216,False,-0.707503633253617,False,False
960,1569592090438180864,19.024414904548188,7.087698476985271,0.88,0.3224786682438652,False,0.45655028792101887,False,-1.195289200796781,False,False
961,1569592090504918016,17.78293044854465,7.07039568488322,0.8655913978494624,0.2919886919912673,False,0.41473153015428643,False,-1.6649709619914679,False,False
962,1569592090571695104,16.184709213548064,7.033392151849294,0.9673202614379085,0.22488958849648513,False,0.3075595141397223,False,-1.0883944585278984,False,False
963,1569592090638450176,16.8589112384558,7.018695370710329,0.9387755102040817,0.1972222176503844,False,0.20159981744947958,False,-0.9388298904161088,False,False
964,1569592090705167872,15.248055849934564,6.991283146523047,0.9365079365079365,0.1317372296649728,False,0.06972052077138169,False,-0.8543153597159671,False,False
965,1569592090772044544,15.696593601658423,7.005839766460078,0.9289617486338798,0.09873910621365878,False,0.008049234821040262,False,-0.8623138012841768,False,False
966,1569592090838808320,16.174346499256274,7.019845214741146,0.9333333333333333,0.08931820012659261,False,-0.0056367560074052905,False,-0.8290070310929745,False,False
967,1569592090905554688,15.404254822870083,7.026433508446292,0.926829268292683,0.06067630077180874,False,-0.0013474432074811235,False,-0.8635763513890317,False,False
968,1569592090972302592,14.738170368219343,7.035194502039729,0.9653179190751445,0.021557370814995293,False,0.020098494029784673,False,-0.5452384256461992,False,False
969,1569592091039077376,14.552783738346172,7.037863179914584,0.9090909090909091,-0.011133388726802071,False,0.0407286820883011,False,-0.8228039442032972,False,False
970,1569592091105927936,13.02344533864959,7.039414401976448,0.8692307692307693,-0.07780096605959004,False,0.05843540649826429,False,-1.3718420630176098,False,False
971,1569592091172679936,14.059250407916153,7.032227043328575,0.9763779527559056,-0.09481378924187518,False,0.05569947110295064,False,-0.8025937280793383,False,False
972,1569592091239425024,15.306832564432803,7.038290790546417,0.9717514124293786,-0.07100523290226055,False,0.06654956093848101,False,-0.4452945949119395,False,False
973,1569592091306178816,16.49682151945656,7.052566529577247,0.9833333333333333,-0.02027056988365785,False,0.10419754229150649,False,-0.0921098797650259,False,False
974,1569592091372925184,16.46491863929948,7.050695944564136,0.9533678756476683,0.014330333810535986,False,0.12661322180243012,False,-0.11156338794108456,False,False
975,1569592091439669760,15.077891193061664,7.052473989569028,0.925,-0.0011588015926301968,False,0.14604729205218023,False,-0.37764569289736816,False,False
976,1569592091506560768,14.557879944862956,7.041694513670388,0.925,-0.026888808061049013,False,0.13695846593982558,False,-0.5639033063667643,False,False
977,1569592091573300480,13.775503324156823,7.016867043403419,0.96,-0.06729878830683961,False,0.07833013610908146,False,-0.3827950409881806,False,False
978,1569592091640048384,12.701118134644775,6.980273986052769,0.9222222222222223,-0.12634478124705165,False,-0.03974445750410969,False,-0.5922291670785219,False,False
979,1569592091706797824,11.59971738315945,6.96768094800586,0.915,-0.1992094224894017,False,-0.1489072126889553,False,-0.8031084796670501,False,False
980,1569592091773554176,12.06535266595889,6.97862178350057,0.99,-0.23688381110991558,False,-0.20228877596158804,False,-0.28324843817795564,False,False
981,1569592091840429312,13.691255133355945,6.992437856485824,0.96,-0.2167072658632187,False,-0.21057062891542064,False,-0.18633663325601715,False,False
982,1569592091907168256,15.0815126218715,7.009519764642325,0.895,-0.1627814420187503,False,-0.18040753247919794,False,-0.6969771887382483,False,False
983,1569592091973922816,14.835425702221682,7.028392728113353,0.975,-0.13207868696920416,False,-0.11956248790876298,False,-0.34245164658800653,False,False
984,1569592092040696064,14.648235652768113,7.037640121309231,0.98,-0.11594589783283141,False,-0.057503582504985364,False,-0.04978539639610125,False,False
985,1569592092107428096,13.943829120068859,7.039679692076423,0.935,-0.12481968406923105,False,-0.009768696824946587,False,-0.2454043574424021,False,False
986,1569592092174297088,13.592087384773187,7.02728564177607,0.945,-0.14110149039201403,False,-0.0024459126207897535,False,-0.2933408888013412,False,False
987,1569592092241050368,12.972482101405925,7.028988066994916,0.935,-0.17023768429197705,False,0.006263938086486624,False,-0.4158932021260697,False,False
988,1569592092307828224,13.092590319296912,7.030804241804412,0.91,-0.18719439342593674,False,0.01618419805719504,False,-0.7241716748870722,False,False
989,1569592092374552320,13.670425916314537,7.024994189171431,0.96,-0.18252100153717138,False,0.010897206736484113,False,-0.4949828989523981,False,False
990,1569592092441297664,14.542473951714612,7.040662826951774,0.965,-0.1542834124115605,False,0.04018152588590303,False,-0.29005238511138887,False,False
991,1569592092508167168,14.902814533614276,7.034121779313149,0.935,-0.12420076421996473,False,0.0469105041141781,False,-0.41359124954310705,False,False
992,1569592092574926592,14.34284203223122,7.031339858564582,0.92,-0.11917458900130341,False,0.04576436089773436,False,-0.6335635667055229,False,False
993,1569592092641667840,12.647855643511704,7.040469806718576,0.855,-0.164182715066543,False,0.06418219257060127,False,-1.3660230076468054,False,False
994,1569592092708419328,13.86649444446908,7.118831431696883,0.895,-0.1607995017408733,False,0.2420395512652274,False,-1.5227576508117995,False,False
995,1569592092775184896,13.5522884429831,7.096649443655675,0.955,-0.16742678271306877,False,0.3198427519081945,False,-1.0984914527864444,False,False
996,1569592092842059776,12.997690481609133,7.0794243261978025,0.915,-0.18794368803619896,False,0.3380431183181474,False,-1.1574920796625943,False,False
997,1569592092908796160,12.58130678011488,7.060217181859125,0.93,-0.21422633863276172,False,0.31034898877651146,False,-1.0652974064156866,False,False
998,1569592092975546624,12.138182957675392,7.0256838327254085,0.945,-0.24531056462452452,False,0.2182643801041129,False,-0.86726602308264,False,False
999,1569592093042308096,11.891397160271586,7.032793102284469,0.905,-0.27413485291333717,False,0.1687714053753205,False,-1.0846310202434115,False,False
1000,1569592093109054720,12.078737533770344,7.024714375056717,0.935,-0.28894841162949814,False,0.11711919438497742,False,-0.9697962941355219,False,False
1001,1569592093175793152,10.782601786089504,7.032364953216048,0.795,-0.33642549563561774,False,0.09706844697009609,False,-2.1353663650886547,False,False
1002,1569592093242695936,10.400355226725187,7.019555142138064,0.825,-0.3806029453045999,False,0.05606603911700294,False,-2.6842751906354247,False,False
1003,1569592093309429760,9.680918042099151,7.048286026421204,0.9,-0.432124217298916,False,0.0878478719171523,False,-2.4010358082170966,False,False
1004,1569592093376168704,9.183208328353128,7.048783426550238,0.93,-0.482438239759616,False,0.11114226882992466,False,-1.9357780164038398,False,False
1005,1569592093442940672,8.857273084933254,7.05052369222799,0.895,-0.5269893869786679,False,0.1311119091936086,False,-1.9215861569417259,False,False
1006,1569592093509667840,9.116862196637173,7.048809875294764,0.949238578680203,-0.550743308690204,False,0.14148277413984947,False,-1.4289461793915514,False,False
1007,1569592093576557824,9.255266104912613,7.057281100964275,0.9166666666666666,-0.5634086325956725,False,0.16657578590233094,False,-1.373977598057263,False,False
1008,1569592093643299328,9.515704133702272,7.041793979108578,0.8704663212435233,-0.5648181739981808,False,0.151537803715988,False,-1.7466676104221328,False,False
1009,1569592093710053376,9.802985246872913,7.0351807744127655,0.9067357512953368,-0.5575801661631038,False,0.12708926782916774,False,-1.6847645104690787,False,False
1010,1569592093776802816,9.575374300674367,7.037989710813074,0.9477124183006536,-0.5590299262269318,False,0.11588859333950327,False,-1.2767533569200216,False,False
1011,1569592093843548416,9.18856850659984,7.037021518191845,0.96045197740113,-0.5711187773050505,False,0.10600990700381589,False,-0.8777676247879587,False,False
1012,1569592093910423808,8.981355274681725,7.024512044758061,0.8657718120805369,-0.5855133642218976,False,0.072760204986504,False,-1.4411002309189864,False,False
1013,1569592093977176064,9.118616227089463,7.02009355994482,0.852112676056338,-0.5916598759154447,False,0.040183733040836625,False,-1.9569949148237826,False,False
1014,1569592094043923200,9.82433739289647,7.025291049858179,0.9426229508196722,-0.5757580583077828,False,0.02832182470403256,False,-1.5126092420816752,False,False
1015,1569592094110669312,10.39766162781823,7.038718171538291,0.9548872180451128,-0.5482128553042456,False,0.048284919926081485,False,-1.092391289322424,False,False
1016,1569592094177432832,9.883865162454226,7.086382868329231,0.9019607843137255,-0.5436408993644806,False,0.16260157977037404,False,-1.269266735852218,False,False
1017,1569592094244297728,9.380687055263348,7.029409338438006,0.936046511627907,-0.5548462191120392,False,0.12268403256224383,False,-1.08972768259237,False,False
1018,1569592094311045632,9.095601718458244,7.029204028652445,0.963855421686747,-0.5708517659852865,False,0.0943095366389689,False,-0.7165601076719967,False,False
1019,1569592094377792000,9.050318042454245,7.004778131794566,0.9097222222222222,-0.5833520934146456,False,0.023026619948212045,False,-0.937110640474039,False,False
1020,1569592094444542464,8.629571092726666,7.01269494308809,0.9393939393939394,-0.6041480566784432,False,-0.010205154313493605,False,-0.8274273995116462,False,False
1021,1569592094511299072,10.005109364500644,7.004715635206766,0.9733333333333334,-0.5793243911820052,False,-0.05026522992699692,False,-0.44859958435829733,False,False
1022,1569592094578184960,10.705246274562661,7.008565644875684,0.9865771812080537,-0.5419033234505738,False,-0.07020234156887695,False,-0.06555418334134147,False,False
1023,1569592094644916992,10.810176577405707,6.986562771243003,0.9929577464788732,-0.5127044840919952,False,-0.13047820311756428,False,0.2593625490928982,False,False
1024,1569592094711693824,10.77310100262315,6.967839478479916,0.9942528735632183,-0.4933267481198118,False,-0.2120871003436559,False,0.49833047081399223,False,False
1025,1569592094778419712,10.298006859875171,6.955900377431801,0.9727891156462585,-0.49336399470356596,False,-0.2943472167146106,False,0.4745875647948996,False,False
1026,1569592094845168640,10.105298386197862,6.952217315237418,0.9438202247191011,-0.4989071959025592,False,-0.35968278593430963,False,0.20015384120947385,False,False
1027,1569592094912043008,9.797171806064418,6.921131869437481,0.9393939393939394,-0.5116089168369761,False,-0.47085796500361693,False,-0.031342262333190846,False,False
1028,1569592094978792960,9.869542228792781,6.933969009934804,0.9634146341463414,-0.5184281994799992,False,-0.5216561724990866,False,0.02038682103601581,False,False
1029,1569592095045556480,9.919385606244687,6.925639928727367,0.9753086419753086,-0.5217747111808673,False,-0.5747490851820819,False,0.16244997325932942,False,False
1030,1569592095112303616,10.508267625722032,6.918915449225086,0.9421965317919075,-0.50725792860657,False,-0.6260703252758483,False,-0.03279281081656518,False,False
1031,1569592095179048192,10.652988854865901,6.906346864201632,0.9581151832460733,-0.4929528983857545,False,-0.6884542551213423,False,-0.02779194902160175,False,False
1032,1569592095245792768,10.505397339577051,6.868510910535607,0.9289617486338798,-0.4871648342292965,False,-0.8117742820861005,False,-0.28374741379811913,False,False
1033,1569592095312678656,10.783778205349106,6.888645074326308,0.9587628865979382,-0.47514331127417725,False,-0.85571237743625,False,-0.1976958223394279,False,False
1034,1569592095379423488,9.912246840921275,6.8570911538101775,0.7591623036649214,-0.4916796680274897,False,-0.9528955457147393,False,-1.9138398540468007,False,False
1035,1569592095446167808,9.687879235234321,6.9371725710724315,0.8548387096774194,-0.5096786284000129,False,-0.852338424523127,False,-2.263651840098173,False,False
1036,1569592095512929792,10.155121618634837,6.870243029794551,0.9591836734693877,-0.5089010300805786,False,-0.9228467877738545,False,-1.5798840547122923,False,False
1037,1569592095579674880,10.897024465591167,6.894558943456815,0.9473684210526315,-0.48711647552623993,False,-0.9210134062982616,False,-1.206398501301809,False,False
1038,1569592095646543616,10.377065654741594,6.884932073945432,0.9619565217391305,-0.4867533977743951,False,-0.9399962772446316,False,-0.8151292715218138,False,False
1039,1569592095713297408,10.394913180324211,6.8971318925013385,0.9494949494949495,-0.4859882793423174,False,-0.9276015428057118,False,-0.6521447428880415,False,False
1040,1569592095780055296,9.484988277342799,6.912656400779877,0.925,-0.5115033033567665,False,-0.8862434333430534,False,-0.7560526413602416,False,False
1041,1569592095846801920,9.226566359944883,6.912675825004438,0.9468085106382979,-0.5367622854322975,False,-0.8572518653414666,False,-0.6346995321890518,False,False
1042,1569592095913548032,8.6686399248714,6.926374342074659,0.9562841530054644,-0.5704166737433017,False,-0.8081200020907586,False,-0.4654222264593903,False,False
1043,1569592095980419072,8.718420427470562,6.934876794365346,0.9493670886075949,-0.592549559481266,False,-0.7558285540357806,False,-0.4084877315767172,False,False
1044,1569592096047180288,9.33744726610217,6.936124293329216,0.955,-0.5903202105513842,False,-0.7165983376788623,False,-0.3185025093218876,False,False
1045,1569592096113925376,8.756955422350677,6.9076859799793935,0.9086294416243654,-0.6053788013417106,False,-0.7490047917258753,False,-0.6681957128535034,False,False
1046,1569592096180668160,8.816951876534457,6.936860186972404,0.9106145251396648,-0.6142021522183506,False,-0.7102725197001183,False,-0.8953143589040509,False,False
1047,1569592096247424512,8.411600715240917,6.927967246558389,0.9127906976744186,-0.6319834596607926,False,-0.7018811186108673,False,-1.0349301847134789,False,False
1048,1569592096314301696,8.052130067626468,6.9392631194210415,0.8733333333333333,-0.654721804974773,False,-0.6722273569603663,False,-1.4838189477343366,False,False
1049,1569592096381043968,7.804224448696561,6.947544780066149,0.8811188811188811,-0.6777360366111056,False,-0.6340353849164493,False,-1.7287522435768112,False,False
1050,1569592096447794176,8.462221756249525,6.9477135324067065,0.9333333333333333,-0.6750079285429645,False,-0.606945751400655,False,-1.4355139406978166,False,False
1051,1569592096514550528,8.814588934862368,6.955028176072734,0.9144736842105263,-0.6630101908690649,False,-0.5725844083123641,False,-1.398091860220211,False,False
1052,1569592096581299456,9.421348373251707,6.928556582085097,0.9133333333333333,-0.6372406138984645,False,-0.6042587866532414,False,-1.3820451550951447,False,False
1053,1569592096648167680,9.567189338540535,6.929736258234371,0.9506172839506173,-0.6150265702226801,False,-0.6239474276175158,False,-1.0389974504608182,False,False
1054,1569592096714917376,9.137826426337048,6.9111420711552585,0.9078947368421053,-0.6117691435764401,False,-0.6768734804707363,False,-1.1790808048000214,False,False
1055,1569592096781692928,8.922816490540592,6.9092432350852855,0.9361702127659575,-0.615644551065095,False,-0.7179190983021442,False,-1.0254966310367635,False,False
1056,1569592096848419840,8.304624108568653,6.8727820817972,0.8848920863309353,-0.6360558152574589,False,-0.8234081124774071,False,-1.374346325047891,False,False
1057,1569592096915177984,8.44517699031084,6.855686043011104,0.9305555555555556,-0.6463197550716904,False,-0.9332405633418169,False,-1.2121511147757587,False,False
1058,1569592096982043392,9.41117290470124,6.886509006155334,0.946969696969697,-0.6258486264320454,False,-0.9452355700640369,False,-0.9525339577550685,False,False
1059,1569592097048799744,10.169598875079659,6.887056695740471,0.9407407407407408,-0.5898055534912078,False,-0.9524790927479662,False,-0.8262376284940987,False,False
1060,1569592097115543040,10.039477178713678,6.88105793749388,0.9652777777777778,-0.5683007089411962,False,-0.9701779901289754,False,-0.5194585640857594,False,False
1061,1569592097182293504,9.93771228724164,6.944420230389753,0.9285714285714286,-0.5561607858643728,False,-0.849178549713131,False,-0.6313877657081147,False,False
1062,1569592097249067776,9.388804319551678,6.921691757084593,0.9562043795620438,-0.5633777472298817,False,-0.812326338580974,False,-0.4638139475739933,False,False
1063,1569592097315798784,8.35614541139669,6.9406859351250905,0.9161290322580645,-0.5979940284214514,False,-0.7465437359307955,False,-0.7031698068265534,False,False
1064,1569592097382667264,8.959314228890914,6.904727871073093,0.9186991869918699,-0.6049570619899759,False,-0.7761939052545002,False,-0.8478453686899199,False,False
1065,1569592097449427200,9.77682881215054,6.9021775166143815,0.9791666666666666,-0.5864262308729489,False,-0.8023179643625254,False,-0.4109773969818967,False,False
1066,1569592097516174592,10.983828764958503,6.930386698766546,0.9463087248322147,-0.538898960795989,False,-0.7612195613426533,False,-0.3975947919368214,False,False
1067,1569592097582930176,11.621089665426439,6.934960149453477,0.9254658385093167,-0.48738547248762015,False,-0.7228227685254401,False,-0.573721864760837,False,False
1068,1569592097649670400,10.72403330782599,6.92980238028511,0.9515151515151515,-0.47700821881452987,False,-0.7068030164882824,False,-0.46518041848394975,False,False
1069,1569592097716545280,10.256173267771105,6.931107376890871,0.9846938775510204,-0.48313869496495604,False,-0.6928419447876496,False,-0.09392155607857144,False,False
1070,1569592097783311104,10.337916109210372,6.952562004082669,0.935064935064935,-0.48508977950507853,False,-0.6379034654978555,False,-0.27572176830212597,False,False
1071,1569592097850061056,10.935671373137962,6.974173374585774,0.9666666666666667,-0.4693421622253208,False,-0.5539508289099491,False,-0.12173680342728674,False,False
1072,1569592097916798720,11.999449776918416,6.989445877002767,0.9044585987261147,-0.4278634893065547,False,-0.4630327041981724,False,-0.5675788613997867,False,False
1073,1569592097983544832,12.229503049732097,6.990823249407054,0.9259259259259259,-0.39224213036165856,False,-0.39649040795661344,False,-0.6886160853023995,False,False
1074,1569592098050423552,13.023927590120941,7.021299489915007,0.9878787878787879,-0.344563278632179,False,-0.28575300327677844,False,-0.22198185877767812,False,False
1075,1569592098117169664,12.849623126704659,7.028586249204651,0.935,-0.3161783151818968,False,-0.19289692184529847,False,-0.36594188110950987,False,False
1076,1569592098183925504,12.679266536241402,7.06291625584832,0.94,-0.30118604828055145,False,-0.05562701822770984,False,-0.42221552605505336,False,False
1077,1569592098250675968,11.441999891842286,7.086685807540993,0.8979591836734694,-0.3261136670613358,False,0.09050096289617103,False,-0.8357566432911375,False,False
1078,1569592098317430016,11.012074310192496,7.063200962197667,0.935,-0.35587151302513287,False,0.14335085757197788,False,-0.7955842302689314,False,False
1079,1569592098384295424,11.796288670877656,7.0504536928900405,0.895,-0.35425041608308194,False,0.15351056050800232,False,-1.1234505066472908,False,False
1080,1569592098451052032,12.606066756539914,7.065534091300663,0.82,-0.32993218491761905,False,0.19236921925242062,False,-2.0204324604132067,False,False
1081,1569592098517814784,12.436113826002657,7.035983692489571,0.815,-0.3177750740728754,False,0.15736154117948825,False,-2.692818198736085,True,True
1082,1569592098584551936,11.702901108692444,7.031628625625829,0.835,-0.3302565389869076,False,0.12368799183031212,False,-2.985494732815147,True,True
1083,1569592098651329792,10.367309605257525,6.984711339219945,0.62,-0.37723075207104945,False,0.0013474432074811235,False,-5.103798246200211,True,True
1084,1569592098718172928,10.249709920515805,7.0012660008003635,0.77,-0.4134795100190262,False,-0.04944049324958878,False,-5.251659584967627,True,True
1085,1569592098784930560,9.21937959303477,7.0101433367595405,0.79,-0.4683513829433565,False,-0.06630370953755196,False,-5.1771690393578655,True,True
1086,1569592098851680256,8.554992168334401,6.994185207824779,0.695,-0.5257827094441834,False,-0.11170260334221213,False,-5.970494700479048,True,True
1087,1569592098918423296,8.118770094851355,6.9875592474877966,0.8383233532934131,-0.578473415615365,False,-0.15743063020942005,False,-5.250291522680566,True,True
1088,1569592098985167616,8.359223690085374,6.9895578122634525,0.9719101123595506,-0.6084728670095909,False,-0.18523292187730353,False,-3.557270673468647,True,True
1089,1569592099052060672,7.970645202269004,6.956396832308542,0.9820359281437125,-0.6405972531828493,False,-0.27450416775629044,False,-2.28203961816645,True,True
1090,1569592099118795520,7.847675869085278,6.936779273185868,0.9772727272727273,-0.6666048621234236,False,-0.37829242054277007,False,-1.4317688150574113,True,True
1091,1569592099185542912,7.316081398291028,6.907155582644116,0.9815950920245399,-0.7000294208179154,False,-0.5133072285527958,False,-0.7981116150871985,True,True
1092,1569592099252299264,7.086716937592264,6.908910917910966,0.9457831325301205,-0.7299931795260616,False,-0.6041223075238686,False,-0.6732663448282692,True,True
1093,1569592099319049472,7.599682347711404,6.905168833649276,0.9818181818181818,-0.7362819170747281,False,-0.6755706023009992,False,-0.2651744594600151,True,True
1094,1569592099385792256,8.015070403151682,6.907059440295629,0.9821428571428571,-0.7287917212407333,False,-0.7216043521816855,False,0.023379364887809947,True,True
1095,1569592099452667648,8.193808492762486,6.908865511682079,0.964824120603015,-0.7184314193246822,False,-0.7500258820887602,False,0.07123593025611902,True,True
1096,1569592099519442944,7.744981105971794,6.918981605036887,0.955,-0.7240288682010262,False,-0.7486248135978207,False,0.017304053961098693,False,False
1097,1569592099586178816,8.263683696974999,6.896883532417057,0.905,-0.7130969368027472,False,-0.7941643595116454,False,-0.46543196631279404,False,False
1098,1569592099652930304,6.921716873550302,7.023047886127513,0.8563829787234043,-0.7438642940747017,False,-0.5604440906480052,False,-1.2360228273947087,False,False
1099,1569592099719668480,7.578753563683764,7.002037628609226,0.865979381443299,-0.7465908758549068,False,-0.4410701559405332,False,-1.6900315730542317,False,False
1100,1569592099786556672,7.671376208489942,7.0435267150755045,0.8883248730964467,-0.7458477520586932,False,-0.2701666444027491,False,-1.8089701008640644,False,False
1101,1569592099853303552,8.459532446151075,7.054097377589506,0.9583333333333334,-0.722763122699378,False,-0.1282810996033255,False,-1.2691745873652056,False,False
1102,1569592099920043776,8.294848204876152,7.063488117153797,0.9433962264150944,-0.7113186936897823,False,-0.009192074953017751,False,-1.024253112043048,False,False
1103,1569592099986797824,8.216010682022539,7.083561322191473,0.9560439560439561,-0.7055646646110673,False,0.1164278370290786,False,-0.7402474070433953,False,False
1104,1569592100053549568,8.386160333101454,7.076123725110263,0.934010152284264,-0.6966655612931839,False,0.1887043374234764,False,-0.7375370870111587,False,False
1105,1569592100120434688,9.304465054548656,7.0692133643413415,0.9766081871345029,-0.6641456728522752,False,0.22475037402440706,False,-0.3565312339300929,False,False
1106,1569592100187169280,8.907595615778922,7.08162098293321,0.9880239520958084,-0.6527438861185829,False,0.2761027990350823,False,0.011769451410822333,False,False
1107,1569592100253948160,8.665997789019386,7.090891438829505,0.9725274725274725,-0.6516794369962823,False,0.33156542175050624,False,0.13166631271520762,False,False
1108,1569592100320732672,9.092261663921619,7.091746682138476,0.9415584415584416,-0.6387306422722507,False,0.3721896938584508,False,-0.06002016834552468,False,False
1109,1569592100387417600,8.70671041966281,7.0984131821906065,0.9631901840490797,-0.6407045879863756,False,0.4146608287031334,False,-0.0016852458983408615,False,False
1110,1569592100454304256,9.4089056111135,7.101855046745907,0.9851851851851852,-0.6219829207345907,False,0.45163634779107026,False,0.2348975425766116,False,False
1111,1569592100521056768,9.576245066121716,7.097003448774473,0.9558011049723757,-0.6040869249318995,False,0.4673057519432137,False,0.13899675578939666,False,False
1112,1569592100587794176,9.995187416377043,7.104938709534924,0.9925925925925926,-0.579565658412651,False,0.49497944161457175,False,0.39929845588653184,False,False
1113,1569592100654542592,10.162574163921619,7.116033822483804,0.9923664122137404,-0.557608589165644,False,0.5377081706679809,False,0.5794967142864793,False,False
1114,1569592100721319424,11.140585226517421,7.146381809646792,0.9556962025316456,-0.5142387676608142,False,0.6315060826744666,False,0.3792825784475938,False,False
1115,1569592100788178432,10.61836608038452,7.154268626453525,0.9635036496350365,-0.4988307150937884,False,0.713767744879053,False,0.3086164184251319,False,False
1116,1569592100854958336,10.627778237241397,7.161130306871268,0.9663865546218487,-0.48777561386336027,False,0.7857959414747377,False,0.2848070213609691,False,False
1117,1569592100921688320,11.190816319551006,7.173175732193554,1.0,-0.46391759873425775,False,0.8615733985304843,False,0.5672891539151339,False,False
1118,1569592100988427776,10.814051145520807,7.18266802274673,0.9416058394160584,-0.4580035502178333,False,0.9346005442889398,False,0.24533764598202457,False,False
1119,1569592101055174400,11.656192179895536,7.1896922221968955,0.9415584415584416,-0.4297537210433151,False,1.000506710257488,False,0.019549764941251782,False,False
1120,1569592101121920000,10.064149881250927,7.197437959812426,0.9041095890410958,-0.45555806147903144,False,1.0629471539524045,False,-0.47178433600925535,False,False
1121,1569592101188796416,10.453005953160362,7.206746851427512,0.990909090909091,-0.4624883825198141,False,1.126252303632983,False,-0.04323092476536298,False,False
1122,1569592101255555584,10.197089080909695,7.2002592600250654,0.9375,-0.4746663545662578,False,1.1569083979259538,False,-0.21856704195752025,False,False
1123,1569592101322305280,10.213066025333896,7.231016818590907,0.9675324675324676,-0.4827335246151592,False,1.2431176847784389,False,-0.07402314941260167,False,False
1124,1569592101389042688,10.266111699357245,7.233052889988585,0.9615384615384616,-0.4868618776604755,False,1.3077504706899141,False,-0.02618712475511845,False,False
1125,1569592101455793664,10.069853405221908,7.234882220283282,0.9833333333333333,-0.4953704826236948,False,1.3568444798925017,False,0.20126534934474558,False,False
1126,1569592101522690304,10.285056148657215,7.221370176579105,0.9318181818181818,-0.49516537998929505,False,1.3627650796166293,False,-0.09798598040628133,False,False
1127,1569592101589429248,9.995361552863322,7.217183626044049,0.9596774193548387,-0.5033155915291526,False,1.3580960809643279,False,-0.05952377544079631,False,False
1128,1569592101656168704,9.644606410213473,7.201097527183446,0.9230769230769231,-0.5190626500057182,False,1.3209637405096475,False,-0.3583327221036062,False,False
1129,1569592101722925312,10.012557658351765,7.227376526390793,0.9158878504672897,-0.5195513663033823,False,1.3502929751183819,False,-0.6314793883430415,False,False
1130,1569592101789687296,9.58491938426472,7.2422653267160575,0.8032786885245902,-0.5321364962785696,False,1.402166958674555,False,-1.8248669008804692,False,False
1131,1569592101856545536,9.729890912612296,7.234335372516144,0.9224806201550387,-0.536795638925573,False,1.4217848116337068,False,-1.5993798116032962,False,False
1132,1569592101923294976,10.179149247711281,7.246776520721215,0.9689922480620154,-0.5271950407680251,False,1.4617080937740832,False,-1.0276005171396232,False,False
1133,1569592101990082048,10.181087983945222,7.231725910264167,0.972972972972973,-0.5204191171964277,False,1.4579702334165094,False,-0.5919278564771072,False,False
1134,1569592102056804352,9.554405931876673,7.222132057421959,1.0,-0.5336175038347314,False,1.4351569990292954,False,-0.04642526057151882,False,False
1135,1569592102123544576,9.88605299137226,7.20795660154406,0.989010989010989,-0.5333615170996232,False,1.3893459300031865,False,0.23762793966846243,False,False
1136,1569592102190426624,9.89146795552115,7.213564320978045,0.9914529914529915,-0.5330272991931885,False,1.3690834083409762,False,0.45819820581287524,False,False
1137,1569592102257168896,9.625758945883861,7.223361746182093,1.0,-0.540400437025879,False,1.3755249306122233,False,0.6886629830314689,False,False
1138,1569592102323919616,10.11818086955252,7.229766854507084,0.9939024390243902,-0.5314638877181742,False,1.393517865433307,False,0.7957220213689505,False,False
1139,1569592102390666752,9.99053311312792,7.230374680897237,0.9782608695652174,-0.5288627822873146,False,1.4073925002841905,False,0.7314584770218586,False,False
1140,1569592102457423360,11.04931984812334,7.231678034875088,0.984251968503937,-0.4967295761609974,False,1.4198485319364136,False,0.7397928242581095,False,False
1141,1569592102524334592,11.248646141769292,7.23882733322486,0.9467455621301775,-0.468529739046112,False,1.4436182730150526,False,0.41183207253408877,False,False
1142,1569592102591061248,11.36882590206922,7.215436150723462,0.87,-0.44534917825320725,False,1.4110145762639055,False,-0.5007509481188638,False,False
1143,1569592102657792768,11.443377167593026,7.23580491520967,0.87,-0.42698842745942805,False,1.4310717874107888,False,-1.1395590625759298,False,False
1144,1569592102724548096,10.404259129472202,7.220922919682434,0.8552631578947368,-0.443885231175522,False,1.4137826411692527,False,-1.7178778352462616,False,False
1145,1569592102791304704,9.382883657402811,7.218430753788535,0.918918918918919,-0.48495436397147734,False,1.3964337952880996,False,-1.5561854460354052,False,False
1146,1569592102858042112,8.730912004125415,7.2090637892050555,0.9318181818181818,-0.5323683162565019,False,1.364570510358418,False,-1.3282015371723876,False,False
1147,1569592102924936448,9.034542746274225,7.198107011845243,0.9728260869565217,-0.5568653159192208,False,1.3192002851466744,False,-0.8036558081817918,False,False
1148,1569592102991674880,9.233265926660856,7.18691924421481,0.9770114942528736,-0.568323889629329,False,1.2638889269635492,False,-0.39922503681876487,False,False
1149,1569592103058426880,8.943555238801208,7.173752358393941,0.9683544303797469,-0.5846391353165805,False,1.197452387012117,False,-0.1931685443216774,False,False
1150,1569592103125169152,9.231149473148694,7.1545287877579735,0.9680851063829787,-0.5878261560084059,False,1.1104778427991338,False,-0.051325895382322094,False,False
1151,1569592103191918336,9.102880145334302,7.157348682762738,0.9482758620689655,-0.5937293447951449,False,1.05553203225328,False,-0.12833186042659514,False,False
1152,1569592103258810624,8.960501408601905,7.141552142394622,0.9516129032258065,-0.6019377952049604,False,0.9838154945606408,False,-0.1525374570787821,False,False
1153,1569592103325550336,9.114661897828011,7.1201251830769685,0.9942528735632183,-0.603270187690347,False,0.8885064347731453,False,0.21000046649381604,False,False
1154,1569592103392292864,9.45777906579213,7.105454575242567,0.9830508474576272,-0.5943796226882584,False,0.7909059068091379,False,0.364082630976812,False,False
1155,1569592103459042816,10.261710687222962,7.098516971085276,0.955,-0.565140144662466,False,0.7079806714790078,False,0.22229674446558512,False,False
1156,1569592103525803008,10.350852817216614,7.076531335371806,0.9536082474226805,-0.5421204240639185,False,0.6036494121725021,False,0.1106604794897659,False,False
1157,1569592103592674304,9.674125831396081,7.084414286621653,0.9408284023668639,-0.5453809093691848,False,0.547212516787103,False,-0.08122136251586241,False,False
1158,1569592103659435264,9.677683050205804,7.091337344497651,0.9392265193370166,-0.5475614080313452,False,0.5222809333155691,False,-0.22979488889159327,False,False
1159,1569592103726201088,9.683573861253796,7.061343085707046,0.9732620320855615,-0.5489191066902689,False,0.4416856830838874,False,-0.030891384795016637,False,False
1160,1569592103792924160,9.909792017520967,7.056078704537082,0.975609756097561,-0.5433930049476331,False,0.374186568144375,False,0.1292350467438047,False,False
1161,1569592103859668224,10.38025966487845,7.048546814696343,0.9770114942528736,-0.5260555257653805,False,0.3110812470025989,False,0.2537985616291481,False,False
1162,1569592103926547968,10.24578026309866,7.052768004675627,0.9444444444444444,-0.5177693553516383,False,0.27579386272920037,False,0.05115689113910764,False,False
1163,1569592103993303552,10.672642583053081,7.060856947803386,0.9933333333333333,-0.4997482225989134,False,0.26812132866781574,False,0.34440290184417993,False,False
1164,1569592104060066816,10.656214359255907,7.06159627606427,0.9936708860759493,-0.48760375991473354,False,0.264306969655456,False,0.5526792187511835,False,False
1165,1569592104126796032,10.795284003556814,7.058819033174043,0.9880239520958084,-0.4751211551181121,False,0.25579033807758794,False,0.6482167682877126,False,False
1166,1569592104193546752,10.784570310379177,7.065018779648449,0.9574468085106383,-0.46669005840207617,False,0.262880242720759,False,0.44296643900438615,False,False
1167,1569592104260426752,11.20697928106455,7.06585414061227,0.9881656804733728,-0.44869497396949953,False,0.2696017563767213,False,0.572679158841295,False,False
1168,1569592104327168256,10.655881916833145,7.05197834360574,0.9883720930232558,-0.4518760035023013,False,0.2450958451260995,False,0.6653150671589474,False,False
1169,1569592104393924608,11.03437058411128,7.053400273105848,0.9886363636363636,-0.443266819518231,False,0.23093511664558283,False,0.7325121253220442,False,False
1170,1569592104460668672,11.60449516623822,7.049713483990075,0.9808917197452229,-0.4209180642011275,False,0.21326127313017815,False,0.7106252590952598,False,False
1171,1569592104527417856,10.876836048050954,7.048699584042504,0.9651162790697675,-0.42610638175608057,False,0.1987551465891779,False,0.5549081713518965,False,False
1172,1569592104594300416,10.695427251859758,7.032420939541243,0.9748427672955975,-0.43493182961228544,False,0.15433147448421497,False,0.5324687856421798,False,False
1173,1569592104661047808,10.717815970495993,7.029394014287332,0.9933774834437086,-0.4404686674589627,False,0.11686269885424615,False,0.6817141495917968,False,False
1174,1569592104727792640,10.692106694688206,7.0277856114400485,0.9931506849315068,-0.44508049517437104,False,0.08724858762616769,False,0.7841674715030977,False,False
1175,1569592104794586112,10.643110140690665,7.038831603367324,0.9782608695652174,-0.4497115166743023,False,0.0897724477392679,False,0.7233702921157626,False,False
1176,1569592104861298944,11.492737165809492,7.0309496298244145,0.99,-0.4286289170639698,False,0.07494622193276586,False,0.7852867020700106,False,False
1177,1569592104928066048,11.080721135420031,7.026556956051621,0.9806451612903225,-0.42566687039006346,False,0.055320520072853145,False,0.7453731729144119,False,False
1178,1569592104994918400,12.137604997752987,7.031655841338736,0.9896373056994818,-0.39333548350228,False,0.05231657087417309,False,0.7974608575429799,False,False
1179,1569592105061672704,12.51789250952324,7.023930421350551,0.9825581395348837,-0.35981610817956505,False,0.03395045106444624,False,0.770919964753922,False,False
1180,1569592105128418560,13.999461719642486,7.05321929436734,0.99,-0.2939361031884373,False,0.08275234901900576,False,0.8185714729167235,False,False
1181,1569592105195167232,14.369961504680127,7.057095230436785,0.9743589743589743,-0.237212911968289,False,0.1250731984660351,False,0.7127274972516606,False,False
1182,1569592105261938688,16.08968927282259,7.085584147190055,0.9742268041237113,-0.1482718984689926,False,0.21467192755863188,False,0.637460442261619,False,False
1183,1569592105328824320,15.661275137267536,7.094953090513545,0.95,-0.09827843003709222,False,0.29711429632887554,False,0.3691628416782084,False,False
1184,1569592105395542016,16.863561569046286,7.082928290632093,0.8655913978494624,-0.028862259133694012,False,0.329509655176603,False,-0.5698545322589744,False,False
1185,1569592105462292480,12.785733726471868,7.077810353463898,0.9,-0.09701671693156634,False,0.3414122567369408,False,-0.9209413473535804,False,False
1186,1569592105529052928,10.190646333972747,7.05443428781744,0.85,-0.2190206406541708,False,0.3005333859370172,False,-1.6116858247871813,False,False
1187,1569592105595793920,9.365817902631047,7.056483863602097,0.905,-0.32803773298057437,False,0.2762328905797856,False,-1.605724881436586,False,False
1188,1569592105662682624,9.16621540308239,7.046674805668857,0.9747474747474747,-0.41006419804567124,False,0.238572767472762,False,-0.9808224239357711,False,False
1189,1569592105729424128,8.875223486690864,7.0455603045085615,0.975,-0.475813648489628,False,0.2098644621332443,False,-0.5411433112262725,False,False
1190,1569592105796175616,8.845434083343966,7.0428210208765485,0.99,-0.5226911166395017,False,0.1840019789799952,False,-0.09987282026941395,False,False
1191,1569592105862919168,8.648469075828087,7.04033299314419,0.98,-0.5611443349582199,False,0.1606605088118261,False,0.1200197820269162,False,False
1192,1569592105929708288,8.617261579674508,7.049155481798379,0.955,-0.588955039771145,False,0.1628943557909571,False,0.05145275020065705,False,False
1193,1569592105996558336,8.796075319026716,7.055794253041072,0.96,-0.6033032025009903,False,0.17843381906934755,False,0.04795419860901041,False,False
1194,1569592106063307008,9.123133971452903,7.059044099640305,0.9789473684210527,-0.603983422385935,False,0.19615293680073237,False,0.214130617202497,False,False
1195,1569592106130043648,9.374346772334949,7.054965189890892,0.99,-0.5972675037433312,False,0.1999695033656697,False,0.4288189296307254,False,False
1196,1569592106196794624,9.700223492677413,7.05779819782578,0.99,-0.5832367046777255,False,0.20860507536744,False,0.5791007483304892,False,False
1197,1569592106263560448,10.03787116609168,7.092756588435991,0.9396984924623115,-0.5637484939546363,False,0.2882434801411896,False,0.23663099571756227,False,False
1198,1569592106330430976,10.686910295777349,7.135615054575089,0.965,-0.5315251435208795,False,0.43421490357607234,False,0.22207734115758276,False,False
1199,1569592106397178368,11.492060462575887,7.172190007116566,0.985,-0.4859178294662863,False,0.6133915489337601,False,0.389883265712548,False,False
1200,1569592106463957248,13.508322250353947,7.210593500066475,0.965,-0.3962683379762138,False,0.8196612458537224,False,0.32935393015407344,False,False
1201,1569592106530672896,14.983499812198081,7.250027232546148,0.9572192513368984,-0.29128024074343023,False,1.0470649126154785,False,0.21773726761693554,False,False
1202,1569592106597430784,15.188156905789304,7.30177713397481,0.98989898989899,-0.21192936223307873,False,1.315190040221491,False,0.43044462793726534,False,False
1203,1569592106664299264,15.340883630438721,7.339693619285806,0.99,-0.1520112722984891,False,1.5826984387653942,False,0.5802387371450619,False,False
1204,1569592106731052800,13.011667263810232,7.3039246317351685,0.975,-0.1767526838131078,False,1.6946543655526936,False,0.5515995015303106,False,False
1205,1569592106797800192,13.727005419320452,7.327806193699213,0.965,-0.17359196740454247,False,1.8232983640364433,False,0.44255529522650855,False,False
1206,1569592106864545024,13.760728958310372,7.339584754061791,0.945,-0.1704139811239281,False,1.938145085167551,False,0.18823086806689726,False,False
1207,1569592106931302656,14.1826359651323,7.340826027772378,0.9548387096774194,-0.1561104449219783,False,2.0211508874347293,False,0.09776507911616672,False,False
1208,1569592106998053888,14.24434229063054,7.329610651003007,0.9649122807017544,-0.14433135430876612,False,2.055644626437995,False,0.1240905263666667,False,False
1209,1569592107064925952,14.353141552027466,7.310997273203482,0.8901098901098901,-0.1329711329585902,False,2.040605839751258,False,-0.5231985615201666,False,False
1210,1569592107131670272,13.407096536751672,7.277445710233258,1.0,-0.15210368218838854,False,1.9594468020456146,False,0.0016852458983408615,False,False
1211,1569592107198419968,13.05985227230206,7.242992580171462,1.0,-0.1754378627003794,False,1.8301056327844436,False,0.3691039110912961,False,False
1212,1569592107265179904,12.160397519274982,7.211606708101222,1.0,-0.21752264183121045,False,1.6734940840323538,False,0.6262969767263622,False,False
1213,1569592107331923968,12.048291600007287,7.191618913901538,0.9945652173913043,-0.2501915127851018,False,1.5217882098773672,False,0.757964328446193,False,False
1214,1569592107398800128,11.48293400614225,7.1666428068493575,0.9893617021276596,-0.2892455729521447,False,1.3630150400812386,False,0.8038218844349206,False,False
1215,1569592107465554944,10.218294813597993,7.150551404497191,0.9942857142857143,-0.3527892803978905,False,1.2179986150518924,False,0.8797442772820543,False,False
1216,1569592107532304384,10.085964294155348,7.141469768700452,0.995,-0.4010584194049165,False,1.0973686915383216,False,0.9392468623731538,False,False
1217,1569592107599054848,9.447686634871618,7.130388812990601,0.9898477157360406,-0.4531203251624123,False,0.989600402250677,False,0.9350450209247019,False,False
1218,1569592107665801728,9.151792815440245,7.1228094171771215,0.995,-0.49803492264955745,False,0.8982066507138038,False,0.9779573829230068,False,False
1219,1569592107732681984,9.242496011080883,7.115114643798716,0.98,-0.5268783625322581,False,0.8180321857216594,False,0.8745009242616101,False,False
1220,1569592107799435520,9.944504939652312,7.116567326011944,1.0,-0.5269706737935451,False,0.7649682094424096,False,0.98007488594558,False,False
1221,1569592107866169600,9.853497622360914,7.11462018476554,0.995,-0.5296407768561046,False,0.7237243543983286,False,1.0094782884376214,False,False
1222,1569592107932921856,9.83387936337238,7.1206678945502375,1.0,-0.5320715080462961,False,0.7075851388881396,False,1.07455904086879,False,False
1223,1569592107999686656,9.887411283360485,7.122062094834664,0.995,-0.5322404329587427,False,0.6992227225945971,False,1.0756171968838684,False,False
1224,1569592108066544640,10.064838971798272,7.13050888993094,0.995,-0.5272790315687189,False,0.7111510068750865,False,1.0763579060944264,False,False
1225,1569592108133292032,10.177280928628337,7.1454219249918545,1.0,-0.5205869044785338,False,0.7508953435433674,False,1.12137477322855,False,False
1226,1569592108200042752,10.422143973175691,7.1545057617317855,0.994535519125683,-0.508892132687581,False,0.7978394385731765,False,1.1042544811112485,False,False
1227,1569592108266809344,10.700564175045818,7.159889007111177,1.0,-0.49273478821930394,False,0.842032974746479,False,1.1409023757403283,False,False
1228,1569592108333542912,10.985451494176942,7.160596945968019,0.995,-0.47326849316938024,False,0.874458784732722,False,1.1220575312939458,False,False
1229,1569592108400418048,11.02138328095854,7.165402435740575,1.0,-0.45861338102345156,False,0.9072732451386825,False,1.1533645108682176,False,False
1230,1569592108467173376,11.249525074985385,7.171412733911251,0.995,-0.44182323911641236,False,0.9428960924763484,False,1.1307810258834705,False,False
1231,1569592108533927168,11.754361384947769,7.176455902008855,1.0,-0.41561697752038057,False,0.9784488333223235,False,1.1594709570808857,False,False
1232,1569592108600680960,12.184444492559871,7.176840844508382,0.9942196531791907,-0.38495957171162287,False,1.0041461229592603,False,1.1281107058130198,False,False
1233,1569592108667429376,12.647131320564847,7.179748211879523,1.0,-0.35025293989744943,False,1.028254740683236,False,1.1576017330315693,False,False
1234,1569592108734202624,12.384668606823256,7.178801420263502,0.98,-0.33347244848066226,False,1.0431376117425637,False,1.000251969337604,False,False
1235,1569592108801049088,12.400341109750272,7.176757036247993,1.0,-0.32127741008367183,False,1.049251836860195,False,1.0681006174987782,False,False
1236,1569592108867803648,12.640660613646428,7.179272723045474,0.995,-0.30586067923515287,False,1.058827753555606,False,1.0710963005248617,False,False
1237,1569592108934544640,12.727294664729124,7.172789406282645,1.0,-0.2925886864630621,False,1.0518823836202837,False,1.1176916493298554,False,False
1238,1569592109001307136,12.061621378297408,7.172122846967825,0.9949748743718593,-0.3023561204303432,False,1.0456174011477315,False,1.1055864129036663,False,False
1239,1569592109068043776,12.953097010634009,7.174580980407705,0.9897959183673469,-0.28367090889832397,False,1.0464067126825347,False,1.0510217265935178,False,False
1240,1569592109134918656,13.35883233707293,7.1723382485183755,1.0,-0.25897530057827906,False,1.0422378892928703,False,1.1036394475779163,False,False
1241,1569592109201680384,13.3125038391439,7.167752296951285,0.995,-0.24301473200048343,False,1.0296654856855658,False,1.0959734815802582,False,False
1242,1569592109268443648,14.026449309636133,7.170541766317405,1.0,-0.21140250126811974,False,1.0267371222921118,False,1.1351056760686333,False,False
1243,1569592109335183872,14.307346817839104,7.167789274150873,1.0,-0.1812320117390355,False,1.0188927922341156,False,1.1624982122104988,False,False
1244,1569592109401930496,14.442518295498743,7.1646119526615974,1.0,-0.15624279033544194,False,1.006712945752299,False,1.1816729875098015,False,False
1245,1569592109468821504,14.712286268615722,7.169079331394642,1.0,-0.13102703928375223,False,1.0075916639704148,False,1.195095330219314,False,False
1246,1569592109535572480,14.541151712981524,7.167777126798271,1.0,-0.11827549373996546,False,1.0054653991147984,False,1.2044909701159772,False,False
1247,1569592109602300160,14.772103297052665,7.175313978357036,0.995,-0.10273740584237832,False,1.0198433996811036,False,1.1665695473568995,False,False
1248,1569592109669049856,15.459342387076925,7.184441326015222,1.0,-0.07218549932023056,False,1.0491226575050228,False,1.1845229221122826,False,False
1249,1569592109735794688,15.589234145628197,7.189567753777517,1.0,-0.047080441228557444,False,1.0804101617950634,False,1.1970902844410527,False,False
1250,1569592109802669312,16.524945304779454,7.197138061828081,1.0,-0.0027180485229257576,False,1.1182482325089633,False,1.2058874380711924,False,False
1251,1569592109869426432,17.21418281383247,7.197795476149448,0.995,0.048068084908963235,False,1.1461188537216231,False,1.1675470749255503,False,False
1252,1569592109936176640,16.911149620445336,7.207352280170204,1.0,0.07494271883890863,False,1.1857470264818144,False,1.1852071914103388,False,False
1253,1569592110002919936,16.05702647179827,7.205271527700975,1.0,0.06930192659631977,False,1.2091064008570973,False,1.19756927294969,False,False
1254,1569592110069686528,15.814391699449416,7.2106836283056035,0.975,0.058406883301864415,False,1.2368513778499173,False,0.9837308765935503,False,False
1255,1569592110136591104,16.589954472734597,7.208014073377092,0.97,0.07298425232857735,False,1.2506529834016737,False,0.7895456284575111,False,False
1256,1569592110203296000,15.644064215057888,7.218963133660674,0.95,0.056108137090055146,False,1.2833637872585653,False,0.4756224720153374,False,False
1257,1569592110270062592,14.171376185433429,7.224674069698251,0.965,0.0021326770550196363,False,1.3182838655523859,False,0.3893713745660254,False,False
1258,1569592110336809216,13.82896393217578,7.234589169356479,0.955,-0.045453203424020885,False,1.3636009330258354,False,0.23999886497803347,False,False
1259,1569592110403564544,12.353212747774256,7.235796640225294,0.98,-0.12101319542055429,False,1.3978648168599568,False,0.3579299617001281,False,False
1260,1569592110470419456,11.659004499060446,7.236346403399024,0.98,-0.1937799576659582,False,1.423006882830812,False,0.4404817294055956,False,False
1261,1569592110537209088,11.311336372012967,7.240293676307557,0.985,-0.2546702222220831,False,1.448916026367276,False,0.5427663374861597,False,False
1262,1569592110603928576,11.698554114452993,7.241002553086657,0.995,-0.2862075945420837,False,1.4685447359975263,False,0.7033623045160282,False,False
1263,1569592110670688000,11.645236009075028,7.247920756850292,0.98,-0.30981022070209097,False,1.4968488572845025,False,0.6822843693767231,False,False
1264,1569592110737446144,11.681796922435637,7.24121727593665,0.985,-0.325285341884628,False,1.5025497466581967,False,0.7120281854659469,False,False
1265,1569592110804191744,11.678919703924816,7.250336533089931,1.0,-0.3362002997612059,False,1.5257379947245444,False,0.866343968788619,False,False
1266,1569592110871044864,11.611709966309167,7.254917986741878,1.0,-0.3457649449510686,False,1.5516145267103163,False,0.9743650171144895,False,False
1267,1569592110937796608,11.439463001143375,7.25042375820138,0.995,-0.35739152439735694,False,1.5602669648212035,False,1.0054813802558589,False,False
1268,1569592111004554240,11.434848255159393,7.2475680100867725,1.0,-0.3656622474331378,False,1.5603118240513076,False,1.0717612051415557,False,False
1269,1569592111071295488,11.791440930384054,7.258755909997195,0.995,-0.3612427180858202,False,1.583895704519701,False,1.073658711874807,False,False
1270,1569592111138059264,11.185556767981518,7.2602905336320305,0.995,-0.3754951495124429,False,1.6036350710351073,False,1.0749869665880805,False,False
1271,1569592111204922112,11.120907710465017,7.257964022597011,1.0,-0.38732271544434677,False,1.612554916430137,False,1.1204151155741129,False,False
1272,1569592111271680768,11.602466515676172,7.267511132776823,0.975,-0.3818152704042738,False,1.638897138893475,False,0.9297229664306457,False,False
1273,1569592111338424576,11.346666823079401,7.263450184452913,0.995,-0.3852834514105617,False,1.6487876907015613,False,0.9742319447771681,False,False
1274,1569592111405173504,11.059068669485438,7.262616224278423,1.0,-0.3959449416099016,False,1.653955445467133,False,1.0498866003064706,False,False
1275,1569592111471930624,11.351768117707488,7.273348757122315,0.995,-0.39502817423382053,False,1.680166725779286,False,1.058346488490247,False,False
1276,1569592111538803456,12.07021198349906,7.2742672623683085,0.99,-0.37381781796993996,False,1.7004482356069257,False,1.0197700395321536,False,False
1277,1569592111605553664,11.710824809238757,7.276106986636972,0.985,-0.3692596088971832,False,1.7185182326773647,False,0.9482681545747496,False,False
1278,1569592111672294400,11.75109587691733,7.272937419033726,0.99,-0.3649159259129325,False,1.7244947384667915,False,0.9427152057913022,False,False
1279,1569592111739059200,12.151530610791335,7.271377635245882,0.985,-0.3504111403779939,False,1.7253946758251657,False,0.8943297709561542,False,False
1280,1569592111805795072,11.863187327911595,7.268936998890942,0.95,-0.34851288660522384,False,1.7208866671234198,False,0.5489713717643883,False,False
1281,1569592111872679936,11.278835306659344,7.263053530590783,0.985,-0.36391375858356917,False,1.7053453349585648,False,0.6187090871373125,False,False
1282,1569592111939419648,11.867579302520411,7.257796151076053,0.965,-0.35783897973726586,False,1.6833987023702643,False,0.4895320051514086,False,False
1283,1569592112006187008,11.564150347769338,7.252111423768129,0.98,-0.36227362442888406,False,1.6560687179077096,False,0.5326031598214886,False,False
1284,1569592112072919808,11.924043733882797,7.238879108115181,0.985,-0.3550743428578153,False,1.6090813983618033,False,0.6072513387772821,False,False
1285,1569592112139673344,11.080511248420626,7.2339453595944985,0.97,-0.37418467738528477,False,1.5658038742478426,False,0.5260099519861231,False,False
1286,1569592112206576128,11.181856251425796,7.2275693561827286,0.96,-0.38466046460254033,False,1.5220870090512642,False,0.3801442398588386,False,False
1287,1569592112273299200,10.844901664399325,7.235057073442259,0.985,-0.40164032438214475,False,1.5072481531164452,False,0.5005300948034297,False,False
1288,1569592112340045568,11.004514764669755,7.238314382788819,0.99,-0.4089565984263765,False,1.5037181577822232,False,0.6292985639513818,False,False
1289,1569592112406801920,11.56316069894549,7.245325540532163,0.9845360824742269,-0.39808429056645256,False,1.516006869920296,False,0.6708094068622217,False,False
1290,1569592112473551872,10.3090842021802,7.248606753963637,0.9792746113989638,-0.4263771367171289,False,1.5315164945015622,False,0.6530416188468888,False,False
1291,1569592112540310272,10.794223196578315,7.253174341148738,0.99,-0.4322928891504793,False,1.551988798718569,False,0.7360566307817993,False,False
1292,1569592112607169792,10.348162669440063,7.251179656727924,1.0,-0.449204362530854,False,1.562120253354472,False,0.8831638805097111,False,False
1293,1569592112673922048,10.820241250809724,7.251119983528497,1.0,-0.4475270658553673,False,1.5690866491156679,False,0.9861389553192533,False,False
1294,1569592112740679168,11.674439484345019,7.2506673469569325,1.0,-0.42189777255343747,False,1.5730102472851726,False,1.058221507685935,False,False
1295,1569592112807420416,11.404362017269431,7.255139523150245,1.0,-0.41168942393858576,False,1.5851714762491287,False,1.1086792943426111,False,False
1296,1569592112874180096,11.399355678842426,7.24872446792017,0.9925925925925926,-0.4046869083895045,False,1.5801795273240489,False,1.078076232873784,False,False
1297,1569592112941885184,11.548398699486489,7.255898502840241,1.0,-0.395518134774993,False,1.591787756789854,False,1.1225776019741016,False,False
1298,1569592113007802368,11.428582330525884,7.252276604219189,0.99,-0.3925302643801519,False,1.5922887896366127,False,1.064731818970852,False,False
1299,1569592113074543872,11.692406645914364,7.263665439027609,0.965,-0.38288562240810087,False,1.6166149946135404,False,0.8017479174348868,False,False
1300,1569592113141301504,12.742368725611325,7.266976212881771,0.985,-0.34607458531747115,False,1.64061309402321,False,0.7956526691066639,False,False
1301,1569592113208050688,12.612501005664829,7.27894694493784,1.0,-0.32402489466929163,False,1.68261224070669,False,0.9248811073371199,False,False
1302,1569592113274928128,13.539335415134085,7.291702084896192,0.995,-0.28205539521973716,False,1.738863435813542,False,0.9708426434117008,False,False
1303,1569592113341695232,15.097815230088795,7.3021613479374405,1.0,-0.20805839862466866,False,1.8002578438077728,False,1.0475140893506447,False,False
1304,1569592113408420864,14.493843846597128,7.305357493703211,0.9538461538461539,-0.1735518412592196,False,1.8499623732274564,False,0.690429910553406,False,False
1305,1569592113475179776,14.858049274721584,7.30397277278615,0.9807692307692307,-0.13897026705891374,False,1.8818404649779092,False,0.6800775967854606,False,False
1306,1569592113541919744,14.347239877243693,7.31487072394928,0.9929577464788732,-0.1293873333105539,False,1.927097215568637,False,0.781304795181661,False,False
1307,1569592113608795392,13.556428445961059,7.307181610810208,1.0,-0.14531973899739578,False,1.942590017856006,False,0.9148375955896189,False,False
1308,1569592113675543040,13.256882389585833,7.29929447525115,1.0,-0.16504824779908125,False,1.9368311846279347,False,1.0083105558751855,False,False
1309,1569592113742305792,13.279860843740176,7.294207652076693,0.9888888888888889,-0.17820034453167374,False,1.9220913521142082,False,0.9748563598823353,False,False
1310,1569592113809044736,13.329917834621636,7.286923610537762,0.985,-0.18597371047023956,False,1.896439292537883,False,0.9168285788198774,False,False
1311,1569592113875800832,12.869380055267676,7.2768924122432175,0.99,-0.20459998839498147,False,1.8573654303049292,False,0.9207075027628923,False,False
1312,1569592113942679040,13.109885176648772,7.270448562120254,0.9848484848484849,-0.21075286485386,False,1.8164482992744613,False,0.8775759433609096,False,False
1313,1569592114009428480,12.212765880696196,7.26731587104724,0.965,-0.24074386840530201,False,1.7812114469158038,False,0.6707388045079286,False,False
1314,1569592114076170240,12.715160759080879,7.26080210252835,0.975,-0.24735430535919734,False,1.7428330323893497,False,0.614949548684315,False,False
1315,1569592114142932992,12.817477415303673,7.260755144202399,0.968421052631579,-0.24905234642322585,False,1.7158692867613632,False,0.5173465818620766,False,False
1316,1569592114209677824,13.14943830184678,7.261708124323245,0.9893617021276596,-0.2407371331050508,False,1.6990008540503432,False,0.6353894618260404,False,False
1317,1569592114276556800,13.710517657097935,7.251098603055407,0.97,-0.21885311670121413,False,1.664858059980985,False,0.5457066381202536,False,False
1318,1569592114343300352,14.147669600859711,7.239878442655506,0.965,-0.1910189059668049,False,1.6173377111727723,False,0.43843029083946733,False,False
1319,1569592114410048512,13.646581319464827,7.236557757471351,1.0,-0.1858808168928094,False,1.5770828460043422,False,0.6748254425500814,False,False
1320,1569592114476840192,13.422582344897105,7.223945048699851,0.995,-0.18869711149727736,False,1.5223524904275778,False,0.7958036780607738,False,False
1321,1569592114543574016,13.84422884711183,7.211826813221076,0.99,-0.1785970300063166,False,1.4585302440171726,False,0.8359900722315211,False,False
1322,1569592114610302720,13.679501433570977,7.213472690403874,1.0,-0.1762430205007767,False,1.4173195298238355,False,0.9531172895245164,False,False
1323,1569592114677168640,13.500762941411049,7.222855726235183,0.9823529411764705,-0.17971239020389476,False,1.4082249554787665,False,0.8780532686176009,False,False
1324,1569592114743927552,13.462160350372159,7.228995261937724,0.9698795180722891,-0.1832461181389738,False,1.4147835460172915,False,0.7144990529782831,False,False
1325,1569592114810668544,13.740699097759459,7.216423641513295,0.9492753623188406,-0.17774532959151176,False,1.3929091075663824,False,0.41664082994991153,False,False
1326,1569592114877423616,13.34767603693417,7.211472418517507,0.9580838323353293,-0.185146793278253,False,1.367173813403572,False,0.2865325866254031,False,False
1327,1569592114944175104,12.557105482073029,7.206650514820475,0.9526627218934911,-0.21296138102147655,False,1.3390081599025676,False,0.14721069990331534,False,False
1328,1569592115011074048,12.341763090195334,7.201769043718407,0.93,-0.2385967166019478,False,1.309015855096527,False,-0.15200546071955182,False,False
1329,1569592115077793280,12.008979828541259,7.1973136627030145,0.985,-0.2660688376798949,False,1.2786418882633803,False,0.12802530439855545,False,False
1330,1569592115144553728,13.05807529028427,7.194748586278669,1.0,-0.2552643454790764,False,1.2519801785955145,False,0.45754195204144665,False,False
1331,1569592115211302400,14.086990234129898,7.213996650208944,1.0,-0.21824398016651855,False,1.2738375107279087,False,0.6882036053914662,False,False
1332,1569592115278053120,15.628732084865383,7.224296844279587,0.995,-0.1481905753935012,False,1.310821346736225,False,0.8051683920497432,False,False
1333,1569592115344918016,16.96675531012682,7.236708324816082,0.9835164835164835,-0.06084638566346115,False,1.3628383613985262,False,0.7848441880563802,False,False
1334,1569592115411667968,16.160614492861967,7.23053948027299,0.97,-0.022784783335013613,False,1.3862637788651018,False,0.6503249464814927,False,False
1335,1569592115478428672,15.292968749984338,7.236341665229263,0.9672131147540983,-0.020981841501005415,False,1.4148761815613573,False,0.5313591068323678,False,False
1336,1569592115545167616,16.025388334746093,7.22479540962511,0.9891304347826086,0.0012489533766429659,False,1.4105979832560758,False,0.6431400252956788,False,False
1337,1569592115611924480,16.882533475877498,7.225518739868019,0.945,0.04135006362580848,False,1.4091259806572116,False,0.32864017911531546,False,False
1338,1569592115678798080,17.323799225503326,7.233435064836091,0.9456521739130435,0.08205401585866072,False,1.4247608224600083,False,0.11429442209602582,False,False
1339,1569592115745564928,17.183109215166635,7.218847654487039,0.9195979899497487,0.10651891139141358,False,1.4049961708145378,False,-0.26762135500530565,False,False
1340,1569592115812293120,16.447413872580896,7.22860863671599,0.9105263157894737,0.10258181967901378,False,1.4117094832840753,False,-0.6156973428828779,False,False
1341,1569592115879059456,15.55736224057687,7.212120447242839,0.9285714285714286,0.07434420845087661,False,1.381698289803622,False,-0.6987549108660978,False,False
1342,1569592115945800448,15.332620939734017,7.1981794345551,0.9150326797385621,0.04814367127668936,False,1.3313421931835487,False,-0.8773856612942588,False,False
1343,1569592116012689152,14.841493854313265,7.190910374269768,0.937888198757764,0.01574261991043056,False,1.2807902868823609,False,-0.7990205150831239,False,False
1344,1569592116079433472,14.225303851122085,7.199098806096714,0.8875739644970414,-0.02457926808680941,False,1.2626420284510347,False,-1.1919452021259291,False,False
1345,1569592116146198016,14.739468202889439,7.20037451948442,0.9819277108433735,-0.038084371153997716,False,1.2526238465465964,False,-0.6272748869355881,False,False
1346,1569592116212928000,15.142468445180906,7.198798436437176,0.9565217391304348,-0.03600028688020488,False,1.2422931897377798,False,-0.4581105356901768,False,False
1347,1569592116279668736,15.63024351579796,7.207120213658177,0.9470198675496688,-0.02057671872752437,False,1.2525805212434762,False,-0.42425905058212854,False,False
1348,1569592116346543104,15.789054551456063,7.212842841093376,0.9577464788732394,-0.005233555850324613,False,1.2718287813209086,False,-0.30509966562873625,False,False
1349,1569592116413293312,16.6292545037849,7.2334019811073755,0.959731543624161,0.029561081356226475,False,1.3285831359101983,False,-0.20402166673662284,False,False
1350,1569592116480057344,15.53161994847299,7.23166105654793,0.9022988505747126,0.02249270516533882,False,1.3646462345371648,False,-0.6443993204825369,False,False
1351,1569592116546794752,15.347268271320356,7.2388230325951,0.9738562091503268,0.012266963338404746,False,1.4049676112604705,False,-0.3158265046523832,False,False
1352,1569592116613544192,15.756506296004654,7.230245701039625,0.9457831325301205,0.016825184467489613,False,1.4151357972858276,False,-0.33566676752389685,False,False
1353,1569592116680303360,16.324905932730765,7.248109417874216,0.9567901234567902,0.03628888162874847,False,1.4598597645193097,False,-0.2515963190538589,False,False
1354,1569592116747175936,15.47571898532715,7.250332532982313,0.9645390070921985,0.025601754143687556,False,1.4958465863036996,False,-0.12378446584147312,False,False
1355,1569592116813923072,15.523500822637741,7.245237788981379,0.96,0.019488730389502124,False,1.5103120375786152,False,-0.07471185262047741,False,False
1356,1569592116880677376,15.003440717944503,7.245447622506105,0.94,0.00032060334308948497,False,1.5208795896079317,False,-0.21835450611272933,False,False
1357,1569592116947428864,15.120325734371077,7.231146738107388,0.9704142011834319,-0.009750737327660713,False,1.498171022178865,False,-0.04822788387703237,False,False
1358,1569592117014173440,16.136303070192067,7.205324113072287,0.9554140127388535,0.012286148978392484,False,1.4279138992156089,False,-0.0626360374675989,False,False
1359,1569592117081044480,15.609175609743145,7.170584524007056,0.9716312056737588,0.012620624796754874,False,1.305601024151164,False,0.0716059875621575,False,False
1360,1569592117147803904,15.615433283247352,7.149708855213564,0.9810126582278481,0.013033911327369977,False,1.1760350908292043,False,0.24906727574936677,False,False
1361,1569592117214557696,15.116976674888834,7.129164323418448,0.98,-0.0009473033128773608,False,1.0420891178152407,False,0.36427784924005907,False,False
1362,1569592117281320704,14.89727991081373,7.124602848119007,0.9863945578231292,-0.017023940798528744,False,0.9387242362797662,False,0.5018347315618221,False,False
1363,1569592117348044544,15.87379288641658,7.120930145305115,0.937888198757764,-0.00032060334308931546,False,0.858637139746156,False,0.1664337599161308,False,False
1364,1569592117414918656,13.952467089247587,7.132251284158029,0.8972602739726028,-0.04363467802408084,False,0.8264091423732111,False,-0.4299222117004552,False,False
1365,1569592117481679616,11.832502152154811,7.130212588427993,0.9159663865546218,-0.1346478612260747,False,0.7995577344204652,False,-0.6808930854755545,False,False
1366,1569592117548418560,11.954639004678182,7.127815455919663,0.935,-0.1948603842726472,False,0.7757153671793853,False,-0.6871797397980227,False,False
1367,1569592117615177984,11.783208776084866,7.131319799824602,0.9629629629629629,-0.24191709553800195,False,0.7664029647264472,False,-0.4427191395386645,False,False
1368,1569592117681924608,12.30118096361318,7.133509466932459,0.9624060150375939,-0.26002755882760203,False,0.7644939138609164,False,-0.2765533744043697,False,False
1369,1569592117748799744,12.21163299637266,7.131004949215044,0.9836065573770492,-0.27526858798898357,False,0.757885132001933,False,0.02844057954583106,False,False
1370,1569592117815561984,11.82316163300294,7.131203695396927,1.0,-0.29705901169027693,False,0.7536773800486652,False,0.387832644644536,False,False
1371,1569592117882294272,12.645769694295113,7.120069820518523,0.9497206703910615,-0.2887615304299728,False,0.7272932067812958,False,0.19193744084978742,False,False
1372,1569592117949055744,12.605108542902578,7.119880748777268,0.9743589743589743,-0.28411739804500463,False,0.7084262565295889,False,0.27408367480480267,False,False
1373,1569592118015803904,11.650914147875252,7.121623547002272,0.9694656488549618,-0.30818452142907515,False,0.6988882853314452,False,0.28803703613963133,False,False
1374,1569592118082667776,11.52615639258785,7.111378692221397,0.9603174603174603,-0.3286032478746918,False,0.6706445008259602,False,0.21638849214323067,False,False
1375,1569592118149418240,11.123866592519235,7.109221375648765,0.9315068493150684,-0.35441367327060946,False,0.6463323243349197,False,-0.09017053827341708,False,False
1376,1569592118216183296,11.585367475338977,7.091264516560999,0.9708029197080292,-0.35926847620257374,False,0.5915114831007929,False,0.04496036181055288,False,False
1377,1569592118282935040,11.073783314882286,7.08963028618182,1.0,-0.3773131874484969,False,0.5496965544942405,False,0.3993964922298445,False,False
1378,1569592118349668864,11.831615666427938,7.070963301275337,0.9936305732484076,-0.36824819738045955,False,0.4811288481784747,False,0.590815960992468,False,False
1379,1569592118416451584,11.58287316492383,7.048757452289993,0.9539473684210527,-0.36902405369801616,False,0.3863842718685444,False,0.3716419974372291,False,False
1380,1569592118483308544,11.213383346382518,7.031379919778434,0.9815950920245399,-0.38014542610863666,False,0.2834803341623512,False,0.46427595365904967,False,False
1381,1569592118550042880,10.376214925824536,7.011422700752451,0.9662162162162162,-0.41189801904324175,False,0.16943415380842114,False,0.39225273972150815,False,False
1382,1569592118616793344,10.038711406489467,7.0027198090540885,0.775,-0.44378735842937594,False,0.07128072389779735,False,-1.3599255241356882,False,False
1383,1569592118683549184,9.288451987668465,7.003839584778231,0.9097222222222222,-0.48758937539557534,False,0.004930646001055097,False,-1.3874664319986223,False,False
1384,1569592118750299136,9.420579529483685,6.997636588185948,0.9536423841059603,-0.514468054605244,False,-0.05457279733886556,False,-1.01586993867786,False,False
1385,1569592118817167872,8.37151295480688,6.990345105381606,0.8991596638655462,-0.5633172799879285,False,-0.11157504965399449,False,-1.2406308496092773,False,False
1386,1569592118883918848,8.215405685130913,6.981675440170224,0.9871794871794872,-0.6019809957197064,False,-0.16972778239204458,False,-0.6146157421402899,False,False
1387,1569592118950707712,8.032065284654532,6.97614984272254,0.9703703703703703,-0.634294522977566,False,-0.22206704087232665,False,-0.32600082904975014,False,False
1388,1569592119017419264,8.11480496297267,6.967620437312338,0.9662921348314607,-0.6545452044479755,False,-0.2766604066016687,False,-0.16026535723801824,False,False
1389,1569592119084167680,7.920086091923985,6.958460885236889,0.9817073170731707,-0.6742953665445376,False,-0.33415821595025613,False,0.09293957174924332,False,False
1390,1569592119151045120,8.029801465723606,6.959720653343613,0.978494623655914,-0.6849793943398627,False,-0.37175465109201605,False,0.24159109752353486,False,False
1391,1569592119217800192,7.944568416292501,6.950478502706008,0.988950276243094,-0.6948983851335693,False,-0.4175284933969428,False,0.43869906648475654,False,False
1392,1569592119284542720,7.9903511130559375,6.944677328729611,1.0,-0.7005309474045576,False,-0.4617826651912238,False,0.6750135855017865,False,False
1393,1569592119351293440,7.818416748478558,6.939294059237181,0.9668508287292817,-0.709396119239352,False,-0.5040933058618164,False,0.5454169265811891,False,False
1394,1569592119418803456,7.839056128521362,6.9329255646781105,1.0,-0.7150108463909431,False,-0.5471175452045588,False,0.749716087569285,False,False
1395,1569592119484953856,8.047674298786566,6.9330514215368595,1.0,-0.7129685416885018,False,-0.5769695621239557,False,0.8927255002609557,False,False
1396,1569592119551676416,7.925974587797614,6.93328099730327,1.0,-0.7150231184903777,False,-0.5973826769714666,False,0.9928320891451258,False,False
1397,1569592119618417920,8.013479810698653,6.934651413725339,0.9818181818181818,-0.7139560999443312,False,-0.6087868919761769,False,0.9010944443213621,False,False
1398,1569592119685173248,8.296684935099071,6.949930233838524,1.0,-0.7051011932711527,False,-0.5846052635277776,False,0.998690349987408,False,False
1399,1569592119751923968,8.296308441005005,6.973733351349749,0.9928057553956835,-0.698913537401144,False,-0.5175684131248133,False,1.0029810513108541,False,False
1400,1569592119818792448,8.406123019715935,7.01469428975256,1.0,-0.6914382524424657,False,-0.3844127043132315,False,1.0700109748800501,False,False
1401,1569592119885559552,8.451102549070404,7.046794636338784,0.9927007299270073,-0.6849178158903622,False,-0.2236268845094766,False,1.051970796288359,False,False
1402,1569592119952300288,8.649058400902716,7.086448455948213,0.9813664596273292,-0.6746861524086528,False,-0.02759860996671506,False,0.9384713590224261,False,False
1403,1569592120019043840,8.796502885718734,7.118955146458249,0.9928057553956835,-0.6633027403680309,False,0.17805343062134166,False,0.9608277576353674,False,False
1404,1569592120085793024,8.844359322853691,7.147326333683495,0.9759036144578314,-0.6539642507057888,False,0.38173615233964764,False,0.8260536900940197,False,False
1405,1569592120152669696,8.582470351149828,7.175230116005629,0.9642857142857143,-0.6549250329032305,False,0.5830563820742446,False,0.6283163171229987,False,False
1406,1569592120219459072,9.408683953843944,7.181794389724623,0.9623655913978495,-0.6319435780917284,False,0.7377994830115209,False,0.47281168803762413,False,False
1407,1569592120286180864,9.264975937120731,7.184716556339195,0.9815950920245399,-0.6199708344755799,False,0.8522713236321857,False,0.5350947370793279,False,False
1408,1569592120352923648,9.41283155250099,7.182220546898655,0.967948717948718,-0.6073568959181646,False,0.9271470772190908,False,0.4572445889773566,False,False
1409,1569592120419675648,9.302221645688546,7.173554554926828,0.9787234042553191,-0.60169383454653,False,0.961316681421856,False,0.4986406823668704,False,False
1410,1569592120486428928,9.738922350034658,7.159202430926315,0.979381443298969,-0.5852272110498268,False,0.9550216822229861,False,0.5334742807976658,False,False
1411,1569592120553293056,8.779290937682342,7.158189211965624,0.9735449735449735,-0.6011742492168117,False,0.9484821802996194,False,0.5059151207761756,False,False
1412,1569592120620044288,8.726244566700787,7.140185744149109,0.9644970414201184,-0.6138558618761135,False,0.9060040917664225,False,0.4061000612330849,False,False
1413,1569592120686803456,8.678563412925529,7.115929175682014,0.9728260869565217,-0.6240980737134547,False,0.825205126019891,False,0.4103553107020405,False,False
1414,1569592120753549312,8.659712550752367,7.085176348853397,0.9896907216494846,-0.6318073109331623,False,0.7039057902813615,False,0.5634237385430829,False,False
1415,1569592120820305408,8.180007453422295,7.065405437059018,0.9591836734693877,-0.6509374476290459,False,0.57737504049476,False,0.39906885033659195,False,False
1416,1569592120887186176,8.010950245548,7.030562706647854,0.985,-0.6691685502819835,False,0.4154534961465193,False,0.5137773221378544,False,False
1417,1569592120953933056,8.088648483828925,7.010787016553634,0.945,-0.6797058679484136,False,0.2604771411792515,False,0.23808628690483868,False,False
1418,1569592121020674304,7.841794953650254,6.9856935311649995,0.93,-0.6941492595584138,False,0.09916753296097018,False,-0.08839254981848581,False,False
1419,1569592121087419392,7.86122319505696,6.959115261588026,0.985,-0.7037034147289766,False,-0.06970108200024058,False,0.17255434202930298,False,False
1420,1569592121154168576,7.795370682940629,6.95342394854969,0.985,-0.7122766414685936,False,-0.19989031823401868,False,0.35521716632275413,False,False
1421,1569592121221049600,7.829696201285739,6.942049786700439,0.9692307692307692,-0.7172951810820374,False,-0.3149673764457716,False,0.3427401280853816,False,False
1422,1569592121287793920,7.749770995081143,6.938772013270555,0.9489795918367347,-0.7230963697646445,False,-0.4024216014757895,False,0.15377732161469712,False,False
1423,1569592121354544128,8.04428726704895,6.9337020557734474,0.9181286549707602,-0.7187253767473144,False,-0.4743127030608998,False,-0.2530599278538387,False,False
1424,1569592121421302016,8.103172029475987,6.935830698446074,0.918918918918919,-0.7139798460301178,False,-0.5201553103897355,False,-0.5308129108607087,False,False
1425,1569592121488051968,8.057303173102673,6.930738816689676,0.9576719576719577,-0.7119711725108959,False,-0.5629644339705322,False,-0.3803505822314713,False,False
1426,1569592121554931200,8.249033093165496,6.931836653082603,0.9615384615384616,-0.7050759878630442,False,-0.5906196835519363,False,-0.24061632772832653,False,False
1427,1569592121621669376,8.633885028441524,6.930876603648335,1.0,-0.6892312773874207,False,-0.6119994296241946,False,0.19949280955262663,False,False
1428,1569592121688432896,8.699804252643565,6.920408769070454,0.9830508474576272,-0.6762527520070621,False,-0.6490018678725711,False,0.3567272711179811,False,False
1429,1569592121755170304,8.94443890981688,6.924993426255025,0.9690721649484536,-0.6601640400072017,False,-0.665252072312674,False,0.3423856750126436,False,False
1430,1569592121821916928,8.937832439227432,6.935474750260129,0.9682539682539683,-0.6490910809174447,False,-0.6545622018278621,False,0.32506487377773086,False,False
1431,1569592121888792320,9.17865023948256,6.951856210008302,0.9896373056994818,-0.6344455396566215,False,-0.6125934649500533,False,0.5032450481473065,False,False
1432,1569592121955553792,9.503961049920914,6.956479658586675,0.9567567567567568,-0.6148802064210744,False,-0.5734821841577594,False,0.3353449991586509,False,False
1433,1569592122022294016,10.17665565305041,6.968622797356044,0.9578947368421052,-0.581925628141806,False,-0.5205408643299303,False,0.22794261680097885,False,False
1434,1569592122089054976,10.008588170061383,6.97231270593983,0.9682539682539683,-0.563669095079353,False,-0.4757140398476119,False,0.24495473302956586,False,False
1435,1569592122155793152,10.583767880321167,6.963214487245796,0.9693877551020408,-0.5344224701059072,False,-0.4634885985916988,False,0.2669535478786339,False,False
1436,1569592122222688768,10.532397600454448,6.972167108171831,0.9707602339181286,-0.5154205330786034,False,-0.43608396250555687,False,0.2945673324965724,False,False
1437,1569592122289418496,10.739590984022243,6.9735771414519325,0.9709302325581395,-0.4961873542437505,False,-0.41393235146659413,False,0.31540991422902337,False,False
1438,1569592122356167936,9.961400282112416,6.980902931331151,0.9426751592356688,-0.5050032644203253,False,-0.383004159390886,False,0.0785387761448871,False,False
1439,1569592122422946560,9.029045436973853,7.000393197569935,0.9611111111111111,-0.5378671643182984,False,-0.32032401797040394,False,0.07680294358924869,False,False
1440,1569592122489670400,7.926525044984229,7.007753665057489,0.9047619047619048,-0.5924363950705027,False,-0.2609528522188797,False,-0.42590171360578744,False,False
1441,1569592122556428288,7.488585871610509,7.026415408477402,0.96,-0.6431727937627303,False,-0.18010681414427662,False,-0.28619392605549876,False,False
1442,1569592122623293696,7.425832700038663,7.0491077881926785,0.9202453987730062,-0.6804848586974522,False,-0.07574317362979775,False,-0.5422014711507349,False,False
1443,1569592122690044928,7.749097638111543,7.064352677201707,0.959731543624161,-0.6973484219036061,False,0.02940452279467269,False,-0.36999293060202154,False,False
1444,1569592122756794368,7.603592797504863,7.071681253179287,0.9714285714285714,-0.7133186328952318,False,0.11843583986282066,False,-0.1453472163831733,False,False
1445,1569592122823553024,8.1625658628261,7.069477650397888,0.9810126582278481,-0.708494715331887,False,0.17611879393764832,False,0.09720003298763388,False,False
1446,1569592122890293248,8.071930984925292,7.067030216296997,0.9710982658959537,-0.7077127954997283,False,0.21134458649755686,False,0.17874824652352295,False,False
1447,1569592122957176320,8.192094887170517,7.070627064359695,0.9457831325301205,-0.7037252308113738,False,0.2435746332779402,False,0.010535558299232192,False,False
1448,1569592123023918592,8.024521636908851,7.07784477845511,0.9358974358974359,-0.7057314576745414,False,0.28133021201355785,False,-0.1951928021093342,False,False
1449,1569592123090682112,8.042375002116563,7.080213352054592,0.89937106918239,-0.7066246852879912,False,0.3127453773226055,False,-0.6642754155804956,False,False
1450,1569592123157425408,7.695332269312854,7.142853843738762,0.9393939393939394,-0.7171855709377926,False,0.46660514428381317,False,-0.6364427420861652,False,False
1451,1569592123224176640,7.66065796060209,7.0796006091247,0.9125,-0.7255708956569477,False,0.44114789926271514,False,-0.8563071675157721,False,False
1452,1569592123291043328,7.577297584049841,7.076367258618429,0.9558011049723757,-0.7338271807904501,False,0.41652106146187134,False,-0.6248465412752713,False,False
1453,1569592123357793280,6.94768601178196,7.081104882713824,0.9347826086956522,-0.7576319839372532,False,0.40925579933960987,False,-0.6498818706268121,False,False
1454,1569592123424557568,7.352131650706508,7.083272025268856,0.95,-0.7627163088762177,False,0.4087323285965425,False,-0.5319767773436928,False,False
1455,1569592123491301888,7.134268437358433,7.0955638514692625,0.9935064935064936,-0.7725126301079442,False,0.43424233530345285,False,-0.062249596979088606,False,False
1456,1569592123558046976,7.758868692778727,7.098743225681739,0.952054794520548,-0.7614881224273261,False,0.45879247677957646,False,-0.10234718413819774,False,False
1457,1569592123624934400,7.351499164518282,7.099332036331096,0.9652777777777778,-0.7654337135213614,False,0.4772171248407663,False,-0.012735253036628773,False,False
1458,1569592123691672576,7.369075321679594,7.096632355474286,0.9766081871345029,-0.7676924323973453,False,0.4844310798113195,False,0.15083004985207737,False,False
1459,1569592123758418688,7.53032389761241,7.102188564746111,0.9523809523809523,-0.7646570851169024,False,0.5011776370788388,False,0.0497112673185497,False,False
1460,1569592123825167104,7.831924376057952,7.108736774800096,0.9929577464788732,-0.7538977003219297,False,0.5266853504749326,False,0.3400483645548263,False,False
1461,1569592123891930368,8.474322440740197,7.1054870766097515,0.9940828402366864,-0.7279746577654252,False,0.5376995688422661,False,0.5532973004387187,False,False
1462,1569592123958795520,7.790965960760104,7.096028662049554,0.9940119760479041,-0.7293926161613384,False,0.5254979107487074,False,0.701940887369272,False,False
1463,1569592124025567744,8.238392052429926,7.101074585922931,0.9876543209876543,-0.7175756450638967,False,0.5275792991810642,False,0.7494103399067773,False,False
1464,1569592124092303360,8.842747880470528,7.096393410151382,0.9642857142857143,-0.6920014186265943,False,0.5191815803042251,False,0.5746659719919296,False,False
1465,1569592124159044096,7.802510383760013,7.098196010855437,0.9696969696969697,-0.7038808388235367,False,0.5170979657085689,False,0.5005033242856693,False,False
1466,1569592124225797632,8.336807261486696,7.108380794018995,0.993103448275862,-0.6968998322276643,False,0.537080178935375,False,0.6568995029462324,False,False
1467,1569592124292667392,8.58034116162554,7.102419410230521,0.9937106918238994,-0.6850408973938947,False,0.5385179764394025,False,0.7717810977081667,False,False
1468,1569592124359417856,8.479767921245468,7.114271441507025,0.9666666666666667,-0.6796189948588711,False,0.5644750259621731,False,0.6115152027799201,False,False
1469,1569592124426170112,8.142776560291287,7.110919665956013,0.972027972027972,-0.6854715246274836,False,0.5755888889851278,False,0.5470429469965803,False,False
1470,1569592124492920576,8.708418527577154,7.108211796212197,0.9726027397260274,-0.6733743035248728,False,0.5776680553947042,False,0.5070276131656077,False,False
1471,1569592124559667456,8.31136756747129,7.111484511655375,0.9534883720930233,-0.6762735807755081,False,0.5860131082197354,False,0.30890523620872834,False,False
1472,1569592124626440960,9.071614226192375,7.122902047319835,0.9927536231884058,-0.6565376667372277,False,0.6158905474850613,False,0.519667512008942,False,False
1473,1569592124693295104,9.432810033592473,7.133531655571604,1.0,-0.6323817065110959,False,0.6591819327441214,False,0.7316914973687116,False,False
1474,1569592124760057088,9.23301748504123,7.1406123161061785,0.9864864864864865,-0.6211924757789381,False,0.7043919267851626,False,0.7598424203996409,False,False
1475,1569592124826791936,8.699245763145205,7.136460108475767,0.9345238095238095,-0.6286415801021482,False,0.7272978019538563,False,0.3170971742492095,False,False
1476,1569592124893548800,8.575643164895515,7.1378724143947,0.9675324675324676,-0.6373946217485862,False,0.7463050646513975,False,0.3009418019321141,False,False
1477,1569592124960306176,8.931357648440299,7.131378156863519,0.9939393939393939,-0.6333378575324068,False,0.7459386046935617,False,0.5246460813007049,False,False
1478,1569592125027173120,8.96821173868917,7.12839238619057,0.9807692307692307,-0.6294430119722744,False,0.7393965151314537,False,0.56402891630857,False,False
1479,1569592125093925632,9.375783519299425,7.113519349469283,1.0,-0.6150480832456456,False,0.7035067182413822,False,0.7627444803784519,False,False
1480,1569592125160688128,9.494716470349081,7.092388573849631,0.9929078014184397,-0.6015666537292432,False,0.6338998953154013,False,0.8387271189341252,False,False
1481,1569592125227420928,9.568563191276654,7.097132156891881,0.9814814814814815,-0.5900154655203241,False,0.5951611882271302,False,0.7902244418950898,False,False
1482,1569592125294180352,9.539583873795475,7.08793673483097,0.9807692307692307,-0.5827592943383193,False,0.5486861273568919,False,0.7499337687246413,False,False
1483,1569592125361051904,9.93329197798306,7.082517435564406,0.9570552147239264,-0.5664083464583318,False,0.5047450153797329,False,0.510683282214287,False,False
1484,1569592125427805696,9.949736856286995,7.085253405101516,0.9554140127388535,-0.5544918758910243,False,0.4797459296639957,False,0.3286017787963227,False,False
1485,1569592125494547968,9.652347557268904,7.0795367374645535,0.953125,-0.5546644246388523,False,0.45021198805344026,False,0.18077325893171434,False,False
1486,1569592125561296896,9.469224727530593,7.095798794287808,0.985,-0.5600279060875651,False,0.46377269249939457,False,0.3609704081544414,False,False
1487,1569592125628045056,9.651199573687933,7.100965616314948,0.96,-0.5585725118612221,False,0.4841422463917911,False,0.2646165591766595,False,False
1488,1569592125694928640,9.693800635943361,7.089809079485997,0.965,-0.5563340929152976,False,0.47491447986123486,False,0.2416672355789508,False,False
1489,1569592125761673728,9.795533307947288,7.095806223481574,0.94,-0.5518546539691086,False,0.48108007651240203,False,0.0031108556268654797,False,False
1490,1569592125828447488,9.560643714582769,7.07898194652193,0.96,-0.5554437955795252,False,0.44997795923064554,False,0.014114872407360259,False,False
1491,1569592125895184384,9.58161951948093,7.089976347663271,0.995,-0.5573556699312258,False,0.4513516075111235,False,0.33330627896086834,False,False
1492,1569592125961919488,9.56604186452097,7.076513348086529,0.985,-0.5591399609419653,False,0.42397120102486224,False,0.4677435221748499,False,False
1493,1569592126028792064,9.364595113565397,7.1049085673095185,0.98,-0.566156264903203,False,0.46458180133442145,False,0.5173512217378989,False,False
1494,1569592126095542528,8.645283146841427,7.097043124920718,0.9842931937172775,-0.5916611499882937,False,0.4764510946257,False,0.5902846365243127,False,False
1495,1569592126162294272,9.274335762450336,7.1037961765499755,0.98,-0.5915051685900591,False,0.49897595045175924,False,0.6031300017825213,False,False
1496,1569592126229044992,9.106188989250445,7.115392379018521,0.96,-0.5962099233757457,False,0.5391553765763546,False,0.4341282747163167,False,False
1497,1569592126295791616,9.802300729769197,7.113623077462922,0.9536082474226805,-0.5795739880435498,False,0.5635562867559244,False,0.2589425506652803,False,False
1498,1569592126362554112,9.397115628103506,7.131503541916507,0.9933774834437086,-0.5795290409517678,False,0.6182784175539069,False,0.49024578510796746,False,False
1499,1569592126429421312,9.551180928589842,7.123188062638089,0.9943502824858758,-0.575086780382846,False,0.63907837610729,False,0.6608156436942635,False,False
