frame_idx,blur,illumination,occlusion,gt_fault,gt_blur,gt_illumination,gt_occlusion
0,65.56835900795978,6.933094264329331,0.925,False,False,False,False
1,65.79050361520203,6.9497037803627935,0.925,False,False,False,False
2,65.93968436624371,7.070662893715369,0.37,False,False,False,False
3,51.80906307126451,6.902905196828523,0.51,False,False,False,False
4,51.6031524261794,6.893176989271312,0.975,False,False,False,False
5,52.145050308668104,6.896721594872561,0.965,False,False,False,False
6,52.9038252708747,6.92712629335078,0.9,False,False,False,False
7,52.62803524565462,6.938092215468801,0.98,False,False,False,False
8,55.13766004391805,6.956113757358242,0.955,False,False,False,False
9,53.92438520285099,6.951400470447397,0.98,False,False,False,False
10,52.44044849703863,6.94716859248771,0.965,False,False,False,False
11,51.726042176951715,6.947991734884848,0.92,False,False,False,False
12,51.733041119593196,6.927444601428524,0.84,False,False,False,False
13,49.619062358172386,6.938162753030475,0.91,False,False,False,False
14,47.89011397699561,6.979708713083128,0.915,False,False,False,False
15,46.44304875944868,7.0103116330923845,0.94,False,False,False,False
16,45.59264102972596,7.049218923692595,0.945,False,False,False,False
17,47.677467227596054,7.058112479793062,0.955,False,False,False,False
18,45.26747184562458,7.036988830834234,0.795,False,False,False,False
19,43.84814700404505,6.994304267706692,0.82,False,False,False,False
20,45.59344728667597,7.000168393719097,0.945,False,False,False,False
21,47.45949253046058,6.962068927403511,0.785,False,False,False,False
22,45.873610578465,6.944744846379594,0.935,False,False,False,False
23,42.63225837286542,6.953041544399324,0.95,False,False,False,False
24,44.16852282448992,6.965698459241534,0.93,False,False,False,False
25,43.376162615944075,6.968243864688065,0.945,False,False,False,False
26,42.816906114890855,6.956860836767163,0.91,False,False,False,False
27,41.73129152518528,6.937220079222635,0.945,False,False,False,False
28,40.613251709535476,6.9275491673944405,0.91,False,False,False,False
29,41.636853298630534,6.944042749815786,0.97,False,False,False,False
30,40.95577229535705,6.979244090691234,0.955,False,False,False,False
31,44.82431985015018,7.001180675471059,0.96,False,False,False,False
32,45.420874709280966,6.957561264072182,0.94,False,False,False,False
33,46.61454324883848,6.970306237353832,0.945,False,False,False,False
34,47.53076254463357,6.973980354266673,0.92,False,False,False,False
35,50.881400906121826,7.005533605551893,0.96,False,False,False,False
36,52.40860548961063,6.990121621987274,0.945,False,False,False,False
37,55.788493517205026,6.993328128020179,0.945,False,False,False,False
38,56.933990680463715,6.955486123913677,0.85,False,False,False,False
39,57.191469552150025,6.924750408192583,0.965,False,False,False,False
40,57.95739443909363,6.94347077429697,0.965,False,False,False,False
41,60.701774005146646,6.945259136705286,0.965,False,False,False,False
42,59.90502299712217,6.941730497403581,0.98,False,False,False,False
43,55.98478401891996,6.938908205269108,0.96,False,False,False,False
44,55.16994728238144,6.959154632828135,0.955,False,False,False,False
45,56.646736693402644,6.956166507522895,0.96,False,False,False,False
46,58.584874961214446,6.982391172302796,0.975,False,False,False,False
47,57.34749311190767,6.963129361562607,0.95,False,False,False,False
48,57.843780615975554,6.990400337931135,0.955,False,False,False,False
49,56.40937028938893,6.974152772503659,0.96,False,False,False,False
50,55.88830589298294,6.9911238323686735,0.965,False,False,False,False
51,55.79332039246536,7.013424861930885,0.98,False,False,False,False
52,54.15754375916565,7.049506824592756,0.975,False,False,False,False
53,56.99283116707633,7.081380628553999,0.97,False,False,False,False
54,53.444578492989926,7.060587559558806,0.97,False,False,False,False
55,50.13822943584077,7.044205405228908,0.96,False,False,False,False
56,52.56683523241188,7.027168460103894,0.9,False,False,False,False
57,54.66135402342559,6.966520154805199,0.915,False,False,False,False
58,59.19835551687332,6.9682650005886755,0.95,False,False,False,False
59,1.6020928317509229,6.99170048090039,0.825,True,True,False,False
60,1.5958911144860781,6.955281349276387,0.815,True,True,False,False
61,1.6028566239346682,6.931063814007587,0.865,True,True,False,False
62,1.6209987569116353,6.900119881201646,0.905,True,True,False,False
63,1.615192788824613,6.884278236906224,0.725,True,True,False,False
64,1.6301370896565712,6.882294760593246,0.925,True,True,False,False
65,1.623808697669075,6.8872301065440675,0.875,True,True,False,False
66,1.645785833351037,6.9216960000883745,0.915,True,True,False,False
67,1.687527656518954,6.95759035122655,0.845,True,True,False,False
68,1.695569709766108,7.005849204265567,0.885,True,True,False,False
69,1.7116023920506822,7.037717207793485,0.91,True,True,False,False
70,1.7046447565882916,7.035194426910518,0.835,True,True,False,False
71,1.700398143361458,7.01606792266702,0.795,True,True,False,False
72,1.6864868287740629,7.000221709710765,0.81,True,True,False,False
73,1.6958230420443354,7.023590729943301,0.84,True,True,False,False
74,1.7009482646936613,7.029563959795466,0.815,True,True,False,False
75,1.7013994364904697,7.026334372427629,0.77,True,True,False,False
76,1.7001804705607382,7.00014970786562,0.75,True,True,False,False
77,1.6660571477073305,6.953601022034106,0.835,True,True,False,False
78,1.6438346833635566,6.950492617588999,0.92,True,True,False,False
79,1.6374865430521495,6.932581587140645,0.825,True,True,False,False
80,1.6420339402336117,6.943431442516693,0.94,True,True,False,False
81,1.6316924696025927,6.946070243260472,0.935,True,True,False,False
82,1.6456037866648037,6.949183487902741,0.88,True,True,False,False
83,1.6606034137232446,6.950400789100104,0.875,True,True,False,False
84,1.6406526693002805,6.940925788320147,0.88,True,True,False,False
85,1.6399205112750865,6.943837996137705,0.9,True,True,False,False
86,1.6464151144807209,6.94379374912848,0.895,True,True,False,False
87,1.6617907795779618,6.935783807422496,0.97,True,True,False,False
88,1.6939114678987777,6.950223233499232,0.955,True,True,False,False
89,1.6656772413907233,6.936454015092554,0.915,True,True,False,False
90,1.667026815480616,6.894814783639655,0.835,True,True,False,False
91,1.6677273240284636,6.860820601626667,0.78,True,True,False,False
92,1.653483565733909,6.8561468226338045,0.865,True,True,False,False
93,1.656562648518385,6.875142568770796,0.93,True,True,False,False
94,1.6942557871653932,6.906007613744877,0.925,True,True,False,False
95,1.6730069022289766,6.922626541380842,0.9,True,True,False,False
96,1.6839024502163178,6.9684899073533,0.955,True,True,False,False
97,1.6836016597457193,7.012189541439237,0.93,True,True,False,False
98,1.6963612322433748,7.047767311710374,0.92,True,True,False,False
99,1.7043992936599002,7.051599653636188,0.925,True,True,False,False
100,1.6942280901095859,7.037533576184031,0.865,True,True,False,False
101,1.6998835853335468,7.042562680330091,0.9,True,True,False,False
102,1.6841279793036064,7.051869296706011,0.83,True,True,False,False
103,1.685845570836769,7.066998395732552,0.82,True,True,False,False
104,1.6402488523174692,7.049389202969319,0.745,True,True,False,False
105,1.621026433009827,7.014850924554834,0.805,True,True,False,False
106,1.6071665807255298,6.987842167496501,0.815,True,True,False,False
107,1.6013091259945014,6.976293206635937,0.89,True,True,False,False
108,1.6168550200477563,6.993156354698843,0.925,True,True,False,False
109,1.62422429021626,6.996293691383308,0.94,True,True,False,False
110,1.6200647453265444,7.004778635401516,0.965,True,True,False,False
111,1.6448518214526782,7.0111994853371105,0.9,True,True,False,False
112,1.6301845795516448,7.001715563467785,0.92,True,True,False,False
113,1.6199024822695036,7.009110904198518,0.955,True,True,False,False
114,1.6231161331854338,6.997283306805016,0.95,True,True,False,False
115,1.6209908121895664,7.000583918684322,0.97,True,True,False,False
116,1.6112905065492844,7.002361044528737,0.96,True,True,False,False
117,1.601000502575785,7.002646900692136,0.925,True,True,False,False
118,40.25947770493341,6.943688745085882,0.92,False,False,False,False
119,39.921869881814985,6.955601283898502,0.95,False,False,False,False
120,38.30034185951603,6.956413223793728,0.985,False,False,False,False
121,36.91519667880875,6.938845999928308,0.875,False,False,False,False
122,34.82549038614648,6.950385329333718,0.895,False,False,False,False
123,36.66459277912193,6.936401785929409,0.925,False,False,False,False
124,38.82987668127271,6.949989840843191,0.955,False,False,False,False
125,39.9842545838668,6.933519745437687,0.945,False,False,False,False
126,42.633937148387716,6.889912250269091,0.905,False,False,False,False
127,40.652898266526456,6.866129585639484,0.905,False,False,False,False
128,39.69749587526801,6.848375896133067,0.97,False,False,False,False
129,39.47938118237013,6.837144998349627,0.97,False,False,False,False
130,38.641600173846484,6.855292487854923,0.875,False,False,False,False
131,38.211144043836754,6.835582698082476,0.94,False,False,False,False
132,37.437068201686515,6.821410881087948,0.96,False,False,False,False
133,39.18535884024673,6.815394729978593,0.965,False,False,False,False
134,39.30228170125637,6.816717659546452,0.975,False,False,False,False
135,39.23724034172962,6.822692183433588,0.965,False,False,False,False
136,38.42590468213463,6.828619801776315,0.965,False,False,False,False
137,38.34957903399527,6.8294962335824305,0.935,False,False,False,False
138,39.878735527005,6.828833677783013,0.98,False,False,False,False
139,42.673252115216656,6.832216497440456,0.99,False,False,False,False
140,43.7212586743704,6.83503149739605,0.985,False,False,False,False
141,45.70427507675811,6.896236556511683,0.955,False,False,False,False
142,47.82371862270037,6.923194891495676,0.99,False,False,False,False
143,48.190865504600815,6.940909895000724,0.985,False,False,False,False
144,47.49642349593883,6.972105109318777,0.99,False,False,False,False
145,51.665038477926615,7.020908323199756,0.985,False,False,False,False
146,52.58575515180917,7.016792201767357,0.995,False,False,False,False
147,52.70572803489275,7.048700611135407,0.95,False,False,False,False
148,53.50066678736788,7.041473125535553,0.97,False,False,False,False
149,52.070583137426546,7.056022034899749,0.965,False,False,False,False
150,50.56051927107871,7.06525359267765,0.985,False,False,False,False
151,49.11242975497087,7.106267336699849,1.0,False,False,False,False
152,49.08446905191598,7.111001253804079,0.98,False,False,False,False
153,48.67596758970819,7.1068847090300595,0.97,False,False,False,False
154,46.75258817923236,7.084381156729577,0.945,False,False,False,False
155,48.03018037852704,7.058857666573753,0.98,False,False,False,False
156,46.0087877532912,7.022946907302808,0.915,False,False,False,False
157,47.069045683541304,7.013553090330022,0.98,False,False,False,False
158,45.38382306383536,7.007652613895571,0.955,False,False,False,False
159,44.508999740296986,6.9794836439455965,0.985,False,False,False,False
160,43.893504175698396,6.991574344962954,0.975,False,False,False,False
161,47.02848300811723,6.993395702625037,0.975,False,False,False,False
162,46.35106782933992,6.998015077760722,0.975,False,False,False,False
163,44.77056021128587,6.980824633595541,0.995,False,False,False,False
164,44.52868787561097,6.977571905934935,0.95,False,False,False,False
165,45.35152290269924,6.977407456762579,0.98,False,False,False,False
166,47.13866361674385,6.95777163898037,0.985,False,False,False,False
167,44.21809287742938,6.963471838436636,0.985,False,False,False,False
168,43.15358681812788,6.959243191050802,0.985,False,False,False,False
169,41.72080351027306,6.947254601377407,0.955,False,False,False,False
170,42.73118726046642,6.942401802125565,0.965,False,False,False,False
171,42.39928223815592,6.947181298631934,0.97,False,False,False,False
172,44.491997312298096,6.960466360232467,0.995,False,False,False,False
173,46.834976564738994,6.9798316884799565,0.975,False,False,False,False
174,49.43922539428227,7.0215141855701315,0.97,False,False,False,False
175,53.85735159048659,7.02799253327435,0.98,False,False,False,False
176,55.05223743100247,7.0048051894597965,0.96,False,False,False,False
177,58.9665614779143,7.038762637618754,0.975,False,False,False,False
178,57.41742217122541,7.062555737625558,0.975,False,False,False,False
179,56.461978372479535,7.098206440793853,0.985,False,False,False,False
180,54.454830259934106,7.127021093926366,0.98,False,False,False,False
181,51.15510043020318,7.172584279583406,0.975,False,False,False,False
182,49.4918785662582,7.18255781517834,0.975,False,False,False,False
183,47.739387859989115,7.174882484889629,0.96,False,False,False,False
184,45.99181653276445,7.160247055555409,0.97,False,False,False,False
185,43.47867738841056,7.131784528412355,0.99,False,False,False,False
186,44.10180981390252,7.102662696914126,0.95,False,False,False,False
187,44.817581094086435,7.079175237061509,0.96,False,False,False,False
188,47.04855121328927,7.0517333848544155,0.945,False,False,False,False
189,47.40694574097216,7.069473832540033,0.935,False,False,False,False
190,49.2158283887319,7.0805690511319455,0.955,False,False,False,False
191,52.43610218578563,7.119506260652955,0.975,False,False,False,False
192,53.702323783199994,7.156242717697591,0.96,False,False,False,False
193,57.59480246697512,7.179157897125028,0.955,False,False,False,False
194,59.26983162919697,7.193926928277476,0.975,False,False,False,False
195,59.487498011310215,7.21873683315994,0.975,False,False,False,False
196,57.7248652751344,7.209823349083671,0.97,False,False,False,False
197,56.31121726308366,7.184717695209614,0.965,False,False,False,False
198,55.72454440675084,7.162642746530893,0.92,False,False,False,False
199,58.21468887033612,7.158059815515072,0.955,False,False,False,False
200,59.3459035331266,7.150827847541068,0.96,False,False,False,False
201,61.26237957138621,7.102045690392558,0.955,False,False,False,False
202,64.10747344382982,7.081573358146064,0.965,False,False,False,False
203,65.97773773692427,7.071592916100322,0.9,False,False,False,False
204,66.49098825858583,7.066768209388309,0.975,False,False,False,False
205,68.79496212262906,7.102845279054571,0.985,False,False,False,False
206,68.31073486418849,7.142413714312938,0.995,False,False,False,False
207,67.50992587269562,7.174926983555655,0.97,False,False,False,False
208,64.40807018962033,7.169958860133868,0.99,False,False,False,False
209,61.86057158023553,7.154854914404418,0.98,False,False,False,False
210,57.09626562910356,7.145895987161941,0.98,False,False,False,False
211,58.94629400805879,7.138153313199133,0.955,False,False,False,False
212,58.33391507764043,7.12339270126915,0.985,False,False,False,False
213,59.478284045019805,7.1276896924429085,0.985,False,False,False,False
214,56.46719594854441,7.090990502534221,0.99,False,False,False,False
215,61.7943531092213,7.03590545582013,0.955,False,False,False,False
216,62.73875034115365,7.042554846209852,0.915,False,False,False,False
217,60.5883374863415,7.032297638701952,0.97,False,False,False,False
218,56.95091555771819,7.016768426415621,0.925,False,False,False,False
219,1.5691726663315093,7.12652605413258,0.805,True,True,False,False
220,1.5782991297823454,7.154210216573941,0.92,True,True,False,False
221,1.535057306933585,7.123180590924024,0.885,True,True,False,False
222,1.5342815822382978,7.09158960189534,0.92,True,True,False,False
223,1.5334069333823068,7.075484985649942,0.91,True,True,False,False
224,1.5178808874914116,7.065589580805556,0.93,True,True,False,False
225,1.5196262329071613,7.0833410042640335,0.89,True,True,False,False
226,1.5137253008813436,7.190403360515409,0.92,True,True,False,False
227,1.5005857356051668,7.154121494905254,0.76,True,True,False,False
228,1.5264849167979164,7.16548134592611,0.95,True,True,False,False
229,1.5258319040345771,7.171119523500728,0.865,True,True,False,False
230,1.5168201830767911,7.170370365467782,0.885,True,True,False,False
231,1.5058059459076618,7.159509927154357,0.83,True,True,False,False
232,1.4984723051429563,7.14914449877292,0.965,True,True,False,False
233,1.4925001547837415,7.129407055343206,0.75,True,True,False,False
234,1.5073177682996826,7.110584885570416,0.91,True,True,False,False
235,1.4725256336165589,7.058412828827451,0.785,True,True,False,False
236,1.4481501471486278,6.9941440680043545,0.865,True,True,False,False
237,1.430554195581711,7.000347190503539,0.91,True,True,False,False
238,1.4254368877373789,6.9855844101245,0.96,True,True,False,False
239,1.4242495433101792,6.960787620264653,0.92,True,True,False,False
240,1.4241110791140632,6.999382627502678,0.92,True,True,False,False
241,1.433661025826784,6.965365423052191,0.95,True,True,False,False
242,1.444216216930965,6.956736007283077,0.905,True,True,False,False
243,1.4696246385494802,6.977315585743405,0.935,True,True,False,False
244,1.488293112511852,6.99778680522433,0.975,True,True,False,False
245,1.495599035231807,7.022583261366987,0.985,True,True,False,False
246,1.4788025566910064,7.014721227582791,0.99,True,True,False,False
247,1.4751614725977944,7.016434263894926,0.955,True,True,False,False
248,1.4797523940015642,7.011049448701694,0.955,True,True,False,False
249,1.5002057988389292,7.015410433885366,0.925,True,True,False,False
250,1.4942138401963458,7.038979539595099,0.95,True,True,False,False
251,1.4918946226114218,7.036128511319515,0.965,True,True,False,False
252,1.4989749473878258,7.037050501050736,0.94,True,True,False,False
253,1.5244585826163117,7.040130844685774,0.885,True,True,False,False
254,1.5335296171514798,7.052503600250997,0.92,True,True,False,False
255,1.5425531904869048,7.051310166688127,0.91,True,True,False,False
256,1.5749033757293236,7.113229475728739,0.88,True,True,False,False
257,1.5877580194286705,7.120069701351966,0.895,True,True,False,False
258,1.5755485289481095,7.119087351721708,0.88,True,True,False,False
259,1.5750142437105368,7.151409430647192,0.84,True,True,False,False
260,1.592732871058298,7.156764178955268,0.935,True,True,False,False
261,1.6009490563433255,7.155636103447719,0.925,True,True,False,False
262,1.6193919291668146,7.156894463735213,0.915,True,True,False,False
263,36.64526979557133,7.160492877115019,0.875,False,False,False,False
264,35.08287823967426,7.175821534197916,0.93,False,False,False,False
265,30.374165739273675,7.212482604309807,0.91,False,False,False,False
266,29.105100427261597,7.2162569629871625,0.935,False,False,False,False
267,28.725661236804378,7.268213761448475,0.79,False,False,False,False
268,25.375355291158105,7.265792487260308,0.84,False,False,False,False
269,23.655588864077252,7.29607832260705,0.89,False,False,False,False
270,23.18948144464424,7.33036958306397,0.865,False,False,False,False
271,22.878561848892172,7.326796694764376,0.955,False,False,False,False
272,23.772712645281054,7.332000697508418,0.975,False,False,False,False
273,25.467569672834216,7.349474005772254,0.965,False,False,False,False
274,23.069520741882695,7.282872838826112,0.995,False,False,False,False
275,23.921954135895145,7.2933886511785815,0.97,False,False,False,False
276,25.00031265829234,7.280622847628928,0.98,False,False,False,False
277,25.045235794837442,7.2175207940650346,0.99,False,False,False,False
278,24.911052572586467,7.199196704294045,0.98,False,False,False,False
279,24.961053623612468,7.1688745850649145,0.955,False,False,False,False
280,25.12472654238006,7.157727054188167,0.965,False,False,False,False
281,27.107815393241175,7.144390687611967,0.99,False,False,False,False
282,28.020484664703545,7.132508552826922,0.985,False,False,False,False
283,28.17599892043555,7.12986674961984,0.985,False,False,False,False
284,28.211479460173408,7.132194121944963,0.975,False,False,False,False
285,27.56866928944232,7.103074524401373,0.97,False,False,False,False
286,27.81661183598912,7.08803633187988,0.995,False,False,False,False
287,27.911457891249814,7.050529287242128,0.985,False,False,False,False
288,26.397677511059673,7.020996211297723,0.975,False,False,False,False
289,25.411960425166676,7.007615771744883,0.95,False,False,False,False
290,23.112295371604763,6.993666095047271,0.985,False,False,False,False
291,21.050448079151284,6.9936517647817755,0.96,False,False,False,False
292,19.947973488292664,6.982442105088348,0.935,False,False,False,False
293,18.390230793055228,6.985476890790724,0.945,False,False,False,False
294,17.384142282159107,6.990438319374723,0.975,False,False,False,False
295,16.206908504908654,7.001587824404939,0.975,False,False,False,False
296,16.581195992580838,6.984461311527716,0.965,False,False,False,False
297,15.748962404912547,7.002828528343642,0.965,False,False,False,False
298,14.68154448234411,6.988688886957867,0.975,False,False,False,False
299,14.723130928848777,6.9931354642593835,0.985,False,False,False,False
300,15.809988002234148,6.990405257907209,0.985,False,False,False,False
301,16.286920788644778,6.991982249525738,0.99,False,False,False,False
302,17.383397090407726,6.992113007647644,0.95,False,False,False,False
303,17.655438314338276,6.9779834117980535,0.985,False,False,False,False
304,17.91521343949763,6.993656337191753,1.0,False,False,False,False
305,19.48169788898833,7.000905638155994,0.985,False,False,False,False
306,20.281897336335106,7.010075784571557,0.995,False,False,False,False
307,21.45228168055564,7.015678528599936,0.975,False,False,False,False
308,22.008306967772192,7.005313739064629,0.99,False,False,False,False
309,23.44767095537956,6.998178629092006,0.995,False,False,False,False
310,24.191904760430525,6.98297959402837,0.995,False,False,False,False
311,26.367017239936494,6.980772502467187,0.995,False,False,False,False
312,27.163737652755096,6.987482105326976,0.995,False,False,False,False
313,27.4891988408231,6.977362829276598,0.995,False,False,False,False
314,27.232332153080975,6.992420101903347,0.975,False,False,False,False
315,26.453722809635437,6.9946424619500185,0.99,False,False,False,False
316,25.143548750887195,6.994753401463939,0.975,False,False,False,False
317,25.145235062364065,6.992431786733085,1.0,False,False,False,False
318,24.27419331281426,6.981882801586632,0.995,False,False,False,False
319,25.247767843045807,6.986990308549071,0.99,False,False,False,False
320,25.37335751685015,6.9939653682621845,0.995,False,False,False,False
321,25.1439997510759,7.002026826877339,0.98,False,False,False,False
322,24.779057312846575,7.012894561739468,0.995,False,False,False,False
323,24.094572373027738,7.016522117563255,0.995,False,False,False,False
324,24.215764564474085,7.014432047803089,0.99,False,False,False,False
325,23.971152055162065,7.011402766544515,0.985,False,False,False,False
326,24.48915947333559,7.014121702391499,0.98,False,False,False,False
327,24.646782963260605,7.019999471396011,1.0,False,False,False,False
328,24.495638509167712,7.016875086292271,0.97,False,False,False,False
329,23.567002198072856,7.015517872368352,0.99,False,False,False,False
330,22.488724043621744,7.0142197627101925,0.98,False,False,False,False
331,22.727510586644772,7.013919616536727,0.985,False,False,False,False
332,21.994083230062596,7.014108832971774,0.985,False,False,False,False
333,21.68275465929505,7.013379566383809,0.995,False,False,False,False
334,21.170612492900172,7.019424732259979,1.0,False,False,False,False
335,20.402382825130328,7.020655079587904,0.995,False,False,False,False
336,20.942470546531197,7.023676949341505,1.0,False,False,False,False
337,20.94064543138556,7.025626916978753,0.99,False,False,False,False
338,21.45888255893891,7.021503633863217,1.0,False,False,False,False
339,20.81954831613752,7.019745574567922,1.0,False,False,False,False
340,19.98865314973981,7.024518930614224,1.0,False,False,False,False
341,20.071541023025517,7.020189027283697,0.98,False,False,False,False
342,19.56629380025134,7.023728804903716,0.995,False,False,False,False
343,18.913828994425284,7.0249786549669615,0.995,False,False,False,False
344,19.523726383145785,7.025107673299905,1.0,False,False,False,False
345,19.485554231668285,7.0279085816791085,1.0,False,False,False,False
346,19.172286209789668,7.030191765997621,1.0,False,False,False,False
347,19.61124216205965,7.028279776555015,1.0,False,False,False,False
348,19.669432204328984,7.026697423011999,1.0,False,False,False,False
349,19.55676858556167,7.032448585516365,1.0,False,False,False,False
350,19.651222906625655,7.028022511880529,1.0,False,False,False,False
351,19.818444379779454,7.041578327858311,0.995,False,False,False,False
352,19.53827490939391,7.035793886154932,1.0,False,False,False,False
353,19.541958871782544,7.0330536782388915,1.0,False,False,False,False
354,19.28742397901432,7.037408511909364,1.0,False,False,False,False
355,19.252544288016825,7.031146401610005,1.0,False,False,False,False
356,19.4274519264845,7.031116868405828,1.0,False,False,False,False
357,18.436710631661782,7.032755144945437,1.0,False,False,False,False
358,18.958454172503373,7.035790875042951,1.0,False,False,False,False
359,18.664371972358797,7.03742722398168,0.995,False,False,False,False
360,19.067492307867013,7.030357646858986,0.98,False,False,False,False
361,18.57948248806473,7.034002226345899,0.99,False,False,False,False
362,19.637541389994556,7.061674421217309,0.965,False,False,False,False
363,19.22404769132915,7.093754666066909,0.96,False,False,False,False
364,21.130876890664283,7.1207884739494105,0.96,False,False,False,False
365,25.785059330189345,7.138866316716399,0.94,False,False,False,False
366,26.0011107181674,7.163416905736386,0.98,False,False,False,False
367,24.203377464213148,7.169139627505837,0.935,False,False,False,False
368,21.888962532823548,7.142635727477829,0.915,False,False,False,False
369,20.559213661368048,7.1018127019706405,0.97,False,False,False,False
370,18.666598351213693,7.058856633307333,0.96,False,False,False,False
371,17.491463219829864,7.024970160914934,0.965,False,False,False,False
372,17.343974438570744,6.995931638160535,0.96,False,False,False,False
373,16.636405526243614,6.973043372705053,0.9639175257731959,False,False,False,False
374,16.4353977900856,6.958210375638647,0.945,False,False,False,False
375,15.56176888702053,6.935255936623301,0.95,False,False,False,False
376,15.721128519477416,6.910675765271888,0.9629629629629629,False,False,False,False
377,15.381102773493577,6.881035176066925,0.9791666666666666,False,False,False,False
378,15.256215296954155,6.889441299677811,0.95,False,False,False,False
379,14.44272812169287,6.890325691809523,0.9807692307692307,False,False,False,False
380,14.511929364062647,6.8913809229351735,0.9815950920245399,False,False,False,False
381,14.111812912938088,6.882826625384004,0.9877300613496932,False,False,False,False
382,13.48074398895464,6.880554423367184,0.9662921348314607,False,False,False,False
383,13.484212699695417,6.8945718154938,0.9830508474576272,False,False,False,False
384,13.239328723235742,6.905195306810555,0.9941176470588236,False,False,False,False
385,12.64204409823969,6.917180631705072,1.0,False,False,False,False
386,13.038160023079607,6.919932650091947,0.9828571428571429,False,False,False,False
387,12.87401019379041,6.937559498108411,0.9942857142857143,False,False,False,False
388,12.7085151228267,6.936681212127597,0.9820359281437125,False,False,False,False
389,13.330460040804251,6.950917092057466,0.9864864864864865,False,False,False,False
390,13.596579642404448,6.954371914711071,1.0,False,False,False,False
391,14.06276455802628,6.95420343925722,0.9855072463768116,False,False,False,False
392,12.61617828520543,6.95464895743584,0.9777777777777777,False,False,False,False
393,12.429818077773184,6.957421247510341,0.995,False,False,False,False
394,12.929481692013653,6.9522649521035405,0.985,False,False,False,False
395,13.158375230430147,6.944075283260611,0.985,False,False,False,False
396,12.770797016682632,6.95512241137686,0.9682539682539683,False,False,False,False
397,13.113723747395712,6.938522709271403,0.995,False,False,False,False
398,13.186402297953128,6.9299908011274525,0.97,False,False,False,False
399,13.689783371149193,6.915682216480619,0.97,False,False,False,False
400,15.91091812324616,6.953263816186916,0.94,True,False,False,True
401,28.113395457854555,6.795845103605883,0.71,True,False,False,True
402,38.867023170988794,6.865487041368423,0.6959459459459459,True,False,False,True
403,33.513749933927436,6.870795327914935,0.85,True,False,False,True
404,16.249637510997253,7.020966158203823,0.925,True,False,False,True
405,17.475116737626763,6.783608932360429,0.945,True,False,False,True
406,19.334404393801943,6.9085054774371235,0.95,True,False,False,True
407,17.738590269326565,6.865096365215364,0.95,True,False,False,True
408,19.657334407572232,6.838846735094751,0.945,True,False,False,True
409,18.57768524792667,6.798250958369735,0.91,True,False,False,True
410,19.26773431868134,6.987278970426557,0.96,True,False,False,True
411,29.32023947194984,6.811104856798218,0.495,True,False,False,True
412,20.341686938285644,6.917784747275875,0.52,True,False,False,True
413,45.44063807009345,6.797383558873748,0.695,True,False,False,True
414,20.899326266426115,6.773081320980734,0.715,True,False,False,True
415,36.69626414979973,6.813847252836515,0.515,True,False,False,True
416,21.494467907009245,7.002162973092554,0.6746987951807228,True,False,False,True
417,21.12942455207937,7.017851914420583,0.985,True,False,False,True
418,23.466882932030337,7.016470858790972,0.985,True,False,False,True
419,26.83920110702744,6.837031961059419,0.945,True,False,False,True
420,47.76630919139919,6.844760223428108,0.85,True,False,False,True
421,32.66035899251993,6.91374888993023,0.88,True,False,False,True
422,26.690161282263173,7.022496265763881,0.98,True,False,False,True
423,29.271422041160747,6.906377010185089,0.955,True,False,False,True
424,28.80493621482047,6.988534928993481,0.96,True,False,False,True
425,29.592810770610747,6.806876594810921,0.775,True,False,False,True
426,30.459779907916005,6.867136664254557,0.855,True,False,False,True
427,30.255243675564536,6.830592160019912,0.975,True,False,False,True
428,30.715098891337128,6.94708684555858,0.95,True,False,False,True
429,30.371647232413775,6.852926542301677,0.975,True,False,False,True
430,30.713616111736737,6.868181860461766,0.96,True,False,False,True
431,31.575714702354823,6.798895211366997,0.91,True,False,False,True
432,47.89769620674111,6.807625471668353,0.59,True,False,False,True
433,31.98482279212279,6.909200218504431,0.67,True,False,False,True
434,30.098695223465786,6.856291322382898,0.935,True,False,False,True
435,36.47854115342812,6.869017787050989,0.935,True,False,False,True
436,33.56114248742207,6.896389858443141,0.96,True,False,False,True
437,32.36923674558618,6.82213367731145,0.98,True,False,False,True
438,29.9634531113726,6.939912585740705,0.96,True,False,False,True
439,32.275158913447335,6.766925471199856,0.905,True,False,False,True
440,32.20393598542987,6.820919812898666,0.96,True,False,False,True
441,31.044582457090087,6.905291666669481,0.95,True,False,False,True
442,32.674455309945174,6.864672602342221,0.935,True,False,False,True
443,34.51057374666093,6.8054744487416805,0.955,True,False,False,True
444,24.361527949696644,6.784187392309405,0.665,True,False,False,True
445,32.34989237673077,6.9588622085246366,0.895,True,False,False,True
446,41.380974791629704,6.917005593237038,0.985,True,False,False,True
447,34.986275400885525,6.885441044913268,0.915,True,False,False,True
448,39.56687689151601,6.917331887149768,0.94,True,False,False,True
449,33.11757345771074,6.970091382333322,0.98,True,False,False,True
450,33.13603401876208,6.966357457736562,0.985,True,False,False,True
451,46.84394390586178,6.877097044211398,0.98,True,False,False,True
452,35.15693070179949,6.8753753581231685,0.955,True,False,False,True
453,46.029789408656775,6.925136699075243,0.95,True,False,False,True
454,33.52972851667959,6.8063410533859425,0.7,True,False,False,True
455,60.177826959669844,6.8027730243579185,0.87,True,False,False,True
456,33.868279655812735,6.84586600222193,0.815,True,False,False,True
457,39.18883422459414,6.8667143829791515,0.98,True,False,False,True
458,38.16800425011817,6.784145080827586,0.71,True,False,False,True
459,51.70417354578637,6.807901841064096,0.815,True,False,False,True
460,38.63886769068328,6.806715879975327,0.785,True,False,False,True
461,35.119726250084284,6.74003055052988,0.625,True,False,False,True
462,55.707163859017285,6.7439231730286355,0.875,True,False,False,True
463,48.48555734973236,6.899721536361927,0.73,True,False,False,True
464,37.49534788102629,6.793231443397141,0.685,True,False,False,True
465,48.266428408593846,6.895015595156961,0.955,True,False,False,True
466,43.097895407912645,6.714729695931508,0.645,True,False,False,True
467,49.62546496471185,6.853936174424694,0.915,True,False,False,True
468,51.68940015089781,6.971461501688317,0.985,True,False,False,True
469,65.92070273427986,6.731817576582422,0.715,True,False,False,True
470,58.95887090562729,6.8541019467709,0.895,True,False,False,True
471,58.02364212446059,6.831383151928465,0.985,True,False,False,True
472,60.374085843202884,6.7875762102493695,0.95,True,False,False,True
473,62.01265358822051,6.829711764696693,0.975,True,False,False,True
474,65.81260867128474,6.900601097639243,0.995,True,False,False,True
475,64.13760324069654,6.94711396626055,0.995,True,False,False,True
476,66.0396628027929,6.810854918828374,0.935,True,False,False,True
477,66.88616018873199,6.83574261683537,0.955,True,False,False,True
478,71.75521002792418,6.794094901911,0.97,True,False,False,True
479,68.64958611680484,6.886524675967105,0.98,True,False,False,True
480,73.47690664872363,6.813310132344602,0.945,True,False,False,True
481,73.5539372315716,6.801628313231502,0.975,True,False,False,True
482,75.78120126691731,6.843137818750618,0.975,True,False,False,True
483,82.29516520913269,6.931231430854002,1.0,True,False,False,True
484,83.53018530409933,6.982623664837864,0.995,True,False,False,True
485,86.10548853793662,6.921912761154022,0.99,True,False,False,True
486,81.5796949317523,6.984710322515369,0.975,True,False,False,True
487,87.1187816742161,6.94958920057182,0.975,True,False,False,True
488,101.13163977515457,6.805153878066498,0.925,True,False,False,True
489,90.09378525263661,6.994115676321404,0.975,True,False,False,True
490,91.09040965544006,7.017746458785378,0.985,True,False,False,True
491,92.24210947971414,7.076747713523394,0.985,True,False,False,True
492,80.67074837343577,6.726445740344999,0.65,True,False,False,True
493,95.14213284299811,6.969357667295723,0.885,True,False,False,True
494,97.64234498557269,6.954160533077764,0.99,True,False,False,True
495,94.2943815486905,7.067792327554793,0.965,True,False,False,True
496,97.5674103502278,6.944585202555206,0.995,False,False,False,False
497,97.64015454379758,6.967647291789854,1.0,False,False,False,False
498,99.186488588321,6.9738925613652505,0.99,False,False,False,False
499,98.87075995532544,6.990164427487695,0.97,False,False,False,False
500,99.78756636806442,6.990467329930956,0.955,False,False,False,False
501,100.03590425224913,7.010025282475744,0.945,False,False,False,False
502,99.17448537983229,6.9871271976811755,0.98,False,False,False,False
503,98.18438126816291,6.980557658226481,0.98,False,False,False,False
504,99.55147464746273,6.970418791889367,0.98,False,False,False,False
505,101.68286026871596,7.000341049887962,0.99,False,False,False,False
506,103.03884063566043,7.000165507061338,0.985,False,False,False,False
507,103.43345776907776,6.994907908008588,0.97,False,False,False,False
508,102.85664843778622,6.971594325609497,0.98,False,False,False,False
509,105.6894535339398,6.981000541933379,0.96,False,False,False,False
510,104.88705585215598,6.958756555510807,0.995,False,False,False,False
511,104.99618855547226,6.962590559797374,0.93,False,False,False,False
512,111.76278005530925,6.973762779228589,0.96,False,False,False,False
513,112.7236700447385,6.99667339573295,0.935,False,False,False,False
514,108.88798054803381,7.008053615812767,0.95,False,False,False,False
515,107.1247811109527,7.006908864358732,0.98,False,False,False,False
516,106.22540275252388,7.004166749759378,0.96,False,False,False,False
517,105.04938422658321,7.0025807243872755,0.965,False,False,False,False
518,103.70870687096253,6.9945990587320415,0.97,False,False,False,False
519,100.62856189976686,6.998255537830091,0.975,False,False,False,False
520,97.1627524538847,7.000074436345298,0.955,False,False,False,False
521,96.02308907496726,7.018118008420753,0.96,False,False,False,False
522,89.30789035111809,7.019487557046211,0.905,False,False,False,False
523,86.60986155194908,7.024679822303746,0.88,False,False,False,False
524,85.5083028736283,7.014747947013478,0.92,False,False,False,False
525,80.58761943443649,7.002122688339396,0.94,False,False,False,False
526,74.99479261359691,6.975923080272219,0.935,False,False,False,False
527,73.41694865781118,6.9854504837081155,0.905,False,False,False,False
528,70.38160538041753,6.991855367999101,0.945,False,False,False,False
529,68.35496123805414,7.006989122625216,0.98,False,False,False,False
530,64.46031085887206,6.997756198336196,0.895,False,False,False,False
531,62.84176687194857,6.997261740634127,0.875,False,False,False,False
532,57.35128527146589,6.935238954881186,0.775,False,False,False,False
533,53.56929941747585,6.882528163906811,0.835,False,False,False,False
534,51.832623523363225,6.884062720950204,0.88,False,False,False,False
535,48.61066835368746,6.8719559917037385,0.885,False,False,False,False
536,46.765242133349645,6.876586809091915,0.905,False,False,False,False
537,47.02072139272316,6.874945252424431,0.96,False,False,False,False
538,45.93163324903129,6.878093177790872,0.85,False,False,False,False
539,48.67435800682005,6.828570603633251,0.91,False,False,False,False
540,46.464336245619556,6.81622851916835,0.96,False,False,False,False
541,47.747131477521414,6.819126292979988,0.895,False,False,False,False
542,53.24432712102882,6.843023055809228,0.945,False,False,False,False
543,54.28618351512867,6.833884772821097,0.92,False,False,False,False
544,56.35932353484617,6.83882606811995,0.96,False,False,False,False
545,59.7664539494587,6.849767108195766,0.915,False,False,False,False
546,58.84728391586738,6.8174050410305815,0.9,False,False,False,False
547,56.490501179360045,6.792699905744461,0.915,False,False,False,False
548,60.15733007294832,6.799050318200433,0.945,False,False,False,False
549,58.785904649143774,6.806163193334753,0.805,False,False,False,False
550,60.78235571803736,6.843417539280589,0.925,False,False,False,False
551,63.18117827892503,6.855976911898755,0.945,False,False,False,False
552,60.51112904760997,6.8482649848890595,0.895,False,False,False,False
553,65.33084951707629,6.8349556328043555,0.975,False,False,False,False
554,64.87699655442748,6.816539094060595,0.98,False,False,False,False
555,68.55652745423417,6.81165062222159,0.98,False,False,False,False
556,66.81483676589171,6.802708961344173,0.955,False,False,False,False
557,67.83837245894803,6.805009326363454,0.92,False,False,False,False
558,64.61613662271802,6.764174348371757,0.91,False,False,False,False
559,60.88055284170405,6.728705324049029,0.915,False,False,False,False
560,62.54682906013835,6.735479074326999,0.89,False,False,False,False
561,60.83298024368036,6.700316957422716,0.9,False,False,False,False
562,56.105851738621176,6.682363058383464,0.93,False,False,False,False
563,55.08082707461794,6.693439849452802,0.9,False,False,False,False
564,59.61963295767983,6.722176962526322,0.87,False,False,False,False
565,56.04136568483643,6.69900068666327,0.885,False,False,False,False
566,59.53362371820978,6.76036754305909,0.935,False,False,False,False
567,58.70221488233695,6.799223480275918,0.89,False,False,False,False
568,58.010768641321214,6.783138137478497,0.88,False,False,False,False
569,59.54543596243702,6.819339947423688,0.885,False,False,False,False
570,62.806265712595064,6.811212572184752,0.9,False,False,False,False
571,61.584677054468585,6.777384174677052,0.92,False,False,False,False
572,63.52322329073509,6.748424610516583,0.945,False,False,False,False
573,66.69558872476141,6.774551349618251,0.895,False,False,False,False
574,66.83712480777486,6.777778704807007,0.935,False,False,False,False
575,64.39063245663516,6.833309900653976,0.89,False,False,False,False
576,59.680246961192424,6.8272308583564625,0.895,False,False,False,False
577,58.826357603961284,6.813865111901359,0.87,False,False,False,False
578,59.08600868591019,6.7935122167727116,0.85,False,False,False,False
579,57.39101545993294,6.765919196567879,0.865,False,False,False,False
580,55.19537177338512,6.712484848584625,0.865,False,False,False,False
581,50.332177351022935,6.698734634158683,0.87,False,False,False,False
582,48.38412593759951,6.708070549038902,0.83,False,False,False,False
583,43.29736975436524,6.690935570881287,0.845,False,False,False,False
584,43.714586462637456,6.659095218214168,0.92,False,False,False,False
585,44.97262856558456,6.666641497949751,0.93,False,False,False,False
586,44.46411926532865,6.661851845644511,0.93,False,False,False,False
587,47.37571230481923,6.703305669452899,0.895,False,False,False,False
588,46.84158820542193,6.707721998019837,0.94,False,False,False,False
589,47.34813438511678,6.678195366945239,0.925,False,False,False,False
590,44.86390005240003,6.660201413777088,0.855,False,False,False,False
591,39.483797598555775,6.631424512130401,0.885,False,False,False,False
592,42.061071182156866,6.626214953644968,0.775,False,False,False,False
593,38.20902310968654,6.603996634337703,0.82,False,False,False,False
594,35.158963103398875,6.557683059751611,0.835,False,False,False,False
595,34.67537520491561,6.52144350963642,0.875,False,False,False,False
596,31.199987496592346,6.53664946471289,0.815,False,False,False,False
597,33.06178789366725,6.498745837412152,0.78,False,False,False,False
598,31.394885056268723,6.42927563959432,0.785,False,False,False,False
599,32.458465020027546,6.42658190108807,0.785,False,False,False,False
600,30.823818043327886,6.4057631893784865,0.865,False,False,False,False
601,27.812088188422884,6.3603683145483005,0.75,False,False,False,False
602,28.071906974968858,6.4115141870086365,0.81,False,False,False,False
603,29.524288390469266,6.412075512982246,0.9,False,False,False,False
604,28.706981889253946,6.360361331040819,0.88,False,False,False,False
605,33.512035036685326,6.470133728022496,0.89,False,False,False,False
606,32.546368378909456,6.45163987848017,0.93,False,False,False,False
607,32.02773904459492,6.424586508179698,0.89,False,False,False,False
608,32.5731824045848,6.476183108176085,0.885,False,False,False,False
609,35.7996224718841,6.478852027424853,0.93,False,False,False,False
610,40.08627757249865,6.4948618155004905,0.91,False,False,False,False
611,44.164604257551794,6.593805971430376,0.82,False,False,False,False
612,40.65706226931097,6.599299692505808,0.875,False,False,False,False
613,36.64335620689452,6.6430327996807925,0.9,False,False,False,False
614,36.25774511633078,6.651352113268191,0.84,False,False,False,False
615,37.27452577541147,6.659508877910436,0.855,False,False,False,False
616,40.42422387732616,6.680082901729731,0.905,False,False,False,False
617,38.35895143397276,6.732334374900451,0.865,False,False,False,False
618,37.516640733364966,6.740274419309662,0.68,False,False,False,False
619,34.60565879272156,6.681020559867687,0.835,False,False,False,False
620,34.70267777636428,6.734107020686442,0.905,False,False,False,False
621,38.76940769428123,6.751026106828689,0.915,False,False,False,False
622,41.32834649863073,6.777760395838611,0.92,False,False,False,False
623,46.32037764665518,6.859161326638393,0.69,False,False,False,False
624,42.92557417558157,6.849182301819074,0.785,False,False,False,False
625,40.354946286204864,6.863935156664509,0.845,False,False,False,False
626,39.23052414074399,6.931396197759853,0.795,False,False,False,False
627,44.18322797248417,6.9564764319278165,0.89,False,False,False,False
628,44.727136925635065,6.957050674988334,0.84,False,False,False,False
629,43.89688361846087,6.966530626870471,0.845,False,False,False,False
630,45.252434701065965,6.981357842932978,0.895,False,False,False,False
631,44.45780557482679,7.009671082781034,0.815,False,False,False,False
632,44.67617035166639,7.054822560394457,0.86,False,False,False,False
633,43.485633668410166,7.069744881430221,0.845,False,False,False,False
634,46.458455485956954,7.075679767161869,0.91,False,False,False,False
635,45.829406268316895,7.077889932408221,0.835,False,False,False,False
636,44.589583151287144,7.064373595139526,0.865,False,False,False,False
637,41.256669545667314,7.039095661981699,0.63,False,False,False,False
638,41.253516899833926,7.051167331189458,0.8,False,False,False,False
639,41.294072674093634,7.069655394602359,0.82,False,False,False,False
640,41.56436371960677,7.07218966692811,0.78,False,False,False,False
641,43.96836535701157,7.080429150848846,0.895,False,False,False,False
642,45.145152444497306,7.0557308945729,0.885,False,False,False,False
643,40.92826481207156,7.048240364687654,0.805,False,False,False,False
644,41.84982863633475,7.050030416202938,0.815,False,False,False,False
645,40.61447280186439,7.085148963608257,0.83,False,False,False,False
646,41.58713721017244,7.1209447445523715,0.9,False,False,False,False
647,37.14858513031802,7.126873362562492,0.825,False,False,False,False
648,30.02135541586588,7.137796243641982,0.73,False,False,False,False
649,29.016118216956517,7.138402017098025,0.625,False,False,False,False
650,27.45019175175719,7.144305114711482,0.85,False,False,False,False
651,26.006403544666878,7.15232812963579,0.71,False,False,False,False
652,25.384606180147095,7.174992718408012,0.78,False,False,False,False
653,25.994612126232497,7.2056897795354296,0.765,False,False,False,False
654,27.15069283545089,7.229616306357531,0.845,False,False,False,False
655,26.919788812355282,7.25041230925113,0.85,False,False,False,False
656,28.010705276141707,7.271026217571812,0.86,False,False,False,False
657,28.334321134315722,7.291684417281603,0.79,False,False,False,False
658,25.653929793052704,7.306403312662589,0.77,False,False,False,False
659,24.272617850068293,7.317814552229089,0.835,False,False,False,False
660,22.741200685356944,7.312419301566941,0.79,False,False,False,False
661,22.462722741464354,7.271349421502954,0.79,False,False,False,False
662,23.245442507951584,7.270733968757973,0.885,False,False,False,False
663,22.860308074914364,7.247495502093718,0.855,False,False,False,False
664,20.929634865354807,7.24722587771936,0.87,False,False,False,False
665,21.982669699403736,7.231004036594678,0.925,False,False,False,False
666,22.12911533044446,7.238096498135691,0.87,False,False,False,False
667,22.04142869716675,7.20942519967773,0.885,False,False,False,False
668,21.78383587959608,7.141569021328747,0.835,False,False,False,False
669,23.813268247165155,7.115403890249504,0.8,False,False,False,False
670,22.10268911813734,7.130775110227507,0.74,False,False,False,False
671,19.772664094034663,7.074951097509407,0.76,False,False,False,False
672,17.028417985328133,7.029763581932531,0.825,False,False,False,False
673,18.68548797163114,7.054089462933522,0.89,False,False,False,False
674,19.326332114472347,7.067936316748909,0.885,False,False,False,False
675,20.670762885504022,7.058504104142264,0.835,False,False,False,False
676,21.287797347792164,7.048049842910009,0.84,False,False,False,False
677,19.438944498368986,7.014619806209566,0.845,False,False,False,False
678,19.378450151127204,7.053112904177518,0.8,False,False,False,False
679,19.143559907731998,7.061650120717059,0.825,False,False,False,False
680,22.76553908566315,7.08256713791118,0.87,False,False,False,False
681,25.171435929801028,7.086767283216207,0.865,False,False,False,False
682,25.36054664607642,7.088236463607047,0.875,False,False,False,False
683,25.84285212911875,7.067074078834077,0.87,False,False,False,False
684,27.74973800530317,7.046331326978448,0.835,False,False,False,False
685,27.696832345540688,7.050771438099947,0.84,False,False,False,False
686,30.849426253413625,7.032565996685117,0.88,False,False,False,False
687,31.344973780652225,7.09352928268099,0.82,False,False,False,False
688,32.643130809599,7.1079319721397525,0.84,False,False,False,False
689,30.437907163419112,7.115907771018169,0.865,False,False,False,False
690,31.180910058281256,7.0899924985901706,0.885,False,False,False,False
691,29.068832713986726,7.084868486668396,0.845,False,False,False,False
692,27.149224624306974,7.053191993840898,0.825,False,False,False,False
693,27.30145388632835,7.068599702534044,0.895,False,False,False,False
694,28.079607222594575,7.070884812832466,0.835,False,False,False,False
695,25.978121853325177,7.069222485794434,0.875,False,False,False,False
696,25.024169016264775,7.046872108533318,0.865,False,False,False,False
697,23.676896441631616,7.0216807333270435,0.855,False,False,False,False
698,24.53939847105562,7.036740009805037,0.9,False,False,False,False
699,25.53602985927679,7.043999094287316,0.92,False,False,False,False
700,26.863320497678234,7.049308558209251,0.885,False,False,False,False
701,27.92696181293113,7.029433430208873,0.935,False,False,False,False
702,29.681992853291824,7.038194647369236,0.915,False,False,False,False
703,29.463643164165724,7.056074055940661,0.96,False,False,False,False
704,28.246954954623675,7.01915506739801,0.905,False,False,False,False
705,26.01038145611758,7.02025714872218,0.845,False,False,False,False
706,26.295972159187727,7.039099820545444,0.87,False,False,False,False
707,26.258221083900633,7.008968343252249,0.86,False,False,False,False
708,25.037050761090594,7.019199805612182,0.84,False,False,False,False
709,24.08349390361648,6.9968972316698865,0.91,False,False,False,False
710,23.73727910354516,7.013917138182102,0.915,False,False,False,False
711,23.363273057530087,7.01093716585506,0.935,False,False,False,False
712,22.884684223348483,7.025327317130444,0.955,False,False,False,False
713,23.72010499200954,7.002563488503335,0.925,False,False,False,False
714,23.12620380394042,7.011287189715514,0.935,False,False,False,False
715,23.53347016698934,7.030374852780817,0.89,False,False,False,False
716,24.082260349243793,7.029577742344694,0.935,False,False,False,False
717,24.245043062573956,7.036130552591437,0.985,False,False,False,False
718,22.756643409562308,7.042963755522345,0.915,False,False,False,False
719,22.700159371159785,7.053032124240599,0.99,False,False,False,False
720,22.223676691153496,7.058273267458063,0.965,False,False,False,False
721,22.954026554096107,7.068961920697394,0.925,False,False,False,False
722,22.507068736514846,7.0760691202716615,0.97,False,False,False,False
723,21.626011274326743,7.084502155587727,0.94,False,False,False,False
724,21.68406607938725,7.086326736122899,0.94,False,False,False,False
725,22.049699803184417,7.100384563537645,0.935,False,False,False,False
726,21.291587091382098,7.081280043677204,0.94,False,False,False,False
727,21.427533623907816,7.09736067901847,0.975,False,False,False,False
728,20.19549453816535,7.110118549433043,0.945,False,False,False,False
729,20.312119446722733,7.063694449669967,0.89,False,False,False,False
730,19.546170480261576,7.044896385453956,0.83,False,False,False,False
731,18.59091969669447,7.046553313441174,0.82,False,False,False,False
732,16.796450030533013,7.0208772115187745,0.795,False,False,False,False
733,15.116735661553648,6.964737824981972,0.68,False,False,False,False
734,13.844565200448146,6.985775671566756,0.77,False,False,False,False
735,13.287796028386499,6.961965325576119,0.84,False,False,False,False
736,14.127861333703047,6.928831829435347,0.8404907975460123,False,False,False,False
737,12.04505421711311,7.0002368249267715,0.9357798165137615,False,False,False,False
738,12.369324475356928,6.970715546727384,0.9470198675496688,False,False,False,False
739,12.725525461276163,6.962065020650918,0.8865248226950354,False,False,False,False
740,11.081188154557783,7.150758626377131,0.9603174603174603,False,False,False,False
741,11.741857791637644,7.13216037681927,0.9085365853658537,False,False,False,False
742,11.684917526940648,7.109892299394721,0.9645390070921985,False,False,False,False
743,11.778747129604822,7.263619678331814,0.936046511627907,False,False,False,False
744,11.223756377460173,7.241796223714328,0.8027210884353742,False,False,False,False
745,11.471001828590149,7.2442051449156395,0.9041916167664671,False,False,False,False
746,10.018472514097592,7.3774193586038415,0.9342105263157895,False,False,False,False
747,10.365531106021114,7.351195430934579,0.9006211180124224,False,False,False,False
748,10.466034990100276,7.364936072251048,0.9257142857142857,False,False,False,False
749,9.96069965680966,7.4354523834477,0.9297297297297298,False,False,False,False
750,10.234140428688224,7.433237122550425,0.9440993788819876,False,False,False,False
751,10.291767979337726,7.425228211512844,0.925531914893617,False,False,False,False
752,9.74269004444266,7.419209118097346,0.8910256410256411,False,False,False,False
753,9.233678408693716,7.410059047608417,0.9541984732824428,False,False,False,False
754,9.009235072003692,7.421455309277391,0.971830985915493,False,False,False,False
755,8.747336295142938,7.376678213851831,0.9476744186046512,False,False,False,False
756,8.513788531856925,7.392895357496638,1.0,False,False,False,False
757,8.73462769108169,7.401986648869361,0.98125,False,False,False,False
758,8.932223861213673,7.408190974268406,0.95,False,False,False,False
759,8.87325026493484,7.424008556530863,0.9452054794520548,False,False,False,False
760,9.427936268438888,7.425829585326602,0.9513513513513514,False,False,False,False
761,9.422903768892445,7.431903915619962,0.95,False,False,False,False
762,9.528332727663244,7.435209104326043,0.9013157894736842,False,False,False,False
763,9.13205252133485,7.44276068038826,0.967391304347826,False,False,False,False
764,9.382074843044109,7.447622651283023,0.9583333333333334,False,False,False,False
765,9.468373422889966,7.378665146134226,0.959731543624161,False,False,False,False
766,9.503205085234423,7.385733726611808,0.9137931034482759,False,False,False,False
767,9.694139878908873,7.39010342066996,0.9159663865546218,False,False,False,False
768,10.096417477588188,7.394464590475284,0.9672131147540983,False,False,False,False
769,9.592910918458129,7.400446846649292,0.9801980198019802,False,False,False,False
770,9.812828359399877,7.389705681114843,0.9619047619047619,False,False,False,False
771,9.728227419483794,7.391946300966131,0.9655172413793104,False,False,False,False
772,9.390159277399363,7.395747925395036,0.936,False,False,False,False
773,9.601102331590498,7.396309040085313,1.0,False,False,False,False
774,9.79845008344131,7.4115242837636295,0.9696969696969697,False,False,False,False
775,9.836649604766405,7.4267435215676505,1.0,False,False,False,False
776,9.935287037762858,7.442238208762992,0.9850746268656716,False,False,False,False
777,10.113078996224823,7.403162458302505,0.9512195121951219,False,False,False,False
778,9.484901347783316,7.423918307528756,0.9504132231404959,False,False,False,False
779,9.265528839252893,7.4258138318211095,0.9765625,False,False,False,False
780,9.808457633996673,7.4536267501224955,0.9849624060150376,False,False,False,False
781,10.089320853895304,7.452034688623105,0.9915254237288136,False,False,False,False
782,9.17075469380162,7.456869274392195,0.9819819819819819,False,False,False,False
783,9.609050195672781,7.392620833452947,0.9612903225806452,False,False,False,False
784,9.355005613315422,7.389048362132295,0.96875,False,False,False,False
785,9.63403541954169,7.393858126664536,0.9538461538461539,False,False,False,False
786,9.96588066615781,7.386902405100049,0.9243697478991597,False,False,False,False
787,9.701366535539583,7.392496524397444,0.9923076923076923,False,False,False,False
788,10.0909036623953,7.380340843321679,0.952755905511811,False,False,False,False
789,10.427047327945518,7.378107591023705,1.0,False,False,False,False
790,9.376503769404598,7.373362502103082,1.0,False,False,False,False
791,10.364187503113131,7.369679005963613,0.9758064516129032,False,False,False,False
792,9.481802261800246,7.336819080681206,0.9304347826086956,False,False,False,False
793,9.680055199445125,7.331445549519721,0.9444444444444444,False,False,False,False
794,10.193480053134724,7.332748150264008,0.9830508474576272,False,False,False,False
795,9.449115823467208,7.348371036004975,0.9906542056074766,False,False,False,False
796,10.37690365248,7.35864933838043,0.9536423841059603,False,False,False,False
797,10.570783451259539,7.3671692933189385,0.9041095890410958,False,False,False,False
798,10.3484239735067,7.373286436975769,0.9487179487179487,False,False,False,False
799,10.147836868620498,7.357697662119084,0.9349593495934959,False,False,False,False
800,10.511527243487636,7.3465294417851235,0.9774436090225563,False,False,False,False
801,9.06399951032521,7.27456550327495,0.864,False,False,False,False
802,8.367187289233422,7.245653613369397,0.9281767955801105,False,False,False,False
803,8.800998837732847,7.2355495501811795,1.0,False,False,False,False
804,8.385531260639452,7.234599495551066,0.95,False,False,False,False
805,7.779116770683782,7.224929718651197,0.955,False,False,False,False
806,7.47122225434132,7.209337872667746,0.95,False,False,False,False
807,7.429473342111008,7.2012648571649995,0.95,False,False,False,False
808,7.539996244305002,7.204592295187322,0.925,False,False,False,False
809,7.57329932677955,7.198618923905116,0.975,False,False,False,False
810,7.394432265143661,7.205327828432541,0.965,False,False,False,False
811,7.488719183287463,7.203529261237556,0.96,False,False,False,False
812,7.322503844847881,7.201822886385187,0.9,False,False,False,False
813,6.986123260826885,7.191802586113124,0.975,False,False,False,False
814,7.351059514946175,7.177146727587889,0.97,False,False,False,False
815,7.395591760110268,7.159944503909754,0.97,False,False,False,False
816,7.3306697942575925,7.147629974126583,0.9635416666666666,False,False,False,False
817,7.466828820029854,7.126515302776969,0.8702702702702703,False,False,False,False
818,7.0833925058462235,7.117823759300662,0.9251336898395722,False,False,False,False
819,7.776437035694012,7.11249562485054,1.0,False,False,False,False
820,8.103109263389825,7.119746268987918,0.97,False,False,False,False
821,7.821701162017215,7.102304615143199,0.9948453608247423,False,False,False,False
822,7.758354225222559,7.096215899731732,0.96,False,False,False,False
823,7.248313929285097,7.0919763239193445,0.9842931937172775,False,False,False,False
824,7.679833705576055,7.082168337474675,0.9943820224719101,False,False,False,False
825,7.981398806453785,7.079536589447422,0.9888268156424581,False,False,False,False
826,8.89488714037676,7.075077817687342,0.9844559585492227,False,False,False,False
827,8.790459274149596,7.0796967937212365,0.97,False,False,False,False
828,9.429817774780568,7.067280458886632,0.9523809523809523,False,False,False,False
829,9.62359501381692,7.0499783816293915,0.96,False,False,False,False
830,9.214872713973453,7.0513185830981495,0.945,False,False,False,False
831,8.722278238515019,6.959192956916956,0.855,False,False,False,False
832,9.396220628807228,6.950172351001861,0.93,False,False,False,False
833,8.822471189827882,6.932073924004262,0.945,False,False,False,False
834,8.893961029781552,6.936987975887524,0.9568965517241379,False,False,False,False
835,8.74575613496195,6.946670364067405,0.971830985915493,False,False,False,False
836,9.329988105601872,6.9653246698018645,0.9664429530201343,False,False,False,False
837,9.020272531949923,6.979910658840618,1.0,False,False,False,False
838,8.67631852606793,6.976054419081615,0.975609756097561,False,False,False,False
839,7.841952832681042,6.97152855823505,0.9659863945578231,False,False,False,False
840,7.27669683419559,6.959805745981513,0.8284023668639053,False,False,False,False
841,6.677328546321009,6.883234959651564,0.8442211055276382,False,False,False,False
842,6.726786594179785,6.851419683880897,0.8969072164948454,False,False,False,False
843,6.911764700158766,6.806816330080288,0.888235294117647,False,False,False,False
844,6.847844440729313,6.8034024503116655,0.972027972027972,False,False,False,False
845,6.948216393029197,6.79461914715184,0.9699248120300752,False,False,False,False
846,7.026939551441344,6.794661858999438,0.8156028368794326,False,False,False,False
847,5.977896142166641,6.780623590558437,0.8857142857142857,False,False,False,False
848,6.116901956085354,6.782475041505295,0.8911917098445595,False,False,False,False
849,6.89931150624975,6.809073158003449,0.937888198757764,False,False,False,False
850,6.25311762506194,6.801159706940631,0.9444444444444444,False,False,False,False
851,6.475612012846715,6.793643465590884,0.9647887323943662,False,False,False,False
852,6.711012216610603,6.788744226384872,0.973404255319149,False,False,False,False
853,6.650811813058344,6.7970528594946895,0.9635036496350365,False,False,False,False
854,6.409708440381201,6.79748193930315,0.927007299270073,False,False,False,False
855,6.39780944661382,6.779620560817289,0.9366197183098591,False,False,False,False
856,6.1486709635654995,6.74976149702282,0.9420289855072463,False,False,False,False
857,6.330593804839909,6.7388264183060365,0.9920634920634921,False,False,False,False
858,6.058235820093218,6.736695703084188,0.9487179487179487,False,False,False,False
859,5.995423935321733,6.713389806072441,0.976,False,False,False,False
860,5.930715308851939,6.698701506680367,0.993006993006993,False,False,False,False
861,5.648057450269393,6.682845488370397,0.975609756097561,False,False,False,False
862,5.738573926818868,6.675237683326701,0.9714285714285714,False,False,False,False
863,5.8152663026622875,6.6608772359064075,0.9565217391304348,False,False,False,False
864,5.92198546317656,6.682410322002594,0.9545454545454546,False,False,False,False
865,6.1810910832132295,6.691412566775071,0.9408284023668639,False,False,False,False
866,5.72580630221094,6.688843383965357,0.8277777777777777,False,False,False,False
867,5.883924420739841,6.695208620139116,0.9415584415584416,False,False,False,False
868,5.876107803602091,6.673820529948367,0.9652173913043478,False,False,False,False
869,6.133524741664434,6.615287552776395,0.9722222222222222,False,False,False,False
870,6.071941980766107,6.620857497120205,0.9852941176470589,False,False,False,False
871,6.690332982481414,6.59065407497587,1.0,False,False,False,False
872,6.693289878276799,6.58112100617446,0.9915966386554622,False,False,False,False
873,6.2153859188254295,6.567341828041418,0.9851851851851852,False,False,False,False
874,6.213057417549198,6.544589552224671,0.9795918367346939,False,False,False,False
875,6.4587245377628575,6.533793050974645,0.9927007299270073,False,False,False,False
876,6.210730607919095,6.521226016944558,0.9568345323741008,False,False,False,False
877,5.94721479064221,6.512318720956597,0.9205298013245033,False,False,False,False
878,6.331413312704669,6.501967616988879,0.9751552795031055,False,False,False,False
879,7.214918673383016,6.546052057161847,1.0,False,False,False,False
880,6.974456272754971,6.546296880667498,0.9935064935064936,False,False,False,False
881,6.927189467195863,6.540957046696046,0.9861111111111112,False,False,False,False
882,7.353595133809138,6.577739333822327,0.9817073170731707,False,False,False,False
883,7.3967347867451645,6.57306872651503,0.9868421052631579,False,False,False,False
884,7.07034810224348,6.5883722839238645,0.9666666666666667,False,False,False,False
885,7.537597609071869,6.593666111014744,0.9408284023668639,False,False,False,False
886,7.210109838808143,6.589745176231093,1.0,False,False,False,False
887,7.650190023571509,6.601873101860745,1.0,False,False,False,False
888,7.555613024408495,6.590578534693252,1.0,False,False,False,False
889,7.578258960078651,6.588938474654704,1.0,False,False,False,False
890,8.459550819072703,6.583002366966081,1.0,False,False,False,False
891,8.632262266517925,6.594819951736471,1.0,False,False,False,False
892,9.08501920825586,6.619265972996161,0.989010989010989,False,False,False,False
893,9.264983148608183,6.645354855608769,0.9728260869565217,False,False,False,False
894,9.639294280230366,6.655939165650796,0.98,False,False,False,False
895,9.818408489110308,6.6685406020288704,0.9841269841269841,False,False,False,False
896,10.201335708484194,6.70180226003956,0.845,False,False,False,False
897,9.878866193307665,6.729166372072611,0.7857142857142857,False,False,False,False
898,9.88386896118658,6.792799694307336,0.8979591836734694,False,False,False,False
899,9.561629167575994,6.842299881733366,0.9221556886227545,False,False,False,False
900,10.228010979078606,6.874453781064742,0.9256756756756757,False,False,False,False
901,10.58186103575191,6.919398193802785,1.0,False,False,False,False
902,10.911157176652674,6.950142578350846,0.9922480620155039,False,False,False,False
903,10.535342085910912,6.989191692948369,0.9931972789115646,False,False,False,False
904,11.180751941997102,6.997735499568887,0.9803921568627451,False,False,False,False
905,11.624137161167841,6.9832047912331845,0.9743589743589743,False,False,False,False
906,11.100038446990796,6.966258927928797,0.9056603773584906,False,False,False,False
907,9.453698719137853,6.95832593258899,0.9473684210526315,False,False,False,False
908,9.549554292655634,6.950595605591793,0.9397590361445783,False,False,False,False
909,9.645563893889845,6.953931200446999,0.9637681159420289,False,False,False,False
910,9.43934816247711,6.940379143017582,0.930379746835443,False,False,False,False
911,10.500910114389402,6.934064291761199,0.9652777777777778,False,False,False,False
912,10.821894647504934,6.917842346515839,0.9930555555555556,False,False,False,False
913,12.559986841248012,6.91656714666089,0.9940476190476191,False,False,False,False
914,12.569825573179005,6.9150148505191975,0.9583333333333334,False,False,False,False
915,13.10718220100997,6.925143937249953,0.9575757575757575,False,False,False,False
916,14.16820938377992,6.9460606897630175,0.9808917197452229,False,False,False,False
917,12.868034431782371,6.968392768078193,0.9161676646706587,False,False,False,False
918,12.59220249526192,6.975607344538876,0.988950276243094,False,False,False,False
919,12.351010698565585,6.988223153243013,0.9398907103825137,False,False,False,False
920,12.173889418461215,7.009073845980765,0.9702380952380952,False,False,False,False
921,11.285198058219605,7.02256980314032,0.9617486338797814,False,False,False,False
922,12.16995897687211,7.0434659920765705,0.9595375722543352,False,False,False,False
923,12.017457048482612,7.061534921293141,0.8924050632911392,False,False,False,False
924,11.808170488343759,7.07403625461741,0.9640287769784173,False,False,False,False
925,13.50254379856721,7.061334878646014,0.9748427672955975,False,False,False,False
926,12.934325691384847,7.046898141739063,0.9763779527559056,False,False,False,False
927,13.17789003946238,7.0574174258030204,0.9774436090225563,False,False,False,False
928,12.86017023706589,7.082623088521128,0.9942196531791907,False,False,False,False
929,12.760052309585365,7.081468441774051,0.9796954314720813,False,False,False,False
930,13.701130305051887,7.090167002517188,0.95,False,False,False,False
931,16.33939150518265,7.086989449126824,0.9361702127659575,False,False,False,False
932,18.304786189867713,7.1097380467078395,0.9587628865979382,False,False,False,False
933,18.397103890334893,7.118094625322046,0.825,False,False,False,False
934,16.737085962401405,7.0994308761091345,0.865,False,False,False,False
935,13.950931892253227,7.103351152849159,0.76,False,False,False,False
936,11.497862288338426,7.086904562756258,0.78,False,False,False,False
937,12.616009313189481,7.0722791201620385,0.8641304347826086,False,False,False,False
938,13.390468891872096,7.044523482684831,0.92,False,False,False,False
939,12.633716141634414,7.071282658704659,0.9523809523809523,False,False,False,False
940,11.676180300049325,7.067091864334789,0.91,False,False,False,False
941,11.434263989829665,7.063269994858205,0.945,False,False,False,False
942,11.78235287193673,7.102460134448762,0.9116022099447514,False,False,False,False
943,12.157839659917435,7.093568358120134,0.9939759036144579,False,False,False,False
944,13.289255008186158,7.087812053832581,0.9555555555555556,False,False,False,False
945,13.626007599554459,7.112421749703577,0.93,False,False,False,False
946,13.684416482831471,7.126103970412492,0.925,False,False,False,False
947,14.204766801902023,7.118016700524816,0.9074074074074074,False,False,False,False
948,12.170165267290876,7.11320858934061,0.905,False,False,False,False
949,11.840690668860073,7.127796155133719,0.9050279329608939,False,False,False,False
950,12.145025920158858,7.098502677314855,0.9623655913978495,False,False,False,False
951,12.301402606660378,7.099608270759489,0.918918918918919,False,False,False,False
952,8.386691023481353,7.047725040115109,0.8709677419354839,False,False,False,False
953,15.5548652851007,7.099041421600214,0.9567567567567568,False,False,False,False
954,16.72893663487162,7.073138670121402,0.955,False,False,False,False
955,17.716643984711965,7.096115243862716,0.965,False,False,False,False
956,18.296256335437803,7.07553514979475,0.9540229885057471,False,False,False,False
957,19.599855664250537,7.0781863584505125,0.97,False,False,False,False
958,20.218199043871756,7.09870919555412,0.97,False,False,False,False
959,20.56143108709182,7.099733411512267,0.88,False,False,False,False
960,19.024414904548188,7.087698476985271,0.88,False,False,False,False
961,17.78293044854465,7.07039568488322,0.8655913978494624,False,False,False,False
962,16.184709213548064,7.033392151849294,0.9673202614379085,False,False,False,False
963,16.8589112384558,7.018695370710329,0.9387755102040817,False,False,False,False
964,15.248055849934564,6.991283146523047,0.9365079365079365,False,False,False,False
965,15.696593601658423,7.005839766460078,0.9289617486338798,False,False,False,False
966,16.174346499256274,7.019845214741146,0.9333333333333333,False,False,False,False
967,15.404254822870083,7.026433508446292,0.926829268292683,False,False,False,False
968,14.738170368219343,7.035194502039729,0.9653179190751445,False,False,False,False
969,14.552783738346172,7.037863179914584,0.9090909090909091,False,False,False,False
970,13.02344533864959,7.039414401976448,0.8692307692307693,False,False,False,False
971,14.059250407916153,7.032227043328575,0.9763779527559056,False,False,False,False
972,15.306832564432803,7.038290790546417,0.9717514124293786,False,False,False,False
973,16.49682151945656,7.052566529577247,0.9833333333333333,False,False,False,False
974,16.46491863929948,7.050695944564136,0.9533678756476683,False,False,False,False
975,15.077891193061664,7.052473989569028,0.925,False,False,False,False
976,14.557879944862956,7.041694513670388,0.925,False,False,False,False
977,13.775503324156823,7.016867043403419,0.96,False,False,False,False
978,12.701118134644775,6.980273986052769,0.9222222222222223,False,False,False,False
979,11.59971738315945,6.96768094800586,0.915,False,False,False,False
980,12.06535266595889,6.97862178350057,0.99,False,False,False,False
981,13.691255133355945,6.992437856485824,0.96,False,False,False,False
982,15.0815126218715,7.009519764642325,0.895,False,False,False,False
983,14.835425702221682,7.028392728113353,0.975,False,False,False,False
984,14.648235652768113,7.037640121309231,0.98,False,False,False,False
985,13.943829120068859,7.039679692076423,0.935,False,False,False,False
986,13.592087384773187,7.02728564177607,0.945,False,False,False,False
987,12.972482101405925,7.028988066994916,0.935,False,False,False,False
988,13.092590319296912,7.030804241804412,0.91,False,False,False,False
989,13.670425916314537,7.024994189171431,0.96,False,False,False,False
990,14.542473951714612,7.040662826951774,0.965,False,False,False,False
991,14.902814533614276,7.034121779313149,0.935,False,False,False,False
992,14.34284203223122,7.031339858564582,0.92,False,False,False,False
993,12.647855643511704,7.040469806718576,0.855,False,False,False,False
994,13.86649444446908,7.118831431696883,0.895,False,False,False,False
995,13.5522884429831,7.096649443655675,0.955,False,False,False,False
996,12.997690481609133,7.0794243261978025,0.915,False,False,False,False
997,12.58130678011488,7.060217181859125,0.93,False,False,False,False
998,12.138182957675392,7.0256838327254085,0.945,False,False,False,False
999,11.891397160271586,7.032793102284469,0.905,False,False,False,False
1000,12.078737533770344,7.024714375056717,0.935,False,False,False,False
1001,10.782601786089504,7.032364953216048,0.795,False,False,False,False
1002,10.400355226725187,7.019555142138064,0.825,False,False,False,False
1003,9.680918042099151,7.048286026421204,0.9,False,False,False,False
1004,9.183208328353128,7.048783426550238,0.93,False,False,False,False
1005,8.857273084933254,7.05052369222799,0.895,False,False,False,False
1006,9.116862196637173,7.048809875294764,0.949238578680203,False,False,False,False
1007,9.255266104912613,7.057281100964275,0.9166666666666666,False,False,False,False
1008,9.515704133702272,7.041793979108578,0.8704663212435233,False,False,False,False
1009,9.802985246872913,7.0351807744127655,0.9067357512953368,False,False,False,False
1010,9.575374300674367,7.037989710813074,0.9477124183006536,False,False,False,False
1011,9.18856850659984,7.037021518191845,0.96045197740113,False,False,False,False
1012,8.981355274681725,7.024512044758061,0.8657718120805369,False,False,False,False
1013,9.118616227089463,7.02009355994482,0.852112676056338,False,False,False,False
1014,9.82433739289647,7.025291049858179,0.9426229508196722,False,False,False,False
1015,10.39766162781823,7.038718171538291,0.9548872180451128,False,False,False,False
1016,9.883865162454226,7.086382868329231,0.9019607843137255,False,False,False,False
1017,9.380687055263348,7.029409338438006,0.936046511627907,False,False,False,False
1018,9.095601718458244,7.029204028652445,0.963855421686747,False,False,False,False
1019,9.050318042454245,7.004778131794566,0.9097222222222222,False,False,False,False
1020,8.629571092726666,7.01269494308809,0.9393939393939394,False,False,False,False
1021,10.005109364500644,7.004715635206766,0.9733333333333334,False,False,False,False
1022,10.705246274562661,7.008565644875684,0.9865771812080537,False,False,False,False
1023,10.810176577405707,6.986562771243003,0.9929577464788732,False,False,False,False
1024,10.77310100262315,6.967839478479916,0.9942528735632183,False,False,False,False
1025,10.298006859875171,6.955900377431801,0.9727891156462585,False,False,False,False
1026,10.105298386197862,6.952217315237418,0.9438202247191011,False,False,False,False
1027,9.797171806064418,6.921131869437481,0.9393939393939394,False,False,False,False
1028,9.869542228792781,6.933969009934804,0.9634146341463414,False,False,False,False
1029,9.919385606244687,6.925639928727367,0.9753086419753086,False,False,False,False
1030,10.508267625722032,6.918915449225086,0.9421965317919075,False,False,False,False
1031,10.652988854865901,6.906346864201632,0.9581151832460733,False,False,False,False
1032,10.505397339577051,6.868510910535607,0.9289617486338798,False,False,False,False
1033,10.783778205349106,6.888645074326308,0.9587628865979382,False,False,False,False
1034,9.912246840921275,6.8570911538101775,0.7591623036649214,False,False,False,False
1035,9.687879235234321,6.9371725710724315,0.8548387096774194,False,False,False,False
1036,10.155121618634837,6.870243029794551,0.9591836734693877,False,False,False,False
1037,10.897024465591167,6.894558943456815,0.9473684210526315,False,False,False,False
1038,10.377065654741594,6.884932073945432,0.9619565217391305,False,False,False,False
1039,10.394913180324211,6.8971318925013385,0.9494949494949495,False,False,False,False
1040,9.484988277342799,6.912656400779877,0.925,False,False,False,False
1041,9.226566359944883,6.912675825004438,0.9468085106382979,False,False,False,False
1042,8.6686399248714,6.926374342074659,0.9562841530054644,False,False,False,False
1043,8.718420427470562,6.934876794365346,0.9493670886075949,False,False,False,False
1044,9.33744726610217,6.936124293329216,0.955,False,False,False,False
1045,8.756955422350677,6.9076859799793935,0.9086294416243654,False,False,False,False
1046,8.816951876534457,6.936860186972404,0.9106145251396648,False,False,False,False
1047,8.411600715240917,6.927967246558389,0.9127906976744186,False,False,False,False
1048,8.052130067626468,6.9392631194210415,0.8733333333333333,False,False,False,False
1049,7.804224448696561,6.947544780066149,0.8811188811188811,False,False,False,False
1050,8.462221756249525,6.9477135324067065,0.9333333333333333,False,False,False,False
1051,8.814588934862368,6.955028176072734,0.9144736842105263,False,False,False,False
1052,9.421348373251707,6.928556582085097,0.9133333333333333,False,False,False,False
1053,9.567189338540535,6.929736258234371,0.9506172839506173,False,False,False,False
1054,9.137826426337048,6.9111420711552585,0.9078947368421053,False,False,False,False
1055,8.922816490540592,6.9092432350852855,0.9361702127659575,False,False,False,False
1056,8.304624108568653,6.8727820817972,0.8848920863309353,False,False,False,False
1057,8.44517699031084,6.855686043011104,0.9305555555555556,False,False,False,False
1058,9.41117290470124,6.886509006155334,0.946969696969697,False,False,False,False
1059,10.169598875079659,6.887056695740471,0.9407407407407408,False,False,False,False
1060,10.039477178713678,6.88105793749388,0.9652777777777778,False,False,False,False
1061,9.93771228724164,6.944420230389753,0.9285714285714286,False,False,False,False
1062,9.388804319551678,6.921691757084593,0.9562043795620438,False,False,False,False
1063,8.35614541139669,6.9406859351250905,0.9161290322580645,False,False,False,False
1064,8.959314228890914,6.904727871073093,0.9186991869918699,False,False,False,False
1065,9.77682881215054,6.9021775166143815,0.9791666666666666,False,False,False,False
1066,10.983828764958503,6.930386698766546,0.9463087248322147,False,False,False,False
1067,11.621089665426439,6.934960149453477,0.9254658385093167,False,False,False,False
1068,10.72403330782599,6.92980238028511,0.9515151515151515,False,False,False,False
1069,10.256173267771105,6.931107376890871,0.9846938775510204,False,False,False,False
1070,10.337916109210372,6.952562004082669,0.935064935064935,False,False,False,False
1071,10.935671373137962,6.974173374585774,0.9666666666666667,False,False,False,False
1072,11.999449776918416,6.989445877002767,0.9044585987261147,False,False,False,False
1073,12.229503049732097,6.990823249407054,0.9259259259259259,False,False,False,False
1074,13.023927590120941,7.021299489915007,0.9878787878787879,False,False,False,False
1075,12.849623126704659,7.028586249204651,0.935,False,False,False,False
1076,12.679266536241402,7.06291625584832,0.94,False,False,False,False
1077,11.441999891842286,7.086685807540993,0.8979591836734694,False,False,False,False
1078,11.012074310192496,7.063200962197667,0.935,False,False,False,False
1079,11.796288670877656,7.0504536928900405,0.895,False,False,False,False
1080,12.606066756539914,7.065534091300663,0.82,False,False,False,False
1081,12.436113826002657,7.035983692489571,0.815,False,False,False,False
1082,11.702901108692444,7.031628625625829,0.835,False,False,False,False
1083,10.367309605257525,6.984711339219945,0.62,False,False,False,False
1084,10.249709920515805,7.0012660008003635,0.77,False,False,False,False
1085,9.21937959303477,7.0101433367595405,0.79,False,False,False,False
1086,8.554992168334401,6.994185207824779,0.695,False,False,False,False
1087,8.118770094851355,6.9875592474877966,0.8383233532934131,False,False,False,False
1088,8.359223690085374,6.9895578122634525,0.9719101123595506,False,False,False,False
1089,7.970645202269004,6.956396832308542,0.9820359281437125,False,False,False,False
1090,7.847675869085278,6.936779273185868,0.9772727272727273,False,False,False,False
1091,7.316081398291028,6.907155582644116,0.9815950920245399,False,False,False,False
1092,7.086716937592264,6.908910917910966,0.9457831325301205,False,False,False,False
1093,7.599682347711404,6.905168833649276,0.9818181818181818,False,False,False,False
1094,8.015070403151682,6.907059440295629,0.9821428571428571,False,False,False,False
1095,8.193808492762486,6.908865511682079,0.964824120603015,False,False,False,False
1096,7.744981105971794,6.918981605036887,0.955,False,False,False,False
1097,8.263683696974999,6.896883532417057,0.905,False,False,False,False
1098,6.921716873550302,7.023047886127513,0.8563829787234043,False,False,False,False
1099,7.578753563683764,7.002037628609226,0.865979381443299,False,False,False,False
1100,7.671376208489942,7.0435267150755045,0.8883248730964467,False,False,False,False
1101,8.459532446151075,7.054097377589506,0.9583333333333334,False,False,False,False
1102,8.294848204876152,7.063488117153797,0.9433962264150944,False,False,False,False
1103,8.216010682022539,7.083561322191473,0.9560439560439561,False,False,False,False
1104,8.386160333101454,7.076123725110263,0.934010152284264,False,False,False,False
1105,9.304465054548656,7.0692133643413415,0.9766081871345029,False,False,False,False
1106,8.907595615778922,7.08162098293321,0.9880239520958084,False,False,False,False
1107,8.665997789019386,7.090891438829505,0.9725274725274725,False,False,False,False
1108,9.092261663921619,7.091746682138476,0.9415584415584416,False,False,False,False
1109,8.70671041966281,7.0984131821906065,0.9631901840490797,False,False,False,False
1110,9.4089056111135,7.101855046745907,0.9851851851851852,False,False,False,False
1111,9.576245066121716,7.097003448774473,0.9558011049723757,False,False,False,False
1112,9.995187416377043,7.104938709534924,0.9925925925925926,False,False,False,False
1113,10.162574163921619,7.116033822483804,0.9923664122137404,False,False,False,False
1114,11.140585226517421,7.146381809646792,0.9556962025316456,False,False,False,False
1115,10.61836608038452,7.154268626453525,0.9635036496350365,False,False,False,False
1116,10.627778237241397,7.161130306871268,0.9663865546218487,False,False,False,False
1117,11.190816319551006,7.173175732193554,1.0,False,False,False,False
1118,10.814051145520807,7.18266802274673,0.9416058394160584,False,False,False,False
1119,11.656192179895536,7.1896922221968955,0.9415584415584416,False,False,False,False
1120,10.064149881250927,7.197437959812426,0.9041095890410958,False,False,False,False
1121,10.453005953160362,7.206746851427512,0.990909090909091,False,False,False,False
1122,10.197089080909695,7.2002592600250654,0.9375,False,False,False,False
1123,10.213066025333896,7.231016818590907,0.9675324675324676,False,False,False,False
1124,10.266111699357245,7.233052889988585,0.9615384615384616,False,False,False,False
1125,10.069853405221908,7.234882220283282,0.9833333333333333,False,False,False,False
1126,10.285056148657215,7.221370176579105,0.9318181818181818,False,False,False,False
1127,9.995361552863322,7.217183626044049,0.9596774193548387,False,False,False,False
1128,9.644606410213473,7.201097527183446,0.9230769230769231,False,False,False,False
1129,10.012557658351765,7.227376526390793,0.9158878504672897,False,False,False,False
1130,9.58491938426472,7.2422653267160575,0.8032786885245902,False,False,False,False
1131,9.729890912612296,7.234335372516144,0.9224806201550387,False,False,False,False
1132,10.179149247711281,7.246776520721215,0.9689922480620154,False,False,False,False
1133,10.181087983945222,7.231725910264167,0.972972972972973,False,False,False,False
1134,9.554405931876673,7.222132057421959,1.0,False,False,False,False
1135,9.88605299137226,7.20795660154406,0.989010989010989,False,False,False,False
1136,9.89146795552115,7.213564320978045,0.9914529914529915,False,False,False,False
1137,9.625758945883861,7.223361746182093,1.0,False,False,False,False
1138,10.11818086955252,7.229766854507084,0.9939024390243902,False,False,False,False
1139,9.99053311312792,7.230374680897237,0.9782608695652174,False,False,False,False
1140,11.04931984812334,7.231678034875088,0.984251968503937,False,False,False,False
1141,11.248646141769292,7.23882733322486,0.9467455621301775,False,False,False,False
1142,11.36882590206922,7.215436150723462,0.87,False,False,False,False
1143,11.443377167593026,7.23580491520967,0.87,False,False,False,False
1144,10.404259129472202,7.220922919682434,0.8552631578947368,False,False,False,False
1145,9.382883657402811,7.218430753788535,0.918918918918919,False,False,False,False
1146,8.730912004125415,7.2090637892050555,0.9318181818181818,False,False,False,False
1147,9.034542746274225,7.198107011845243,0.9728260869565217,False,False,False,False
1148,9.233265926660856,7.18691924421481,0.9770114942528736,False,False,False,False
1149,8.943555238801208,7.173752358393941,0.9683544303797469,False,False,False,False
1150,9.231149473148694,7.1545287877579735,0.9680851063829787,False,False,False,False
1151,9.102880145334302,7.157348682762738,0.9482758620689655,False,False,False,False
1152,8.960501408601905,7.141552142394622,0.9516129032258065,False,False,False,False
1153,9.114661897828011,7.1201251830769685,0.9942528735632183,False,False,False,False
1154,9.45777906579213,7.105454575242567,0.9830508474576272,False,False,False,False
1155,10.261710687222962,7.098516971085276,0.955,False,False,False,False
1156,10.350852817216614,7.076531335371806,0.9536082474226805,False,False,False,False
1157,9.674125831396081,7.084414286621653,0.9408284023668639,False,False,False,False
1158,9.677683050205804,7.091337344497651,0.9392265193370166,False,False,False,False
1159,9.683573861253796,7.061343085707046,0.9732620320855615,False,False,False,False
1160,9.909792017520967,7.056078704537082,0.975609756097561,False,False,False,False
1161,10.38025966487845,7.048546814696343,0.9770114942528736,False,False,False,False
1162,10.24578026309866,7.052768004675627,0.9444444444444444,False,False,False,False
1163,10.672642583053081,7.060856947803386,0.9933333333333333,False,False,False,False
1164,10.656214359255907,7.06159627606427,0.9936708860759493,False,False,False,False
1165,10.795284003556814,7.058819033174043,0.9880239520958084,False,False,False,False
1166,10.784570310379177,7.065018779648449,0.9574468085106383,False,False,False,False
1167,11.20697928106455,7.06585414061227,0.9881656804733728,False,False,False,False
1168,10.655881916833145,7.05197834360574,0.9883720930232558,False,False,False,False
1169,11.03437058411128,7.053400273105848,0.9886363636363636,False,False,False,False
1170,11.60449516623822,7.049713483990075,0.9808917197452229,False,False,False,False
1171,10.876836048050954,7.048699584042504,0.9651162790697675,False,False,False,False
1172,10.695427251859758,7.032420939541243,0.9748427672955975,False,False,False,False
1173,10.717815970495993,7.029394014287332,0.9933774834437086,False,False,False,False
1174,10.692106694688206,7.0277856114400485,0.9931506849315068,False,False,False,False
1175,10.643110140690665,7.038831603367324,0.9782608695652174,False,False,False,False
1176,11.492737165809492,7.0309496298244145,0.99,False,False,False,False
1177,11.080721135420031,7.026556956051621,0.9806451612903225,False,False,False,False
1178,12.137604997752987,7.031655841338736,0.9896373056994818,False,False,False,False
1179,12.51789250952324,7.023930421350551,0.9825581395348837,False,False,False,False
1180,13.999461719642486,7.05321929436734,0.99,False,False,False,False
1181,14.369961504680127,7.057095230436785,0.9743589743589743,False,False,False,False
1182,16.08968927282259,7.085584147190055,0.9742268041237113,False,False,False,False
1183,15.661275137267536,7.094953090513545,0.95,False,False,False,False
1184,16.863561569046286,7.082928290632093,0.8655913978494624,False,False,False,False
1185,12.785733726471868,7.077810353463898,0.9,False,False,False,False
1186,10.190646333972747,7.05443428781744,0.85,False,False,False,False
1187,9.365817902631047,7.056483863602097,0.905,False,False,False,False
1188,9.16621540308239,7.046674805668857,0.9747474747474747,False,False,False,False
1189,8.875223486690864,7.0455603045085615,0.975,False,False,False,False
1190,8.845434083343966,7.0428210208765485,0.99,False,False,False,False
1191,8.648469075828087,7.04033299314419,0.98,False,False,False,False
1192,8.617261579674508,7.049155481798379,0.955,False,False,False,False
1193,8.796075319026716,7.055794253041072,0.96,False,False,False,False
1194,9.123133971452903,7.059044099640305,0.9789473684210527,False,False,False,False
1195,9.374346772334949,7.054965189890892,0.99,False,False,False,False
1196,9.700223492677413,7.05779819782578,0.99,False,False,False,False
1197,10.03787116609168,7.092756588435991,0.9396984924623115,False,False,False,False
1198,10.686910295777349,7.135615054575089,0.965,False,False,False,False
1199,11.492060462575887,7.172190007116566,0.985,False,False,False,False
1200,13.508322250353947,7.210593500066475,0.965,False,False,False,False
1201,14.983499812198081,7.250027232546148,0.9572192513368984,False,False,False,False
1202,15.188156905789304,7.30177713397481,0.98989898989899,False,False,False,False
1203,15.340883630438721,7.339693619285806,0.99,False,False,False,False
1204,13.011667263810232,7.3039246317351685,0.975,False,False,False,False
1205,13.727005419320452,7.327806193699213,0.965,False,False,False,False
1206,13.760728958310372,7.339584754061791,0.945,False,False,False,False
1207,14.1826359651323,7.340826027772378,0.9548387096774194,False,False,False,False
1208,14.24434229063054,7.329610651003007,0.9649122807017544,False,False,False,False
1209,14.353141552027466,7.310997273203482,0.8901098901098901,False,False,False,False
1210,13.407096536751672,7.277445710233258,1.0,False,False,False,False
1211,13.05985227230206,7.242992580171462,1.0,False,False,False,False
1212,12.160397519274982,7.211606708101222,1.0,False,False,False,False
1213,12.048291600007287,7.191618913901538,0.9945652173913043,False,False,False,False
1214,11.48293400614225,7.1666428068493575,0.9893617021276596,False,False,False,False
1215,10.218294813597993,7.150551404497191,0.9942857142857143,False,False,False,False
1216,10.085964294155348,7.141469768700452,0.995,False,False,False,False
1217,9.447686634871618,7.130388812990601,0.9898477157360406,False,False,False,False
1218,9.151792815440245,7.1228094171771215,0.995,False,False,False,False
1219,9.242496011080883,7.115114643798716,0.98,False,False,False,False
1220,9.944504939652312,7.116567326011944,1.0,False,False,False,False
1221,9.853497622360914,7.11462018476554,0.995,False,False,False,False
1222,9.83387936337238,7.1206678945502375,1.0,False,False,False,False
1223,9.887411283360485,7.122062094834664,0.995,False,False,False,False
1224,10.064838971798272,7.13050888993094,0.995,False,False,False,False
1225,10.177280928628337,7.1454219249918545,1.0,False,False,False,False
1226,10.422143973175691,7.1545057617317855,0.994535519125683,False,False,False,False
1227,10.700564175045818,7.159889007111177,1.0,False,False,False,False
1228,10.985451494176942,7.160596945968019,0.995,False,False,False,False
1229,11.02138328095854,7.165402435740575,1.0,False,False,False,False
1230,11.249525074985385,7.171412733911251,0.995,False,False,False,False
1231,11.754361384947769,7.176455902008855,1.0,False,False,False,False
1232,12.184444492559871,7.176840844508382,0.9942196531791907,False,False,False,False
1233,12.647131320564847,7.179748211879523,1.0,False,False,False,False
1234,12.384668606823256,7.178801420263502,0.98,False,False,False,False
1235,12.400341109750272,7.176757036247993,1.0,False,False,False,False
1236,12.640660613646428,7.179272723045474,0.995,False,False,False,False
1237,12.727294664729124,7.172789406282645,1.0,False,False,False,False
1238,12.061621378297408,7.172122846967825,0.9949748743718593,False,False,False,False
1239,12.953097010634009,7.174580980407705,0.9897959183673469,False,False,False,False
1240,13.35883233707293,7.1723382485183755,1.0,False,False,False,False
1241,13.3125038391439,7.167752296951285,0.995,False,False,False,False
1242,14.026449309636133,7.170541766317405,1.0,False,False,False,False
1243,14.307346817839104,7.167789274150873,1.0,False,False,False,False
1244,14.442518295498743,7.1646119526615974,1.0,False,False,False,False
1245,14.712286268615722,7.169079331394642,1.0,False,False,False,False
1246,14.541151712981524,7.167777126798271,1.0,False,False,False,False
1247,14.772103297052665,7.175313978357036,0.995,False,False,False,False
1248,15.459342387076925,7.184441326015222,1.0,False,False,False,False
1249,15.589234145628197,7.189567753777517,1.0,False,False,False,False
1250,16.524945304779454,7.197138061828081,1.0,False,False,False,False
1251,17.21418281383247,7.197795476149448,0.995,False,False,False,False
1252,16.911149620445336,7.207352280170204,1.0,False,False,False,False
1253,16.05702647179827,7.205271527700975,1.0,False,False,False,False
1254,15.814391699449416,7.2106836283056035,0.975,False,False,False,False
1255,16.589954472734597,7.208014073377092,0.97,False,False,False,False
1256,15.644064215057888,7.218963133660674,0.95,False,False,False,False
1257,14.171376185433429,7.224674069698251,0.965,False,False,False,False
1258,13.82896393217578,7.234589169356479,0.955,False,False,False,False
1259,12.353212747774256,7.235796640225294,0.98,False,False,False,False
1260,11.659004499060446,7.236346403399024,0.98,False,False,False,False
1261,11.311336372012967,7.240293676307557,0.985,False,False,False,False
1262,11.698554114452993,7.241002553086657,0.995,False,False,False,False
1263,11.645236009075028,7.247920756850292,0.98,False,False,False,False
1264,11.681796922435637,7.24121727593665,0.985,False,False,False,False
1265,11.678919703924816,7.250336533089931,1.0,False,False,False,False
1266,11.611709966309167,7.254917986741878,1.0,False,False,False,False
1267,11.439463001143375,7.25042375820138,0.995,False,False,False,False
1268,11.434848255159393,7.2475680100867725,1.0,False,False,False,False
1269,11.791440930384054,7.258755909997195,0.995,False,False,False,False
1270,11.185556767981518,7.2602905336320305,0.995,False,False,False,False
1271,11.120907710465017,7.257964022597011,1.0,False,False,False,False
1272,11.602466515676172,7.267511132776823,0.975,False,False,False,False
1273,11.346666823079401,7.263450184452913,0.995,False,False,False,False
1274,11.059068669485438,7.262616224278423,1.0,False,False,False,False
1275,11.351768117707488,7.273348757122315,0.995,False,False,False,False
1276,12.07021198349906,7.2742672623683085,0.99,False,False,False,False
1277,11.710824809238757,7.276106986636972,0.985,False,False,False,False
1278,11.75109587691733,7.272937419033726,0.99,False,False,False,False
1279,12.151530610791335,7.271377635245882,0.985,False,False,False,False
1280,11.863187327911595,7.268936998890942,0.95,False,False,False,False
1281,11.278835306659344,7.263053530590783,0.985,False,False,False,False
1282,11.867579302520411,7.257796151076053,0.965,False,False,False,False
1283,11.564150347769338,7.252111423768129,0.98,False,False,False,False
1284,11.924043733882797,7.238879108115181,0.985,False,False,False,False
1285,11.080511248420626,7.2339453595944985,0.97,False,False,False,False
1286,11.181856251425796,7.2275693561827286,0.96,False,False,False,False
1287,10.844901664399325,7.235057073442259,0.985,False,False,False,False
1288,11.004514764669755,7.238314382788819,0.99,False,False,False,False
1289,11.56316069894549,7.245325540532163,0.9845360824742269,False,False,False,False
1290,10.3090842021802,7.248606753963637,0.9792746113989638,False,False,False,False
1291,10.794223196578315,7.253174341148738,0.99,False,False,False,False
1292,10.348162669440063,7.251179656727924,1.0,False,False,False,False
1293,10.820241250809724,7.251119983528497,1.0,False,False,False,False
1294,11.674439484345019,7.2506673469569325,1.0,False,False,False,False
1295,11.404362017269431,7.255139523150245,1.0,False,False,False,False
1296,11.399355678842426,7.24872446792017,0.9925925925925926,False,False,False,False
1297,11.548398699486489,7.255898502840241,1.0,False,False,False,False
1298,11.428582330525884,7.252276604219189,0.99,False,False,False,False
1299,11.692406645914364,7.263665439027609,0.965,False,False,False,False
1300,12.742368725611325,7.266976212881771,0.985,False,False,False,False
1301,12.612501005664829,7.27894694493784,1.0,False,False,False,False
1302,13.539335415134085,7.291702084896192,0.995,False,False,False,False
1303,15.097815230088795,7.3021613479374405,1.0,False,False,False,False
1304,14.493843846597128,7.305357493703211,0.9538461538461539,False,False,False,False
1305,14.858049274721584,7.30397277278615,0.9807692307692307,False,False,False,False
1306,14.347239877243693,7.31487072394928,0.9929577464788732,False,False,False,False
1307,13.556428445961059,7.307181610810208,1.0,False,False,False,False
1308,13.256882389585833,7.29929447525115,1.0,False,False,False,False
1309,13.279860843740176,7.294207652076693,0.9888888888888889,False,False,False,False
1310,13.329917834621636,7.286923610537762,0.985,False,False,False,False
1311,12.869380055267676,7.2768924122432175,0.99,False,False,False,False
1312,13.109885176648772,7.270448562120254,0.9848484848484849,False,False,False,False
1313,12.212765880696196,7.26731587104724,0.965,False,False,False,False
1314,12.715160759080879,7.26080210252835,0.975,False,False,False,False
1315,12.817477415303673,7.260755144202399,0.968421052631579,False,False,False,False
1316,13.14943830184678,7.261708124323245,0.9893617021276596,False,False,False,False
1317,13.710517657097935,7.251098603055407,0.97,False,False,False,False
1318,14.147669600859711,7.239878442655506,0.965,False,False,False,False
1319,13.646581319464827,7.236557757471351,1.0,False,False,False,False
1320,13.422582344897105,7.223945048699851,0.995,False,False,False,False
1321,13.84422884711183,7.211826813221076,0.99,False,False,False,False
1322,13.679501433570977,7.213472690403874,1.0,False,False,False,False
1323,13.500762941411049,7.222855726235183,0.9823529411764705,False,False,False,False
1324,13.462160350372159,7.228995261937724,0.9698795180722891,False,False,False,False
1325,13.740699097759459,7.216423641513295,0.9492753623188406,False,False,False,False
1326,13.34767603693417,7.211472418517507,0.9580838323353293,False,False,False,False
1327,12.557105482073029,7.206650514820475,0.9526627218934911,False,False,False,False
1328,12.341763090195334,7.201769043718407,0.93,False,False,False,False
1329,12.008979828541259,7.1973136627030145,0.985,False,False,False,False
1330,13.05807529028427,7.194748586278669,1.0,False,False,False,False
1331,14.086990234129898,7.213996650208944,1.0,False,False,False,False
1332,15.628732084865383,7.224296844279587,0.995,False,False,False,False
1333,16.96675531012682,7.236708324816082,0.9835164835164835,False,False,False,False
1334,16.160614492861967,7.23053948027299,0.97,False,False,False,False
1335,15.292968749984338,7.236341665229263,0.9672131147540983,False,False,False,False
1336,16.025388334746093,7.22479540962511,0.9891304347826086,False,False,False,False
1337,16.882533475877498,7.225518739868019,0.945,False,False,False,False
1338,17.323799225503326,7.233435064836091,0.9456521739130435,False,False,False,False
1339,17.183109215166635,7.218847654487039,0.9195979899497487,False,False,False,False
1340,16.447413872580896,7.22860863671599,0.9105263157894737,False,False,False,False
1341,15.55736224057687,7.212120447242839,0.9285714285714286,False,False,False,False
1342,15.332620939734017,7.1981794345551,0.9150326797385621,False,False,False,False
1343,14.841493854313265,7.190910374269768,0.937888198757764,False,False,False,False
1344,14.225303851122085,7.199098806096714,0.8875739644970414,False,False,False,False
1345,14.739468202889439,7.20037451948442,0.9819277108433735,False,False,False,False
1346,15.142468445180906,7.198798436437176,0.9565217391304348,False,False,False,False
1347,15.63024351579796,7.207120213658177,0.9470198675496688,False,False,False,False
1348,15.789054551456063,7.212842841093376,0.9577464788732394,False,False,False,False
1349,16.6292545037849,7.2334019811073755,0.959731543624161,False,False,False,False
1350,15.53161994847299,7.23166105654793,0.9022988505747126,False,False,False,False
1351,15.347268271320356,7.2388230325951,0.9738562091503268,False,False,False,False
1352,15.756506296004654,7.230245701039625,0.9457831325301205,False,False,False,False
1353,16.324905932730765,7.248109417874216,0.9567901234567902,False,False,False,False
1354,15.47571898532715,7.250332532982313,0.9645390070921985,False,False,False,False
1355,15.523500822637741,7.245237788981379,0.96,False,False,False,False
1356,15.003440717944503,7.245447622506105,0.94,False,False,False,False
1357,15.120325734371077,7.231146738107388,0.9704142011834319,False,False,False,False
1358,16.136303070192067,7.205324113072287,0.9554140127388535,False,False,False,False
1359,15.609175609743145,7.170584524007056,0.9716312056737588,False,False,False,False
1360,15.615433283247352,7.149708855213564,0.9810126582278481,False,False,False,False
1361,15.116976674888834,7.129164323418448,0.98,False,False,False,False
1362,14.89727991081373,7.124602848119007,0.9863945578231292,False,False,False,False
1363,15.87379288641658,7.120930145305115,0.937888198757764,False,False,False,False
1364,13.952467089247587,7.132251284158029,0.8972602739726028,False,False,False,False
1365,11.832502152154811,7.130212588427993,0.9159663865546218,False,False,False,False
1366,11.954639004678182,7.127815455919663,0.935,False,False,False,False
1367,11.783208776084866,7.131319799824602,0.9629629629629629,False,False,False,False
1368,12.30118096361318,7.133509466932459,0.9624060150375939,False,False,False,False
1369,12.21163299637266,7.131004949215044,0.9836065573770492,False,False,False,False
1370,11.82316163300294,7.131203695396927,1.0,False,False,False,False
1371,12.645769694295113,7.120069820518523,0.9497206703910615,False,False,False,False
1372,12.605108542902578,7.119880748777268,0.9743589743589743,False,False,False,False
1373,11.650914147875252,7.121623547002272,0.9694656488549618,False,False,False,False
1374,11.52615639258785,7.111378692221397,0.9603174603174603,False,False,False,False
1375,11.123866592519235,7.109221375648765,0.9315068493150684,False,False,False,False
1376,11.585367475338977,7.091264516560999,0.9708029197080292,False,False,False,False
1377,11.073783314882286,7.08963028618182,1.0,False,False,False,False
1378,11.831615666427938,7.070963301275337,0.9936305732484076,False,False,False,False
1379,11.58287316492383,7.048757452289993,0.9539473684210527,False,False,False,False
1380,11.213383346382518,7.031379919778434,0.9815950920245399,False,False,False,False
1381,10.376214925824536,7.011422700752451,0.9662162162162162,False,False,False,False
1382,10.038711406489467,7.0027198090540885,0.775,False,False,False,False
1383,9.288451987668465,7.003839584778231,0.9097222222222222,False,False,False,False
1384,9.420579529483685,6.997636588185948,0.9536423841059603,False,False,False,False
1385,8.37151295480688,6.990345105381606,0.8991596638655462,False,False,False,False
1386,8.215405685130913,6.981675440170224,0.9871794871794872,False,False,False,False
1387,8.032065284654532,6.97614984272254,0.9703703703703703,False,False,False,False
1388,8.11480496297267,6.967620437312338,0.9662921348314607,False,False,False,False
1389,7.920086091923985,6.958460885236889,0.9817073170731707,False,False,False,False
1390,8.029801465723606,6.959720653343613,0.978494623655914,False,False,False,False
1391,7.944568416292501,6.950478502706008,0.988950276243094,False,False,False,False
1392,7.9903511130559375,6.944677328729611,1.0,False,False,False,False
1393,7.818416748478558,6.939294059237181,0.9668508287292817,False,False,False,False
1394,7.839056128521362,6.9329255646781105,1.0,False,False,False,False
1395,8.047674298786566,6.9330514215368595,1.0,False,False,False,False
1396,7.925974587797614,6.93328099730327,1.0,False,False,False,False
1397,8.013479810698653,6.934651413725339,0.9818181818181818,False,False,False,False
1398,8.296684935099071,6.949930233838524,1.0,False,False,False,False
1399,8.296308441005005,6.973733351349749,0.9928057553956835,False,False,False,False
1400,8.406123019715935,7.01469428975256,1.0,False,False,False,False
1401,8.451102549070404,7.046794636338784,0.9927007299270073,False,False,False,False
1402,8.649058400902716,7.086448455948213,0.9813664596273292,False,False,False,False
1403,8.796502885718734,7.118955146458249,0.9928057553956835,False,False,False,False
1404,8.844359322853691,7.147326333683495,0.9759036144578314,False,False,False,False
1405,8.582470351149828,7.175230116005629,0.9642857142857143,False,False,False,False
1406,9.408683953843944,7.181794389724623,0.9623655913978495,False,False,False,False
1407,9.264975937120731,7.184716556339195,0.9815950920245399,False,False,False,False
1408,9.41283155250099,7.182220546898655,0.967948717948718,False,False,False,False
1409,9.302221645688546,7.173554554926828,0.9787234042553191,False,False,False,False
1410,9.738922350034658,7.159202430926315,0.979381443298969,False,False,False,False
1411,8.779290937682342,7.158189211965624,0.9735449735449735,False,False,False,False
1412,8.726244566700787,7.140185744149109,0.9644970414201184,False,False,False,False
1413,8.678563412925529,7.115929175682014,0.9728260869565217,False,False,False,False
1414,8.659712550752367,7.085176348853397,0.9896907216494846,False,False,False,False
1415,8.180007453422295,7.065405437059018,0.9591836734693877,False,False,False,False
1416,8.010950245548,7.030562706647854,0.985,False,False,False,False
1417,8.088648483828925,7.010787016553634,0.945,False,False,False,False
1418,7.841794953650254,6.9856935311649995,0.93,False,False,False,False
1419,7.86122319505696,6.959115261588026,0.985,False,False,False,False
1420,7.795370682940629,6.95342394854969,0.985,False,False,False,False
1421,7.829696201285739,6.942049786700439,0.9692307692307692,False,False,False,False
1422,7.749770995081143,6.938772013270555,0.9489795918367347,False,False,False,False
1423,8.04428726704895,6.9337020557734474,0.9181286549707602,False,False,False,False
1424,8.103172029475987,6.935830698446074,0.918918918918919,False,False,False,False
1425,8.057303173102673,6.930738816689676,0.9576719576719577,False,False,False,False
1426,8.249033093165496,6.931836653082603,0.9615384615384616,False,False,False,False
1427,8.633885028441524,6.930876603648335,1.0,False,False,False,False
1428,8.699804252643565,6.920408769070454,0.9830508474576272,False,False,False,False
1429,8.94443890981688,6.924993426255025,0.9690721649484536,False,False,False,False
1430,8.937832439227432,6.935474750260129,0.9682539682539683,False,False,False,False
1431,9.17865023948256,6.951856210008302,0.9896373056994818,False,False,False,False
1432,9.503961049920914,6.956479658586675,0.9567567567567568,False,False,False,False
1433,10.17665565305041,6.968622797356044,0.9578947368421052,False,False,False,False
1434,10.008588170061383,6.97231270593983,0.9682539682539683,False,False,False,False
1435,10.583767880321167,6.963214487245796,0.9693877551020408,False,False,False,False
1436,10.532397600454448,6.972167108171831,0.9707602339181286,False,False,False,False
1437,10.739590984022243,6.9735771414519325,0.9709302325581395,False,False,False,False
1438,9.961400282112416,6.980902931331151,0.9426751592356688,False,False,False,False
1439,9.029045436973853,7.000393197569935,0.9611111111111111,False,False,False,False
1440,7.926525044984229,7.007753665057489,0.9047619047619048,False,False,False,False
1441,7.488585871610509,7.026415408477402,0.96,False,False,False,False
1442,7.425832700038663,7.0491077881926785,0.9202453987730062,False,False,False,False
1443,7.749097638111543,7.064352677201707,0.959731543624161,False,False,False,False
1444,7.603592797504863,7.071681253179287,0.9714285714285714,False,False,False,False
1445,8.1625658628261,7.069477650397888,0.9810126582278481,False,False,False,False
1446,8.071930984925292,7.067030216296997,0.9710982658959537,False,False,False,False
1447,8.192094887170517,7.070627064359695,0.9457831325301205,False,False,False,False
1448,8.024521636908851,7.07784477845511,0.9358974358974359,False,False,False,False
1449,8.042375002116563,7.080213352054592,0.89937106918239,False,False,False,False
1450,7.695332269312854,7.142853843738762,0.9393939393939394,False,False,False,False
1451,7.66065796060209,7.0796006091247,0.9125,False,False,False,False
1452,7.577297584049841,7.076367258618429,0.9558011049723757,False,False,False,False
1453,6.94768601178196,7.081104882713824,0.9347826086956522,False,False,False,False
1454,7.352131650706508,7.083272025268856,0.95,False,False,False,False
1455,7.134268437358433,7.0955638514692625,0.9935064935064936,False,False,False,False
1456,7.758868692778727,7.098743225681739,0.952054794520548,False,False,False,False
1457,7.351499164518282,7.099332036331096,0.9652777777777778,False,False,False,False
1458,7.369075321679594,7.096632355474286,0.9766081871345029,False,False,False,False
1459,7.53032389761241,7.102188564746111,0.9523809523809523,False,False,False,False
1460,7.831924376057952,7.108736774800096,0.9929577464788732,False,False,False,False
1461,8.474322440740197,7.1054870766097515,0.9940828402366864,False,False,False,False
1462,7.790965960760104,7.096028662049554,0.9940119760479041,False,False,False,False
1463,8.238392052429926,7.101074585922931,0.9876543209876543,False,False,False,False
1464,8.842747880470528,7.096393410151382,0.9642857142857143,False,False,False,False
1465,7.802510383760013,7.098196010855437,0.9696969696969697,False,False,False,False
1466,8.336807261486696,7.108380794018995,0.993103448275862,False,False,False,False
1467,8.58034116162554,7.102419410230521,0.9937106918238994,False,False,False,False
1468,8.479767921245468,7.114271441507025,0.9666666666666667,False,False,False,False
1469,8.142776560291287,7.110919665956013,0.972027972027972,False,False,False,False
1470,8.708418527577154,7.108211796212197,0.9726027397260274,False,False,False,False
1471,8.31136756747129,7.111484511655375,0.9534883720930233,False,False,False,False
1472,9.071614226192375,7.122902047319835,0.9927536231884058,False,False,False,False
1473,9.432810033592473,7.133531655571604,1.0,False,False,False,False
1474,9.23301748504123,7.1406123161061785,0.9864864864864865,False,False,False,False
1475,8.699245763145205,7.136460108475767,0.9345238095238095,False,False,False,False
1476,8.575643164895515,7.1378724143947,0.9675324675324676,False,False,False,False
1477,8.931357648440299,7.131378156863519,0.9939393939393939,False,False,False,False
1478,8.96821173868917,7.12839238619057,0.9807692307692307,False,False,False,False
1479,9.375783519299425,7.113519349469283,1.0,False,False,False,False
1480,9.494716470349081,7.092388573849631,0.9929078014184397,False,False,False,False
1481,9.568563191276654,7.097132156891881,0.9814814814814815,False,False,False,False
1482,9.539583873795475,7.08793673483097,0.9807692307692307,False,False,False,False
1483,9.93329197798306,7.082517435564406,0.9570552147239264,False,False,False,False
1484,9.949736856286995,7.085253405101516,0.9554140127388535,False,False,False,False
1485,9.652347557268904,7.0795367374645535,0.953125,False,False,False,False
1486,9.469224727530593,7.095798794287808,0.985,False,False,False,False
1487,9.651199573687933,7.100965616314948,0.96,False,False,False,False
1488,9.693800635943361,7.089809079485997,0.965,False,False,False,False
1489,9.795533307947288,7.095806223481574,0.94,False,False,False,False
1490,9.560643714582769,7.07898194652193,0.96,False,False,False,False
1491,9.58161951948093,7.089976347663271,0.995,False,False,False,False
1492,9.56604186452097,7.076513348086529,0.985,False,False,False,False
1493,9.364595113565397,7.1049085673095185,0.98,False,False,False,False
1494,8.645283146841427,7.097043124920718,0.9842931937172775,False,False,False,False
1495,9.274335762450336,7.1037961765499755,0.98,False,False,False,False
1496,9.106188989250445,7.115392379018521,0.96,False,False,False,False
1497,9.802300729769197,7.113623077462922,0.9536082474226805,False,False,False,False
1498,9.397115628103506,7.131503541916507,0.9933774834437086,False,False,False,False
1499,9.551180928589842,7.123188062638089,0.9943502824858758,False,False,False,False
