{
  "summary": {
    "coupled": {
      "kappa_mean": 0.7977180204586164,
      "joint_miss": {
        "mean": 0.25576748410535877,
        "lo": 0.24135351043073922,
        "hi": 0.2701814577799783,
        "n": 5,
        "sd": 0.01160859435038088,
        "half_width": 0.014413973674619551
      },
      "decoupled_miss": {
        "mean": 0.27138964577656677,
        "lo": 0.259785948516148,
        "hi": 0.28299334303698553,
        "n": 5,
        "sd": 0.009345279622510664,
        "half_width": 0.011603697260418754
      },
      "joint_acc": {
        "mean": 0.7761955088005869,
        "lo": 0.7665848210941767,
        "hi": 0.785806196506997,
        "n": 5,
        "sd": 0.0077401678073241225,
        "half_width": 0.009610687706410131
      },
      "decoupled_acc": {
        "mean": 0.7895657679373742,
        "lo": 0.7798808803739035,
        "hi": 0.799250655500845,
        "n": 5,
        "sd": 0.007799926209893524,
        "half_width": 0.009684887563470725
      },
      "miss_reduction_decoupled_minus_joint": {
        "mean": 0.015622161671208019,
        "lo": 0.0101062471138887,
        "hi": 0.021138076228527338,
        "n": 5,
        "sd": 0.004442356841543961,
        "half_width": 0.005515914557319319,
        "significant": true
      }
    },
    "uncoupled": {
      "kappa_mean": 0.0,
      "joint_miss": {
        "mean": 0.21235240690281562,
        "lo": 0.20545860262805135,
        "hi": 0.2192462111775799,
        "n": 5,
        "sd": 0.005552069065976866,
        "half_width": 0.006893804274764274
      },
      "decoupled_miss": {
        "mean": 0.21235240690281562,
        "lo": 0.20545860262805135,
        "hi": 0.2192462111775799,
        "n": 5,
        "sd": 0.005552069065976866,
        "half_width": 0.006893804274764274
      },
      "joint_acc": {
        "mean": 0.7401553551209783,
        "lo": 0.7363195835359637,
        "hi": 0.7439911267059929,
        "n": 5,
        "sd": 0.003089218653809338,
        "half_width": 0.0038357715850145524
      },
      "decoupled_acc": {
        "mean": 0.7401553551209783,
        "lo": 0.7363195835359637,
        "hi": 0.7439911267059929,
        "n": 5,
        "sd": 0.003089218653809338,
        "half_width": 0.0038357715850145524
      },
      "miss_reduction_decoupled_minus_joint": {
        "mean": 0.0,
        "lo": 0.0,
        "hi": 0.0,
        "n": 5,
        "sd": 0.0,
        "half_width": 0.0,
        "significant": false
      }
    },
    "verdict": "POSITIVE: joint reduces deadline-miss vs decoupled in the coupled regime by 1.6pp (95% CI excludes 0), and the benefit is smaller/absent in the uncoupled regime (0.0pp). The coupling drives the benefit."
  },
  "raw": {
    "coupled": {
      "joint": {
        "miss": [
          0.2506811989100817,
          0.23887375113533152,
          0.26672721768089613,
          0.26612170753860126,
          0.2564335452618831
        ],
        "acc": [
          0.7649398533341397,
          0.7793638715742318,
          0.7779571998610391,
          0.785675045906148,
          0.7730415733273759
        ]
      },
      "decoupled": {
        "miss": [
          0.26369966696942176,
          0.26067211625794734,
          0.2836815016651529,
          0.2761126248864669,
          0.272782319103845
        ],
        "acc": [
          0.7768176163018211,
          0.7948913127454728,
          0.7909982241437437,
          0.796591086099049,
          0.7885306003967845
        ]
      },
      "kappa": [
        0.7977180204586164,
        0.7977180204586164,
        0.7977180204586164,
        0.7977180204586164,
        0.7977180204586164
      ]
    },
    "uncoupled": {
      "joint": {
        "miss": [
          0.21707538601271573,
          0.21374508023009386,
          0.20920375416288223,
          0.20435967302452315,
          0.21737814108386316
        ],
        "acc": [
          0.7425891317120967,
          0.7350866368990666,
          0.7419185647556379,
          0.7418299801963603,
          0.7393524620417303
        ]
      },
      "decoupled": {
        "miss": [
          0.21707538601271573,
          0.21374508023009386,
          0.20920375416288223,
          0.20435967302452315,
          0.21737814108386316
        ],
        "acc": [
          0.7425891317120967,
          0.7350866368990666,
          0.7419185647556379,
          0.7418299801963603,
          0.7393524620417303
        ]
      },
      "kappa": [
        0.0,
        0.0,
        0.0,
        0.0,
        0.0
      ]
    }
  },
  "seeds": [
    0,
    1,
    2,
    3,
    4
  ]
}