{
  "summary": {
    "coupled": {
      "kappa_mean": 0.7903119190249948,
      "joint_miss": {
        "mean": 0.24933333333333332,
        "lo": 0.22375251015453815,
        "hi": 0.27491415651212847,
        "n": 5,
        "sd": 0.02060204952048325,
        "half_width": 0.025580823178795172
      },
      "decoupled_miss": {
        "mean": 0.2793333333333333,
        "lo": 0.2495736636918523,
        "hi": 0.30909300297481435,
        "n": 5,
        "sd": 0.02396757068299673,
        "half_width": 0.029759669641481037
      },
      "joint_acc": {
        "mean": 0.8768888888888888,
        "lo": 0.8260070305107686,
        "hi": 0.927770747267009,
        "n": 5,
        "sd": 0.04097876595578815,
        "half_width": 0.05088185837812021
      },
      "decoupled_acc": {
        "mean": 0.8802222222222221,
        "lo": 0.8293403638441019,
        "hi": 0.9311040806003423,
        "n": 5,
        "sd": 0.040978765955788116,
        "half_width": 0.05088185837812016
      },
      "miss_reduction_decoupled_minus_joint": {
        "mean": 0.03000000000000001,
        "lo": 0.024930927954027887,
        "hi": 0.03506907204597213,
        "n": 5,
        "sd": 0.004082482904638633,
        "half_width": 0.005069072045972122,
        "significant": true
      }
    },
    "uncoupled": {
      "kappa_mean": 0.09089031191902498,
      "joint_miss": {
        "mean": 0.22066666666666665,
        "lo": 0.1664331230819942,
        "hi": 0.2749002102513391,
        "n": 5,
        "sd": 0.043678115547465854,
        "half_width": 0.054233543584672445
      },
      "decoupled_miss": {
        "mean": 0.22066666666666665,
        "lo": 0.1664331230819942,
        "hi": 0.2749002102513391,
        "n": 5,
        "sd": 0.043678115547465854,
        "half_width": 0.054233543584672445
      },
      "joint_acc": {
        "mean": 0.8548888888888888,
        "lo": 0.8355839725748536,
        "hi": 0.874193805202924,
        "n": 5,
        "sd": 0.015547617021966,
        "half_width": 0.019304916314035206
      },
      "decoupled_acc": {
        "mean": 0.8548888888888888,
        "lo": 0.8355839725748536,
        "hi": 0.874193805202924,
        "n": 5,
        "sd": 0.015547617021966,
        "half_width": 0.019304916314035206
      },
      "miss_reduction_decoupled_minus_joint": {
        "mean": 0.0,
        "lo": 0.0,
        "hi": 0.0,
        "n": 5,
        "sd": 0.0,
        "half_width": 0.0,
        "significant": false
      }
    },
    "verdict": "POSITIVE: joint reduces deadline-miss vs decoupled in the coupled regime by 3.0pp (95% CI excludes 0), and the benefit is smaller/absent in the uncoupled regime (0.0pp). The coupling drives the benefit."
  },
  "raw": {
    "coupled": {
      "joint": {
        "miss": [
          0.27666666666666667,
          0.24666666666666667,
          0.23,
          0.23,
          0.2633333333333333
        ],
        "acc": [
          0.9,
          0.8788888888888887,
          0.8055555555555555,
          0.8966666666666666,
          0.9033333333333333
        ]
      },
      "decoupled": {
        "miss": [
          0.31,
          0.27666666666666667,
          0.25333333333333335,
          0.26,
          0.2966666666666667
        ],
        "acc": [
          0.9033333333333333,
          0.8822222222222221,
          0.8088888888888889,
          0.9,
          0.9066666666666666
        ]
      },
      "kappa": [
        0.7903119190249948,
        0.7903119190249948,
        0.7903119190249948,
        0.7903119190249948,
        0.7903119190249948
      ]
    },
    "uncoupled": {
      "joint": {
        "miss": [
          0.15333333333333332,
          0.26666666666666666,
          0.22333333333333333,
          0.21,
          0.25
        ],
        "acc": [
          0.8388888888888889,
          0.8733333333333333,
          0.8422222222222222,
          0.851111111111111,
          0.8688888888888887
        ]
      },
      "decoupled": {
        "miss": [
          0.15333333333333332,
          0.26666666666666666,
          0.22333333333333333,
          0.21,
          0.25
        ],
        "acc": [
          0.8388888888888889,
          0.8733333333333333,
          0.8422222222222222,
          0.851111111111111,
          0.8688888888888887
        ]
      },
      "kappa": [
        0.09089031191902498,
        0.09089031191902498,
        0.09089031191902498,
        0.09089031191902498,
        0.09089031191902498
      ]
    }
  },
  "seeds": [
    0,
    1,
    2,
    3,
    4
  ]
}