{
  "track": "outputs/trackD_snow_1_0",
  "regime": "coupled",
  "train_frac": 0.7,
  "n_configs": 4,
  "mlp_train_acc": 0.7257142857142858,
  "joint_miss": {
    "mean": 0.28888888888888886,
    "lo": 0.14094041157494577,
    "hi": 0.436837366202832,
    "n": 5,
    "sd": 0.1191533921640401,
    "half_width": 0.1479484773139431
  },
  "learned_miss": {
    "mean": 0.3244444444444444,
    "lo": 0.11062456462131648,
    "hi": 0.5382643242675724,
    "n": 5,
    "sd": 0.17220430014274998,
    "half_width": 0.21381987982312795
  },
  "joint_acc": {
    "mean": 0.8188571428571427,
    "lo": 0.7423556313838001,
    "hi": 0.8953586543304853,
    "n": 5,
    "sd": 0.061612087959393574,
    "half_width": 0.07650151147334262
  },
  "learned_acc": {
    "mean": 0.8516825396825396,
    "lo": 0.7386748220026408,
    "hi": 0.9646902573624384,
    "n": 5,
    "sd": 0.09101312258660949,
    "half_width": 0.11300771767989884
  },
  "learned_minus_joint_miss": {
    "mean": 0.03555555555555556,
    "lo": -0.2322128852191434,
    "hi": 0.30332399633025453,
    "n": 5,
    "sd": 0.21565289898238368,
    "half_width": 0.26776844077469897,
    "significant": false
  },
  "verdict": "MATCH (no significant difference): joint 0.289 vs learned 0.324 (CI [-23.22,30.33]pp). On the same features a learned function matches the belief-space policy; an honest finding.",
  "raw": {
    "joint": {
      "miss": [
        0.1111111111111111,
        0.36666666666666664,
        0.4111111111111111,
        0.23333333333333334,
        0.32222222222222224
      ],
      "acc": [
        0.7584126984126983,
        0.8673015873015872,
        0.9006349206349206,
        0.7895238095238094,
        0.7784126984126983
      ]
    },
    "learned": {
      "miss": [
        0.3888888888888889,
        0.4222222222222222,
        0.16666666666666666,
        0.12222222222222222,
        0.5222222222222223
      ],
      "acc": [
        0.9111111111111111,
        0.9392592592592592,
        0.7666666666666667,
        0.7407407407407406,
        0.9006349206349206
      ]
    },
    "train_acc": [
      0.7285714285714285,
      0.8380952380952381,
      0.680952380952381,
      0.6619047619047619,
      0.719047619047619
    ]
  }
}