{
  "device": "mps",
  "n_frames": 300,
  "deadline_ms": 217.50722941942513,
  "ordering_sensible": true,
  "degenerate_all_meet_deadline": false,
  "cpu_fallbacks": {
    "C1": false,
    "C2": false,
    "C3": false,
    "C4": false
  },
  "frontier": [
    {
      "config": "C1",
      "model": "yolo11x",
      "imgsz": 1280,
      "half": false,
      "cpu_fallback": false,
      "acc_overall": 1.0,
      "lat_median_nom_ms": 217.50722941942513,
      "lat_p95_nom_ms": 219.66541704023257,
      "lat_median_con_ms": 434.07356296665967,
      "lat_p95_con_ms": 461.45548834465444,
      "meets_deadline_nom": true,
      "meets_deadline_con": false,
      "acc_blur": NaN,
      "acc_illumination": NaN,
      "acc_occlusion": 1.0,
      "acc_nominal": 1.0
    },
    {
      "config": "C2",
      "model": "yolo11x",
      "imgsz": 640,
      "half": false,
      "cpu_fallback": false,
      "acc_overall": 0.6909841269841269,
      "lat_median_nom_ms": 58.29860444646329,
      "lat_p95_nom_ms": 59.78424800559878,
      "lat_median_con_ms": 143.38968705851585,
      "lat_p95_con_ms": 154.48371601523831,
      "meets_deadline_nom": true,
      "meets_deadline_con": true,
      "acc_blur": NaN,
      "acc_illumination": NaN,
      "acc_occlusion": 0.6666666666666666,
      "acc_nominal": 0.6919973544973544
    },
    {
      "config": "C3",
      "model": "yolo11n",
      "imgsz": 1280,
      "half": false,
      "cpu_fallback": false,
      "acc_overall": 0.6554444444444444,
      "lat_median_nom_ms": 12.481270940043032,
      "lat_p95_nom_ms": 14.017054357100278,
      "lat_median_con_ms": 45.978020527400076,
      "lat_p95_con_ms": 51.66790027869865,
      "meets_deadline_nom": true,
      "meets_deadline_con": true,
      "acc_blur": NaN,
      "acc_illumination": NaN,
      "acc_occlusion": 0.9166666666666666,
      "acc_nominal": 0.6445601851851852
    },
    {
      "config": "C4",
      "model": "yolo11n",
      "imgsz": 640,
      "half": false,
      "cpu_fallback": false,
      "acc_overall": 0.6577936507936508,
      "lat_median_nom_ms": 5.127125070430338,
      "lat_p95_nom_ms": 6.668135349173099,
      "lat_median_con_ms": 22.664562449790537,
      "lat_p95_con_ms": 31.596421019639816,
      "meets_deadline_nom": true,
      "meets_deadline_con": true,
      "acc_blur": NaN,
      "acc_illumination": NaN,
      "acc_occlusion": 0.9166666666666666,
      "acc_nominal": 0.6470072751322751
    }
  ]
}