{
  "track": "outputs/trackA_309",
  "regime": "coupled",
  "train_frac": 0.7,
  "n_configs": 4,
  "mlp_train_acc": 0.7085714285714286,
  "joint_miss": {
    "mean": 0.4222222222222222,
    "lo": 0.2739524666204547,
    "hi": 0.5704919778239897,
    "n": 5,
    "sd": 0.11941214033447041,
    "half_width": 0.1482697556017675
  },
  "learned_miss": {
    "mean": 0.22222222222222218,
    "lo": 0.11670107295277835,
    "hi": 0.327743371491666,
    "n": 5,
    "sd": 0.08498365855987976,
    "half_width": 0.10552114926944384
  },
  "joint_acc": {
    "mean": 0.9933333333333334,
    "lo": 0.985776806881575,
    "hi": 1.0008898597850917,
    "n": 5,
    "sd": 0.0060858061945018235,
    "half_width": 0.007556526451758368
  },
  "learned_acc": {
    "mean": 0.9911111111111112,
    "lo": 0.9849412330995605,
    "hi": 0.9972809891226618,
    "n": 5,
    "sd": 0.004969039949999515,
    "half_width": 0.00616987801155063
  },
  "learned_minus_joint_miss": {
    "mean": -0.19999999999999998,
    "lo": -0.30231585183288784,
    "hi": -0.09768414816711214,
    "n": 5,
    "sd": 0.08240220541217402,
    "half_width": 0.10231585183288784,
    "significant": true
  },
  "verdict": "LEARNED WINS: learned 0.222 < joint 0.422. The features carry the signal; the joint structure is not necessary on this track.",
  "raw": {
    "joint": {
      "miss": [
        0.3888888888888889,
        0.5111111111111111,
        0.5777777777777777,
        0.28888888888888886,
        0.34444444444444444
      ],
      "acc": [
        0.9888888888888889,
        1.0,
        1.0,
        0.9888888888888889,
        0.9888888888888889
      ]
    },
    "learned": {
      "miss": [
        0.26666666666666666,
        0.26666666666666666,
        0.3,
        0.18888888888888888,
        0.08888888888888889
      ],
      "acc": [
        0.9888888888888889,
        1.0,
        0.9888888888888889,
        0.9888888888888889,
        0.9888888888888889
      ]
    },
    "train_acc": [
      0.7285714285714285,
      0.7142857142857143,
      0.680952380952381,
      0.7142857142857143,
      0.7047619047619048
    ]
  }
}