{
  "track": "outputs/trackA_309",
  "kappa_cal": 0.7903119190249948,
  "seeds": [
    0,
    1,
    2,
    3,
    4
  ],
  "deadline_ms": 237.65991686377674,
  "miss": {
    "joint": {
      "mean": 0.24933333333333332,
      "lo": 0.22375251015453815,
      "hi": 0.27491415651212847,
      "n": 5,
      "sd": 0.02060204952048325,
      "half_width": 0.025580823178795172
    },
    "decoupled": {
      "mean": 0.2793333333333333,
      "lo": 0.2495736636918523,
      "hi": 0.30909300297481435,
      "n": 5,
      "sd": 0.02396757068299673,
      "half_width": 0.029759669641481037
    },
    "threshold": {
      "mean": 0.24933333333333332,
      "lo": 0.22375251015453815,
      "hi": 0.27491415651212847,
      "n": 5,
      "sd": 0.02060204952048325,
      "half_width": 0.025580823178795172
    }
  },
  "utility": {
    "joint": {
      "mean": 0.6275555555555556,
      "lo": 0.5862427047659774,
      "hi": 0.6688684063451339,
      "n": 5,
      "sd": 0.0332721661007671,
      "half_width": 0.04131285078957822
    },
    "decoupled": {
      "mean": 0.6008888888888888,
      "lo": 0.5628877492074558,
      "hi": 0.6388900285703218,
      "n": 5,
      "sd": 0.03060501048303474,
      "half_width": 0.038001139681433024
    },
    "threshold": {
      "mean": 0.6275555555555556,
      "lo": 0.5862427047659774,
      "hi": 0.6688684063451339,
      "n": 5,
      "sd": 0.0332721661007671,
      "half_width": 0.04131285078957822
    }
  },
  "joint_minus_threshold_miss": {
    "mean": 0.0,
    "lo": 0.0,
    "hi": 0.0,
    "n": 5,
    "sd": 0.0,
    "half_width": 0.0,
    "significant": false
  },
  "threshold_vs_decoupled_miss": {
    "mean": 0.03000000000000001,
    "lo": 0.024930927954027887,
    "hi": 0.03506907204597213,
    "n": 5,
    "sd": 0.004082482904638633,
    "half_width": 0.005069072045972122,
    "significant": true
  },
  "utility_joint_minus_decoupled": {
    "mean": 0.026666666666666637,
    "lo": 0.021597594620694542,
    "hi": 0.03173573871263873,
    "n": 5,
    "sd": 0.0040824829046386115,
    "half_width": 0.005069072045972094,
    "significant": true
  },
  "rqh_miss_reduction_dec_minus_joint": {
    "mean": 0.03000000000000001,
    "lo": 0.024930927954027887,
    "hi": 0.03506907204597213,
    "n": 5,
    "sd": 0.004082482904638633,
    "half_width": 0.005069072045972122,
    "significant": true
  },
  "bootstrap_miss_reduction": {
    "block": 50,
    "B": 2000,
    "mean_pp": 3.0,
    "lo_pp": 0.6,
    "hi_pp": 4.801666666666658
  }
}