{
  "device": "mps",
  "n_frames": 300,
  "deadline_ms": 218.48325000610203,
  "ordering_sensible": true,
  "degenerate_all_meet_deadline": false,
  "cpu_fallbacks": {
    "C1": false,
    "C2": false,
    "C3": false,
    "C4": false
  },
  "frontier": [
    {
      "config": "C1",
      "model": "yolo11x",
      "imgsz": 1280,
      "half": false,
      "cpu_fallback": false,
      "acc_overall": 1.0,
      "lat_median_nom_ms": 218.48325000610203,
      "lat_p95_nom_ms": 222.58505438221619,
      "lat_median_con_ms": 451.1683330638334,
      "lat_p95_con_ms": 469.06174435280263,
      "meets_deadline_nom": true,
      "meets_deadline_con": false,
      "acc_blur": NaN,
      "acc_illumination": NaN,
      "acc_occlusion": 1.0,
      "acc_nominal": 1.0
    },
    {
      "config": "C2",
      "model": "yolo11x",
      "imgsz": 640,
      "half": false,
      "cpu_fallback": false,
      "acc_overall": 0.8253253968253969,
      "lat_median_nom_ms": 58.569207903929055,
      "lat_p95_nom_ms": 60.23743759142235,
      "lat_median_con_ms": 143.3023544959724,
      "lat_p95_con_ms": 154.2200499563478,
      "meets_deadline_nom": true,
      "meets_deadline_con": true,
      "acc_blur": NaN,
      "acc_illumination": NaN,
      "acc_occlusion": 0.8497198879551822,
      "acc_nominal": 0.8222073039742213
    },
    {
      "config": "C3",
      "model": "yolo11n",
      "imgsz": 1280,
      "half": false,
      "cpu_fallback": false,
      "acc_overall": 0.775,
      "lat_median_nom_ms": 14.035708038136363,
      "lat_p95_nom_ms": 15.450512780807912,
      "lat_median_con_ms": 48.5699794953689,
      "lat_p95_con_ms": 58.239914930891246,
      "meets_deadline_nom": true,
      "meets_deadline_con": true,
      "acc_blur": NaN,
      "acc_illumination": NaN,
      "acc_occlusion": 0.7156862745098039,
      "acc_nominal": 0.7825814536340853
    },
    {
      "config": "C4",
      "model": "yolo11n",
      "imgsz": 640,
      "half": false,
      "cpu_fallback": false,
      "acc_overall": 0.778,
      "lat_median_nom_ms": 6.2872914131730795,
      "lat_p95_nom_ms": 6.688250205479562,
      "lat_median_con_ms": 23.738958523608744,
      "lat_p95_con_ms": 30.91738815419376,
      "meets_deadline_nom": true,
      "meets_deadline_con": true,
      "acc_blur": NaN,
      "acc_illumination": NaN,
      "acc_occlusion": 0.6852941176470588,
      "acc_nominal": 0.7898496240601505
    }
  ]
}