{
  "device": "cuda",
  "n_frames": 300,
  "deadline_ms": 772.340700001223,
  "ordering_sensible": true,
  "degenerate_all_meet_deadline": true,
  "cpu_fallbacks": {
    "C1": false,
    "C2": false,
    "C3": false,
    "C4": false
  },
  "frontier": [
    {
      "config": "C1",
      "model": "yolo11x",
      "imgsz": 1280,
      "half": true,
      "cpu_fallback": false,
      "acc_overall": 1.0,
      "lat_median_nom_ms": 772.340700001223,
      "lat_p95_nom_ms": 1047.642535005434,
      "lat_median_con_ms": 1388.6844500011648,
      "lat_p95_con_ms": 1667.891294993751,
      "meets_deadline_nom": true,
      "meets_deadline_con": false,
      "acc_blur": NaN,
      "acc_illumination": 1.0,
      "acc_occlusion": NaN,
      "acc_nominal": 1.0
    },
    {
      "config": "C2",
      "model": "yolo11x",
      "imgsz": 640,
      "half": true,
      "cpu_fallback": false,
      "acc_overall": 0.7488888888888888,
      "lat_median_nom_ms": 186.96814999566413,
      "lat_p95_nom_ms": 430.570619993523,
      "lat_median_con_ms": 912.2040500005824,
      "lat_p95_con_ms": 1018.8397600009922,
      "meets_deadline_nom": true,
      "meets_deadline_con": false,
      "acc_blur": NaN,
      "acc_illumination": 0.8085106382978723,
      "acc_occlusion": NaN,
      "acc_nominal": 0.7216828478964402
    },
    {
      "config": "C3",
      "model": "yolo11n",
      "imgsz": 1280,
      "half": true,
      "cpu_fallback": false,
      "acc_overall": 0.72,
      "lat_median_nom_ms": 208.4454000068945,
      "lat_p95_nom_ms": 381.3662199980172,
      "lat_median_con_ms": 712.1335499978159,
      "lat_p95_con_ms": 907.5523250001424,
      "meets_deadline_nom": true,
      "meets_deadline_con": true,
      "acc_blur": NaN,
      "acc_illumination": 0.8085106382978723,
      "acc_occlusion": NaN,
      "acc_nominal": 0.6796116504854369
    },
    {
      "config": "C4",
      "model": "yolo11n",
      "imgsz": 640,
      "half": true,
      "cpu_fallback": false,
      "acc_overall": 0.7166666666666667,
      "lat_median_nom_ms": 151.18105000146898,
      "lat_p95_nom_ms": 403.0035750074602,
      "lat_median_con_ms": 656.9732000061776,
      "lat_p95_con_ms": 758.9296999962244,
      "meets_deadline_nom": true,
      "meets_deadline_con": true,
      "acc_blur": NaN,
      "acc_illumination": 0.8085106382978723,
      "acc_occlusion": NaN,
      "acc_nominal": 0.6747572815533981
    }
  ]
}