{
  "track": "outputs/trackD_night_1_0",
  "regime": "coupled",
  "train_frac": 0.7,
  "n_configs": 4,
  "mlp_train_acc": 0.7352380952380952,
  "joint_miss": {
    "mean": 0.42666666666666664,
    "lo": 0.2837570545181698,
    "hi": 0.5695762788151635,
    "n": 5,
    "sd": 0.1150952370006983,
    "half_width": 0.14290961214849687
  },
  "learned_miss": {
    "mean": 0.16888888888888887,
    "lo": -0.004362779799013533,
    "hi": 0.3421405575767913,
    "n": 5,
    "sd": 0.13953184511956093,
    "half_width": 0.1732516686879024
  },
  "joint_acc": {
    "mean": 0.9955555555555555,
    "lo": 0.9879990291037971,
    "hi": 1.0031120820073138,
    "n": 5,
    "sd": 0.0060858061945018235,
    "half_width": 0.007556526451758368
  },
  "learned_acc": {
    "mean": 0.9911111111111112,
    "lo": 0.9849412330995605,
    "hi": 0.9972809891226618,
    "n": 5,
    "sd": 0.004969039949999515,
    "half_width": 0.00616987801155063
  },
  "learned_minus_joint_miss": {
    "mean": -0.2577777777777778,
    "lo": -0.41670454194437645,
    "hi": -0.09885101361117912,
    "n": 5,
    "sd": 0.1279949844696374,
    "half_width": 0.15892676416659865,
    "significant": true
  },
  "verdict": "LEARNED WINS: learned 0.169 < joint 0.427. The features carry the signal; the joint structure is not necessary on this track.",
  "raw": {
    "joint": {
      "miss": [
        0.26666666666666666,
        0.4444444444444444,
        0.5666666666666667,
        0.4888888888888889,
        0.36666666666666664
      ],
      "acc": [
        0.9888888888888889,
        1.0,
        1.0,
        1.0,
        0.9888888888888889
      ]
    },
    "learned": {
      "miss": [
        0.17777777777777778,
        0.044444444444444446,
        0.4,
        0.14444444444444443,
        0.07777777777777778
      ],
      "acc": [
        0.9888888888888889,
        0.9888888888888889,
        1.0,
        0.9888888888888889,
        0.9888888888888889
      ]
    },
    "train_acc": [
      0.7333333333333333,
      0.7047619047619048,
      0.7523809523809524,
      0.6952380952380952,
      0.7904761904761904
    ]
  }
}